  0
SECTION
  2
HEADER
  9
$ACADVER
  1
AC1015
  9
$ACADMAINTVER
 70
     6
  9
$DWGCODEPAGE
  3
ANSI_936
  9
$INSBASE
 10
0.0
 20
0.0
 30
0.0
  9
$EXTMIN
 10
0.0
 20
0.0
 30
0.0
  9
$EXTMAX
 10
420.0
 20
297.0
 30
0.0
  9
$LIMMIN
 10
0.0
 20
0.0
  9
$LIMMAX
 10
420.0
 20
297.0
  9
$ORTHOMODE
 70
     0
  9
$REGENMODE
 70
     1
  9
$FILLMODE
 70
     1
  9
$QTEXTMODE
 70
     0
  9
$MIRRTEXT
 70
     1
  9
$LTSCALE
 40
1.0
  9
$ATTMODE
 70
     1
  9
$TEXTSIZE
 40
0.2
  9
$TRACEWID
 40
0.05
  9
$TEXTSTYLE
  7
Standard
  9
$CLAYER
  8
0
  9
$CELTYPE
  6
ByLayer
  9
$CECOLOR
 62
   256
  9
$CELTSCALE
 40
25.4
  9
$DISPSILH
 70
     0
  9
$DIMSCALE
 40
1.0
  9
$DIMASZ
 40
0.18
  9
$DIMEXO
 40
0.0625
  9
$DIMDLI
 40
0.38
  9
$DIMRND
 40
0.0
  9
$DIMDLE
 40
0.0
  9
$DIMEXE
 40
0.18
  9
$DIMTP
 40
0.0
  9
$DIMTM
 40
0.0
  9
$DIMTXT
 40
0.18
  9
$DIMCEN
 40
0.09
  9
$DIMTSZ
 40
0.0
  9
$DIMTOL
 70
     0
  9
$DIMLIM
 70
     0
  9
$DIMTIH
 70
     1
  9
$DIMTOH
 70
     1
  9
$DIMSE1
 70
     0
  9
$DIMSE2
 70
     0
  9
$DIMTAD
 70
     0
  9
$DIMZIN
 70
     0
  9
$DIMBLK
  1

  9
$DIMASO
 70
     1
  9
$DIMSHO
 70
     1
  9
$DIMPOST
  1

  9
$DIMAPOST
  1

  9
$DIMALT
 70
     0
  9
$DIMALTD
 70
     2
  9
$DIMALTF
 40
25.4
  9
$DIMLFAC
 40
1.0
  9
$DIMTOFL
 70
     0
  9
$DIMTVP
 40
0.0
  9
$DIMTIX
 70
     0
  9
$DIMSOXD
 70
     0
  9
$DIMSAH
 70
     0
  9
$DIMBLK1
  1

  9
$DIMBLK2
  1

  9
$DIMSTYLE
  2
Standard
  9
$DIMCLRD
 70
     0
  9
$DIMCLRE
 70
     0
  9
$DIMCLRT
 70
     0
  9
$DIMTFAC
 40
1.0
  9
$DIMGAP
 40
0.09
  9
$DIMJUST
 70
     0
  9
$DIMSD1
 70
     0
  9
$DIMSD2
 70
     0
  9
$DIMTOLJ
 70
     1
  9
$DIMTZIN
 70
     0
  9
$DIMALTZ
 70
     0
  9
$DIMALTTZ
 70
     0
  9
$DIMUPT
 70
     0
  9
$DIMDEC
 70
     4
  9
$DIMTDEC
 70
     4
  9
$DIMALTU
 70
     2
  9
$DIMALTTD
 70
     2
  9
$DIMTXSTY
  7
Standard
  9
$DIMAUNIT
 70
     0
  9
$DIMADEC
 70
     0
  9
$DIMALTRND
 40
0.0
  9
$DIMAZIN
 70
     0
  9
$DIMDSEP
 70
    46
  9
$DIMATFIT
 70
     3
  9
$DIMFRAC
 70
     0
  9
$DIMLDRBLK
  1

  9
$DIMLUNIT
 70
     2
  9
$DIMLWD
 70
    -2
  9
$DIMLWE
 70
    -2
  9
$DIMTMOVE
 70
     0
  9
$LUNITS
 70
     2
  9
$LUPREC
 70
     4
  9
$SKETCHINC
 40
0.1
  9
$FILLETRAD
 40
0.5
  9
$AUNITS
 70
     0
  9
$AUPREC
 70
     0
  9
$MENU
  1
.
  9
$ELEVATION
 40
0.0
  9
$PELEVATION
 40
0.0
  9
$THICKNESS
 40
0.0
  9
$LIMCHECK
 70
     0
  9
$CHAMFERA
 40
0.5
  9
$CHAMFERB
 40
0.5
  9
$CHAMFERC
 40
1.0
  9
$CHAMFERD
 40
0.0
  9
$SKPOLY
 70
     0
  9
$TDCREATE
 40
2455964.632097546
  9
$TDUCREATE
 40
2455964.298764213
  9
$TDUPDATE
 40
2455964.632097558
  9
$TDUUPDATE
 40
2455964.298764225
  9
$TDINDWG
 40
0.0000000116
  9
$TDUSRTIMER
 40
0.0000000116
  9
$USRTIMER
 70
     1
  9
$ANGBASE
 50
0.0
  9
$ANGDIR
 70
     0
  9
$PDMODE
 70
     0
  9
$PDSIZE
 40
0.0
  9
$PLINEWID
 40
0.0
  9
$SPLFRAME
 70
     0
  9
$SPLINETYPE
 70
     6
  9
$SPLINESEGS
 70
     8
  9
$HANDSEED
  5
ACF
  9
$SURFTAB1
 70
     6
  9
$SURFTAB2
 70
     6
  9
$SURFTYPE
 70
     6
  9
$SURFU
 70
     6
  9
$SURFV
 70
     6
  9
$UCSBASE
  2

  9
$UCSNAME
  2

  9
$UCSORG
 10
0.0
 20
0.0
 30
0.0
  9
$UCSXDIR
 10
1.0
 20
0.0
 30
0.0
  9
$UCSYDIR
 10
0.0
 20
1.0
 30
0.0
  9
$UCSORTHOREF
  2

  9
$UCSORTHOVIEW
 70
     0
  9
$UCSORGTOP
 10
0.0
 20
0.0
 30
0.0
  9
$UCSORGBOTTOM
 10
0.0
 20
0.0
 30
0.0
  9
$UCSORGLEFT
 10
0.0
 20
0.0
 30
0.0
  9
$UCSORGRIGHT
 10
0.0
 20
0.0
 30
0.0
  9
$UCSORGFRONT
 10
0.0
 20
0.0
 30
0.0
  9
$UCSORGBACK
 10
0.0
 20
0.0
 30
0.0
  9
$PUCSBASE
  2

  9
$PUCSNAME
  2

  9
$PUCSORG
 10
0.0
 20
0.0
 30
0.0
  9
$PUCSXDIR
 10
1.0
 20
0.0
 30
0.0
  9
$PUCSYDIR
 10
0.0
 20
1.0
 30
0.0
  9
$PUCSORTHOREF
  2

  9
$PUCSORTHOVIEW
 70
     0
  9
$PUCSORGTOP
 10
0.0
 20
0.0
 30
0.0
  9
$PUCSORGBOTTOM
 10
0.0
 20
0.0
 30
0.0
  9
$PUCSORGLEFT
 10
0.0
 20
0.0
 30
0.0
  9
$PUCSORGRIGHT
 10
0.0
 20
0.0
 30
0.0
  9
$PUCSORGFRONT
 10
0.0
 20
0.0
 30
0.0
  9
$PUCSORGBACK
 10
0.0
 20
0.0
 30
0.0
  9
$USERI1
 70
     0
  9
$USERI2
 70
     0
  9
$USERI3
 70
     0
  9
$USERI4
 70
     0
  9
$USERI5
 70
     0
  9
$USERR1
 40
0.0
  9
$USERR2
 40
0.0
  9
$USERR3
 40
0.0
  9
$USERR4
 40
0.0
  9
$USERR5
 40
0.0
  9
$WORLDVIEW
 70
     1
  9
$SHADEDGE
 70
     3
  9
$SHADEDIF
 70
    70
  9
$TILEMODE
 70
     1
  9
$MAXACTVP
 70
    64
  9
$PINSBASE
 10
0.0
 20
0.0
 30
0.0
  9
$PLIMCHECK
 70
     0
  9
$PEXTMIN
 10
0.0
 20
0.0
 30
0.0
  9
$PEXTMAX
 10
420.0
 20
297.0
 30
0.0
  9
$PLIMMIN
 10
0.0
 20
0.0
  9
$PLIMMAX
 10
420.0
 20
297.0
  9
$UNITMODE
 70
     0
  9
$VISRETAIN
 70
     1
  9
$PLINEGEN
 70
     0
  9
$PSLTSCALE
 70
     1
  9
$TREEDEPTH
 70
  3020
  9
$CMLSTYLE
  2
Standard
  9
$CMLJUST
 70
     0
  9
$CMLSCALE
 40
1.0
  9
$PROXYGRAPHICS
 70
     1
  9
$MEASUREMENT
 70
     1
  9
$CELWEIGHT
370
    -1
  9
$ENDCAPS
280
     0
  9
$JOINSTYLE
280
     0
  9
$LWDISPLAY
290
     0
  9
$INSUNITS
 70
     1
  9
$HYPERLINKBASE
  1

  9
$STYLESHEET
  1

  9
$XEDIT
290
     1
  9
$CEPSNTYPE
380
     0
  9
$PSTYLEMODE
290
     1
  9
$FINGERPRINTGUID
  2
{F421083C-9CA1-4D7C-A939-A7FB2F0FDE44}
  9
$VERSIONGUID
  2
{FAEB1C32-E019-11D5-929B-00C0DF256EC4}
  9
$EXTNAMES
290
     1
  9
$PSVPSCALE
 40
0.0
  9
$OLESTARTUP
290
     0
  0
ENDSEC
  0
SECTION
  2
CLASSES
  0
CLASS
  1
ACDBDICTIONARYWDFLT
  2
AcDbDictionaryWithDefault
  3
ObjectDBX Classes
 90
        0
280
     0
281
     0
  0
CLASS
  1
ACDBPLACEHOLDER
  2
AcDbPlaceHolder
  3
ObjectDBX Classes
 90
        0
280
     0
281
     0
  0
CLASS
  1
LAYOUT
  2
AcDbLayout
  3
ObjectDBX Classes
 90
        0
280
     0
281
     0
  0
ENDSEC
  0
SECTION
  2
TABLES
  0
TABLE
  2
VPORT
  5
8
330
0
100
AcDbSymbolTable
 70
     1
  0
VPORT
  5
29
330
8
100
AcDbSymbolTableRecord
100
AcDbViewportTableRecord
  2
*Active
 70
     0
 10
0.0
 20
0.0
 11
1.0
 21
1.0
 12
10.4299065421
 22
4.5
 13
0.0
 23
0.0
 14
0.5
 24
0.5
 15
0.5
 25
0.5
 16
0.0
 26
0.0
 36
1.0
 17
0.0
 27
0.0
 37
0.0
 40
9.0
 41
1.9729729729
 42
50.0
 43
0.0
 44
0.0
 50
0.0
 51
0.0
 71
     0
 72
   100
 73
     1
 74
     3
 75
     0
 76
     0
 77
     0
 78
     0
281
     0
 65
     1
110
0.0
120
0.0
130
0.0
111
1.0
121
0.0
131
0.0
112
0.0
122
1.0
132
0.0
 79
     0
146
0.0
  0
ENDTAB
  0
TABLE
  2
LTYPE
  5
5
330
0
100
AcDbSymbolTable
 70
     2
  0
LTYPE
  5
14
330
5
100
AcDbSymbolTableRecord
100
AcDbLinetypeTableRecord
  2
ByBlock
 70
     0
  3

 72
    65
 73
     0
 40
0.0
  0
LTYPE
  5
15
330
5
100
AcDbSymbolTableRecord
100
AcDbLinetypeTableRecord
  2
ByLayer
 70
     0
  3

 72
    65
 73
     0
 40
0.0
  0
LTYPE
  5
16
330
5
100
AcDbSymbolTableRecord
100
AcDbLinetypeTableRecord
  2
Continuous
 70
     0
  3
Solid line
 72
    65
 73
     0
 40
0.0
  0
LTYPE
  5
A3F
330
5
100
AcDbSymbolTableRecord
100
AcDbLinetypeTableRecord
  2
CENTER2
 70
     0
  3
___ _ ___ _ ___ _ ___ _ ___ _ ___ _ ___ _ ___ _
 72
    65
 73
     4
 40
1.125
 49
0.75
 74
     4
 75
     0
340
0
 46
0.0
 50
0.0
 44
0.0
 45
0.0
 49
-0.125
 74
     4
 75
     0
340
0
 46
0.0
 50
0.0
 44
0.0
 45
0.0
 49
0.125
 74
     4
 75
     0
340
0
 46
0.0
 50
0.0
 44
0.0
 45
0.0
 49
-0.125
 74
     4
 75
     0
340
0
 46
0.0
 50
0.0
 44
0.0
 45
0.0
  0
ENDTAB
  0
TABLE
  2
LAYER
  5
2
330
0
100
AcDbSymbolTable
 70
     3
  0
LAYER
  5
10
330
2
100
AcDbSymbolTableRecord
100
AcDbLayerTableRecord
  2
0
 70
     0
 62
     7
  6
Continuous
370
    -3
390
F
  0
LAYER
  5
2C
330
2
100
AcDbSymbolTableRecord
100
AcDbLayerTableRecord
  2
Default
 70
     0
 62
     7
  6
Continuous
370
    -3
390
F
  0
LAYER
  5
69
330
2
100
AcDbSymbolTableRecord
100
AcDbLayerTableRecord
  2
DV1_Default
 70
     0
 62
     7
  6
Continuous
370
    -3
390
F
  0
ENDTAB
  0
TABLE
  2
STYLE
  5
3
330
0
100
AcDbSymbolTable
 70
     5
  0
STYLE
  5
11
330
3
100
AcDbSymbolTableRecord
100
AcDbTextStyleTableRecord
  2
Standard
 70
     0
 40
0.0
 41
1.0
 50
0.0
 71
     0
 42
0.2
  3
txt
  4

  0
STYLE
  5
2A
330
3
100
AcDbSymbolTableRecord
100
AcDbTextStyleTableRecord
  2
SEACAD_arial_ttf
 70
     0
 40
0.2
 41
1.0
 50
0.0
 71
     0
 42
0.2
  3
arial.ttf
  4

  0
STYLE
  5
A51
330
3
100
AcDbSymbolTableRecord
100
AcDbTextStyleTableRecord
  2
SEACAD_seiso_ttf
 70
     0
 40
2.0
 41
1.0
 50
0.0
 71
     0
 42
0.2
  3
seiso.ttf
  4

  0
STYLE
  5
AA8
330
3
100
AcDbSymbolTableRecord
100
AcDbTextStyleTableRecord
  2
SEACAD_semeci1_ttf
 70
     0
 40
0.2
 41
1.0
 50
0.0
 71
     0
 42
0.2
  3
semeci1.ttf
  4

  0
STYLE
  5
AB9
330
3
100
AcDbSymbolTableRecord
100
AcDbTextStyleTableRecord
  2
SEACAD_arial_ttfB
 70
     0
 40
0.2
 41
1.0
 50
0.0
 71
     0
 42
0.2
  3
arial.ttf
  4

  0
ENDTAB
  0
TABLE
  2
VIEW
  5
6
330
0
100
AcDbSymbolTable
 70
     0
  0
ENDTAB
  0
TABLE
  2
UCS
  5
7
330
0
100
AcDbSymbolTable
 70
     0
  0
ENDTAB
  0
TABLE
  2
APPID
  5
9
330
0
100
AcDbSymbolTable
 70
     1
  0
APPID
  5
12
330
9
100
AcDbSymbolTableRecord
100
AcDbRegAppTableRecord
  2
ACAD
 70
     0
  0
ENDTAB
  0
TABLE
  2
DIMSTYLE
  5
A
330
0
100
AcDbSymbolTable
 70
     2
100
AcDbDimStyleTable
  0
DIMSTYLE
105
27
330
A
100
AcDbSymbolTableRecord
100
AcDbDimStyleTableRecord
  2
Standard
 70
     0
340
11
  0
DIMSTYLE
105
A52
102
{ACAD_REACTORS
330
A53
330
A5F
330
A6B
330
A77
330
A83
330
A8F
330
A9B
330
AA7
102
}
330
A
100
AcDbSymbolTableRecord
100
AcDbDimStyleTableRecord
  2
ISO
 70
     0
 41
2.0
 42
0.0
 44
1.0
 73
     0
 74
     0
 77
     1
 78
     8
140
2.0
141
1.0
144
12.5
147
1.0
172
     1
173
     1
176
     7
177
     7
178
     7
271
     2
272
     2
278
    44
284
     8
340
A51
343
A4C
344
A4C
  0
ENDTAB
  0
TABLE
  2
BLOCK_RECORD
  5
1
330
0
100
AcDbSymbolTable
 70
    12
  0
BLOCK_RECORD
  5
1F
330
1
100
AcDbSymbolTableRecord
100
AcDbBlockTableRecord
  2
*Model_Space
340
22
  0
BLOCK_RECORD
  5
1B
330
1
100
AcDbSymbolTableRecord
100
AcDbBlockTableRecord
  2
*Paper_Space
340
1E
  0
BLOCK_RECORD
  5
67
330
1
100
AcDbSymbolTableRecord
100
AcDbBlockTableRecord
  2
SE
340
0
102
{BLKREFS
331
68
102
}
  0
BLOCK_RECORD
  5
A4C
330
1
100
AcDbSymbolTableRecord
100
AcDbBlockTableRecord
  2
_SE_FILLED
340
0
  0
BLOCK_RECORD
  5
A54
330
1
100
AcDbSymbolTableRecord
100
AcDbBlockTableRecord
  2
DMBLK81
340
0
  0
BLOCK_RECORD
  5
A60
330
1
100
AcDbSymbolTableRecord
100
AcDbBlockTableRecord
  2
DMBLK82
340
0
  0
BLOCK_RECORD
  5
A6C
330
1
100
AcDbSymbolTableRecord
100
AcDbBlockTableRecord
  2
DMBLK83
340
0
  0
BLOCK_RECORD
  5
A78
330
1
100
AcDbSymbolTableRecord
100
AcDbBlockTableRecord
  2
DMBLK84
340
0
  0
BLOCK_RECORD
  5
A84
330
1
100
AcDbSymbolTableRecord
100
AcDbBlockTableRecord
  2
DMBLK85
340
0
  0
BLOCK_RECORD
  5
A90
330
1
100
AcDbSymbolTableRecord
100
AcDbBlockTableRecord
  2
DMBLK86
340
0
  0
BLOCK_RECORD
  5
A9C
330
1
100
AcDbSymbolTableRecord
100
AcDbBlockTableRecord
  2
DMBLK87
340
0
  0
BLOCK_RECORD
  5
AA9
330
1
100
AcDbSymbolTableRecord
100
AcDbBlockTableRecord
  2
DMBLK88
340
0
  0
BLOCK_RECORD
  5
AB5
330
1
100
AcDbSymbolTableRecord
100
AcDbBlockTableRecord
  2
819336
340
0
102
{BLKREFS
331
AB4
102
}
  0
ENDTAB
  0
ENDSEC
  0
SECTION
  2
BLOCKS
  0
BLOCK
  5
20
330
1F
100
AcDbEntity
  8
0
100
AcDbBlockBegin
  2
*Model_Space
 70
     0
 71
     0
 10
0.0
 20
0.0
 30
0.0
  3
*Model_Space
  1

  0
ENDBLK
  5
21
330
1F
100
AcDbEntity
  8
0
100
AcDbBlockEnd
  0
BLOCK
  5
1C
330
1B
100
AcDbEntity
 67
     1
  8
0
100
AcDbBlockBegin
  2
*Paper_Space
 70
     0
 71
     0
 10
0.0
 20
0.0
 30
0.0
  3
*Paper_Space
  1

  0
ENDBLK
  5
1D
330
1B
100
AcDbEntity
 67
     1
  8
0
100
AcDbBlockEnd
  0
BLOCK
  5
A4A
330
67
100
AcDbEntity
  8
0
100
AcDbBlockBegin
  2
SE
 70
     0
 71
     0
 10
0.0
 20
0.0
 30
0.0
  3
SE
  1

  0
LINE
  5
6A
330
67
100
AcDbEntity
  8
DV1_Default
  6
Continuous
 62
     7
 48
25.4
100
AcDbLine
 10
51.4745426351
 20
282.3841452482
 30
0.0
 11
51.4745426351
 21
107.1041452482
 31
0.0
  0
LINE
  5
6B
330
67
100
AcDbEntity
  8
DV1_Default
  6
Continuous
 62
     7
 48
25.4
100
AcDbLine
 10
51.4745426351
 20
107.1041452482
 30
0.0
 11
51.4745426351
 21
266.3841452482
 31
0.0
  0
LINE
  5
6C
330
67
100
AcDbEntity
  8
DV1_Default
  6
Continuous
 62
     7
 48
25.4
100
AcDbLine
 10
51.4745426351
 20
282.3841452482
 30
0.0
 11
51.4745426351
 21
107.1041452482
 31
0.0
  0
LINE
  5
6D
330
67
100
AcDbEntity
  8
DV1_Default
  6
Continuous
 62
     7
 48
25.4
100
AcDbLine
 10
51.4745426351
 20
107.1041452482
 30
0.0
 11
51.4745426351
 21
266.3841452482
 31
0.0
  0
LINE
  5
6E
330
67
100
AcDbEntity
  8
DV1_Default
  6
Continuous
 62
     7
 48
25.4
100
AcDbLine
 10
51.4745426351
 20
282.3841452482
 30
0.0
 11
51.4745426351
 21
107.1041452482
 31
0.0
  0
LINE
  5
6F
330
67
100
AcDbEntity
  8
DV1_Default
  6
Continuous
 62
     7
 48
25.4
100
AcDbLine
 10
51.4745426351
 20
107.1041452482
 30
0.0
 11
51.4745426351
 21
266.3841452482
 31
0.0
  0
LINE
  5
70
330
67
100
AcDbEntity
  8
DV1_Default
  6
Continuous
 62
     7
 48
25.4
100
AcDbLine
 10
51.4745426351
 20
282.3841452482
 30
0.0
 11
51.4745426351
 21
107.1041452482
 31
0.0
  0
LINE
  5
71
330
67
100
AcDbEntity
  8
DV1_Default
  6
Continuous
 62
     7
 48
25.4
100
AcDbLine
 10
51.4745426351
 20
107.1041452482
 30
0.0
 11
51.4745426351
 21
266.3841452482
 31
0.0
  0
LINE
  5
72
330
67
100
AcDbEntity
  8
DV1_Default
  6
Continuous
 62
     7
 48
25.4
100
AcDbLine
 10
51.4745426351
 20
282.3841452482
 30
0.0
 11
51.4745426351
 21
107.1041452482
 31
0.0
  0
LINE
  5
73
330
67
100
AcDbEntity
  8
DV1_Default
  6
Continuous
 62
     7
 48
25.4
100
AcDbLine
 10
51.4745426351
 20
107.1041452482
 30
0.0
 11
51.4745426351
 21
266.3841452482
 31
0.0
  0
LINE
  5
74
330
67
100
AcDbEntity
  8
DV1_Default
  6
Continuous
 62
     7
 48
25.4
100
AcDbLine
 10
51.4745426351
 20
282.3841452482
 30
0.0
 11
51.4745426351
 21
123.1041452482
 31
0.0
  0
LINE
  5
75
330
67
100
AcDbEntity
  8
DV1_Default
  6
Continuous
 62
     7
 48
25.4
100
AcDbLine
 10
51.4745426351
 20
107.1041452482
 30
0.0
 11
51.4745426351
 21
282.3841452482
 31
0.0
  0
LINE
  5
76
330
67
100
AcDbEntity
  8
DV1_Default
  6
Continuous
 62
     7
 48
25.4
100
AcDbLine
 10
51.4745426351
 20
107.1041452482
 30
0.0
 11
51.4745426351
 21
266.3841452482
 31
0.0
  0
LINE
  5
77
330
67
100
AcDbEntity
  8
DV1_Default
  6
Continuous
 62
     7
 48
25.4
100
AcDbLine
 10
51.4745426351
 20
282.3841452482
 30
0.0
 11
51.4745426351
 21
107.1041452482
 31
0.0
  0
LINE
  5
78
330
67
100
AcDbEntity
  8
DV1_Default
  6
Continuous
 62
     7
 48
25.4
100
AcDbLine
 10
51.4745426351
 20
107.1041452482
 30
0.0
 11
51.4745426351
 21
266.3841452482
 31
0.0
  0
LINE
  5
79
330
67
100
AcDbEntity
  8
DV1_Default
  6
Continuous
 62
     7
 48
25.4
100
AcDbLine
 10
51.4745426351
 20
282.3841452482
 30
0.0
 11
51.4745426351
 21
107.1041452482
 31
0.0
  0
LINE
  5
7A
330
67
100
AcDbEntity
  8
DV1_Default
  6
Continuous
 62
     7
 48
25.4
100
AcDbLine
 10
51.4745426351
 20
107.1041452482
 30
0.0
 11
51.4745426351
 21
266.3841452482
 31
0.0
  0
LINE
  5
7B
330
67
100
AcDbEntity
  8
DV1_Default
  6
Continuous
 62
     7
 48
25.4
100
AcDbLine
 10
51.4745426351
 20
282.3841452482
 30
0.0
 11
51.4745426351
 21
107.1041452482
 31
0.0
  0
LINE
  5
7C
330
67
100
AcDbEntity
  8
DV1_Default
  6
Continuous
 62
     7
 48
25.4
100
AcDbLine
 10
51.4745426351
 20
107.1041452482
 30
0.0
 11
51.4745426351
 21
266.3841452482
 31
0.0
  0
LINE
  5
7D
330
67
100
AcDbEntity
  8
DV1_Default
  6
Continuous
 62
     7
 48
25.4
100
AcDbLine
 10
51.4745426351
 20
282.3841452482
 30
0.0
 11
51.4745426351
 21
107.1041452482
 31
0.0
  0
LINE
  5
7E
330
67
100
AcDbEntity
  8
DV1_Default
  6
Continuous
 62
     7
 48
25.4
100
AcDbLine
 10
51.4745426351
 20
107.1041452482
 30
0.0
 11
51.4745426351
 21
266.3841452482
 31
0.0
  0
LINE
  5
7F
330
67
100
AcDbEntity
  8
DV1_Default
  6
Continuous
 62
     7
 48
25.4
100
AcDbLine
 10
51.4745426351
 20
282.3841452482
 30
0.0
 11
51.4745426351
 21
107.1041452482
 31
0.0
  0
LINE
  5
80
330
67
100
AcDbEntity
  8
DV1_Default
  6
Continuous
 62
     7
 48
25.4
100
AcDbLine
 10
51.4745426351
 20
107.1041452482
 30
0.0
 11
51.4745426351
 21
266.3841452482
 31
0.0
  0
LINE
  5
81
330
67
100
AcDbEntity
  8
DV1_Default
  6
Continuous
 62
     7
 48
25.4
100
AcDbLine
 10
51.4745426351
 20
282.3841452482
 30
0.0
 11
51.4745426351
 21
107.1041452482
 31
0.0
  0
LINE
  5
82
330
67
100
AcDbEntity
  8
DV1_Default
  6
Continuous
 62
     7
 48
25.4
100
AcDbLine
 10
51.4745426351
 20
107.1041452482
 30
0.0
 11
51.4745426351
 21
266.3841452482
 31
0.0
  0
LINE
  5
83
330
67
100
AcDbEntity
  8
DV1_Default
  6
Continuous
 62
     7
 48
25.4
100
AcDbLine
 10
51.4745426351
 20
282.3841452482
 30
0.0
 11
51.4745426351
 21
123.1041452482
 31
0.0
  0
LINE
  5
84
330
67
100
AcDbEntity
  8
DV1_Default
  6
Continuous
 62
     7
 48
25.4
100
AcDbLine
 10
51.4745426351
 20
107.1041452482
 30
0.0
 11
51.4745426351
 21
282.3841452482
 31
0.0
  0
LINE
  5
85
330
67
100
AcDbEntity
  8
DV1_Default
  6
Continuous
 62
     7
 48
25.4
100
AcDbLine
 10
51.4745426351
 20
107.1041452482
 30
0.0
 11
51.4745426351
 21
266.3841452482
 31
0.0
  0
LINE
  5
86
330
67
100
AcDbEntity
  8
DV1_Default
  6
Continuous
 62
     7
 48
25.4
100
AcDbLine
 10
51.4745426351
 20
282.3841452482
 30
0.0
 11
51.4745426351
 21
107.1041452482
 31
0.0
  0
LINE
  5
87
330
67
100
AcDbEntity
  8
DV1_Default
  6
Continuous
 62
     7
 48
25.4
100
AcDbLine
 10
51.4745426351
 20
107.1041452482
 30
0.0
 11
51.4745426351
 21
266.3841452482
 31
0.0
  0
LINE
  5
88
330
67
100
AcDbEntity
  8
DV1_Default
  6
Continuous
 62
     7
 48
25.4
100
AcDbLine
 10
51.4745426351
 20
107.1041452482
 30
0.0
 11
51.4745426351
 21
282.3841452482
 31
0.0
  0
LINE
  5
89
330
67
100
AcDbEntity
  8
DV1_Default
  6
Continuous
 62
     7
 48
25.4
100
AcDbLine
 10
51.4745426351
 20
107.1041452482
 30
0.0
 11
51.4745426351
 21
282.3841452482
 31
0.0
  0
LINE
  5
8A
330
67
100
AcDbEntity
  8
DV1_Default
  6
Continuous
 62
     7
 48
25.4
100
AcDbLine
 10
99.4745426351
 20
107.1041452482
 30
0.0
 11
99.4745426351
 21
282.3841452482
 31
0.0
  0
LINE
  5
8B
330
67
100
AcDbEntity
  8
DV1_Default
  6
Continuous
 62
     7
 48
25.4
100
AcDbLine
 10
99.4745426351
 20
107.1041452482
 30
0.0
 11
99.4745426351
 21
110.1150283658
 31
0.0
  0
LINE
  5
8C
330
67
100
AcDbEntity
  8
DV1_Default
  6
Continuous
 62
     7
 48
25.4
100
AcDbLine
 10
99.4745426351
 20
282.3841452482
 30
0.0
 11
99.4745426351
 21
279.3732621307
 31
0.0
  0
LINE
  5
8D
330
67
100
AcDbEntity
  8
DV1_Default
  6
Continuous
 62
     7
 48
25.4
100
AcDbLine
 10
54.2607629328
 20
280.8033845948
 30
0.0
 11
54.2607629328
 21
281.0809655883
 31
0.0
  0
SPLINE
  5
8E
330
67
100
AcDbEntity
  8
DV1_Default
  6
Continuous
 62
     7
 48
25.4
100
AcDbSpline
210
0.0
220
0.0
230
1.0
 70
     8
 71
     3
 72
    11
 73
     7
 74
     0
 42
0.0000000112264322
 43
0.0000000001
 40
0.0
 40
0.0
 40
0.0
 40
0.0
 40
0.475386363159494
 40
0.475386363159494
 40
0.475386363159494
 40
1.0
 40
1.0
 40
1.0
 40
1.0
 10
54.2607629327586
 20
281.0809655882926
 30
0.0
 10
54.13091412066355
 20
281.1112895623746
 30
0.0
 10
53.99173485500481
 20
281.1268403183142
 30
0.0
 10
53.84167006018841
 20
281.1268403183142
 30
0.0
 10
53.65894867789896
 20
281.1268403183142
 30
0.0
 10
53.51277157206743
 20
281.0879634284654
 30
0.0
 10
53.40391628049075
 20
281.0109871865648
 30
0.0
  0
SPLINE
  5
8F
330
67
100
AcDbEntity
  8
DV1_Default
  6
Continuous
 62
     7
 48
25.4
100
AcDbSpline
210
0.0
220
0.0
230
1.0
 70
     8
 71
     3
 72
    11
 73
     7
 74
     0
 42
0.0000000103094114
 43
0.0000000001
 40
0.0
 40
0.0
 40
0.0
 40
0.0
 40
0.4036833596800508
 40
0.4036833596800508
 40
0.4036833596800508
 40
1.0
 40
1.0
 40
1.0
 40
1.0
 10
53.40391628049075
 20
281.0109871865648
 30
0.0
 10
53.29428345111713
 20
280.9332334068671
 30
0.0
 10
53.23985580532883
 20
280.8259331908844
 30
0.0
 10
53.23985580532883
 20
280.6890865386166
 30
0.0
 10
53.23985580532883
 20
280.5211383744697
 30
0.0
 10
53.34793355910853
 20
280.3866243355928
 30
0.0
 10
53.56331152887092
 20
280.2855444219859
 30
0.0
  0
LINE
  5
90
330
67
100
AcDbEntity
  8
DV1_Default
  6
Continuous
 62
     7
 48
25.4
100
AcDbLine
 10
53.5633115289
 20
280.285544422
 30
0.0
 11
53.8572208161
 21
280.1556956099
 31
0.0
  0
SPLINE
  5
91
330
67
100
AcDbEntity
  8
DV1_Default
  6
Continuous
 62
     7
 48
25.4
100
AcDbSpline
210
0.0
220
0.0
230
1.0
 70
     8
 71
     3
 72
    14
 73
    10
 74
     0
 42
0.0000000099784299
 43
0.0000000001
 40
0.0
 40
0.0
 40
0.0
 40
0.0
 40
0.3549747189944721
 40
0.3549747189944721
 40
0.3549747189944721
 40
0.9953468218477174
 40
0.9953468218477174
 40
0.9953468218477174
 40
1.0
 40
1.0
 40
1.0
 40
1.0
 10
53.85722081612796
 20
280.1556956098909
 30
0.0
 10
53.93341952023162
 20
280.1277042491997
 30
0.0
 10
53.97151887228345
 20
280.0841621325691
 30
0.0
 10
53.97151887228345
 20
280.0258467977959
 30
0.0
 10
53.97151887228345
 20
279.9395401023315
 30
0.0
 10
53.88521217681903
 20
279.8967755234978
 30
0.0
 10
53.71182124809335
 20
279.8967755234978
 30
0.0
 10
53.60296595651667
 20
279.8967755234978
 30
0.0
 10
53.45678885068514
 20
279.9247668841889
 30
0.0
 10
53.27406746839577
 20
279.9807496055712
 30
0.0
  0
LINE
  5
92
330
67
100
AcDbEntity
  8
DV1_Default
  6
Continuous
 62
     7
 48
25.4
100
AcDbLine
 10
53.2740674684
 20
279.9807496056
 30
0.0
 11
53.2740674684
 21
279.6868403183
 31
0.0
  0
SPLINE
  5
93
330
67
100
AcDbEntity
  8
DV1_Default
  6
Continuous
 62
     7
 48
25.4
100
AcDbSpline
210
0.0
220
0.0
230
1.0
 70
     8
 71
     3
 72
    20
 73
    16
 74
     0
 42
0.0000000050624999
 43
0.0000000001
 40
0.0
 40
0.0
 40
0.0
 40
0.0
 40
0.5262277334481107
 40
0.5262277334481107
 40
0.5262277334481107
 40
0.9845246311595494
 40
0.9845246311595494
 40
0.9845246311595494
 40
0.9896096418915601
 40
0.9896096418915601
 40
0.9896096418915601
 40
0.9938291135632761
 40
0.9938291135632761
 40
0.9938291135632761
 40
1.0
 40
1.0
 40
1.0
 40
1.0
 10
53.27406746839577
 20
279.6868403183142
 30
0.0
 10
53.35026617249942
 20
279.6720671001717
 30
0.0
 10
53.43346271677588
 20
279.6572938820291
 30
0.0
 10
53.5236571012251
 20
279.6432982016835
 30
0.0
 10
53.61385148567434
 20
279.629302521338
 30
0.0
 10
53.68694003859011
 20
279.6223046811652
 30
0.0
 10
53.74292275997239
 20
279.6223046811652
 30
0.0
 10
53.93575213362253
 20
279.6223046811652
 30
0.0
 10
54.08970461742383
 20
279.6650692599989
 30
0.0
 10
54.20400267357932
 20
279.7513759554632
 30
0.0
 10
54.31830072973482
 20
279.8376826509275
 30
0.0
 10
54.3750609889141
 20
279.9512031692861
 30
0.0
 10
54.3750609889141
 20
280.0903824349449
 30
0.0
 10
54.3750609889141
 20
280.2707712038434
 30
0.0
 10
54.2669832351344
 20
280.4115055450961
 30
0.0
 10
54.051605265372
 20
280.5133629965
 30
0.0
  0
LINE
  5
94
330
67
100
AcDbEntity
  8
DV1_Default
  6
Continuous
 62
     7
 48
25.4
100
AcDbLine
 10
54.0516052654
 20
280.5133629965
 30
0.0
 11
53.7919076412
 21
280.6276610527
 31
0.0
  0
SPLINE
  5
95
330
67
100
AcDbEntity
  8
DV1_Default
  6
Continuous
 62
     7
 48
25.4
100
AcDbSpline
210
0.0
220
0.0
230
1.0
 70
     8
 71
     3
 72
     8
 73
     4
 74
     0
 42
0.0000000767250149
 43
0.0000000001
 40
0.0
 40
0.0
 40
0.0
 40
0.0
 40
1.0
 40
1.0
 40
1.0
 40
1.0
 10
53.79190764118191
 20
280.6276610526555
 30
0.0
 10
53.73592491979961
 20
280.6502096487678
 30
0.0
 10
53.69782556774778
 20
280.6712031692861
 30
0.0
 10
53.67760958502641
 20
280.6883090008196
 30
0.0
  0
SPLINE
  5
96
330
67
100
AcDbEntity
  8
DV1_Default
  6
Continuous
 62
     7
 48
25.4
100
AcDbSpline
210
0.0
220
0.0
230
1.0
 70
     8
 71
     3
 72
    14
 73
    10
 74
     0
 42
0.0000000170958979
 43
0.0000000001
 40
0.0
 40
0.0
 40
0.0
 40
0.0
 40
0.2070983570949247
 40
0.2070983570949247
 40
0.2070983570949247
 40
0.9979470223159466
 40
0.9979470223159466
 40
0.9979470223159466
 40
1.0
 40
1.0
 40
1.0
 40
1.0
 10
53.67760958502641
 20
280.6883090008196
 30
0.0
 10
53.65739360230504
 20
280.7061923701501
 30
0.0
 10
53.64728561094436
 20
280.7295185040593
 30
0.0
 10
53.64728561094436
 20
280.7575098647505
 30
0.0
 10
53.64728561094436
 20
280.8313759554633
 30
0.0
 10
53.72192923945403
 20
280.8679202319211
 30
0.0
 10
53.87199403427046
 20
280.8679202319211
 30
0.0
 10
53.9435275115923
 20
280.8679202319211
 30
0.0
 10
54.00884068653829
 20
280.8632550051393
 30
0.0
 10
54.06871109690547
 20
280.8547020893725
 30
0.0
  0
SPLINE
  5
97
330
67
100
AcDbEntity
  8
DV1_Default
  6
Continuous
 62
     7
 48
25.4
100
AcDbSpline
210
0.0
220
0.0
230
1.0
 70
     8
 71
     3
 72
     8
 73
     4
 74
     0
 42
0.0000000501514771
 43
0.0000000001
 40
0.0
 40
0.0
 40
0.0
 40
0.0
 40
1.0
 40
1.0
 40
1.0
 40
1.0
 10
54.06871109690547
 20
280.8547020893725
 30
0.0
 10
54.12780396947566
 20
280.8453716358088
 30
0.0
 10
54.19233960662465
 20
280.8282658042754
 30
0.0
 10
54.2607629327586
 20
280.8033845947721
 30
0.0
  0
LINE
  5
98
330
67
100
AcDbEntity
  8
DV1_Default
  6
Continuous
 62
     7
 48
25.4
100
AcDbLine
 10
55.0071992179
 20
279.6565163442
 30
0.0
 11
55.0071992179
 21
281.0965163442
 31
0.0
  0
LINE
  5
99
330
67
100
AcDbEntity
  8
DV1_Default
  6
Continuous
 62
     7
 48
25.4
100
AcDbLine
 10
55.0071992179
 20
281.0965163442
 30
0.0
 11
54.5849961941
 21
281.0965163442
 31
0.0
  0
LINE
  5
9A
330
67
100
AcDbEntity
  8
DV1_Default
  6
Continuous
 62
     7
 48
25.4
100
AcDbLine
 10
54.5849961941
 20
281.0965163442
 30
0.0
 11
54.5849961941
 21
279.6565163442
 31
0.0
  0
LINE
  5
9B
330
67
100
AcDbEntity
  8
DV1_Default
  6
Continuous
 62
     7
 48
25.4
100
AcDbLine
 10
54.5849961941
 20
279.6565163442
 30
0.0
 11
55.0071992179
 21
279.6565163442
 31
0.0
  0
LINE
  5
9C
330
67
100
AcDbEntity
  8
DV1_Default
  6
Continuous
 62
     7
 48
25.4
100
AcDbLine
 10
56.4168752438
 20
280.8375962578
 30
0.0
 11
56.4168752438
 21
281.0965163442
 31
0.0
  0
LINE
  5
9D
330
67
100
AcDbEntity
  8
DV1_Default
  6
Continuous
 62
     7
 48
25.4
100
AcDbLine
 10
56.4168752438
 20
281.0965163442
 30
0.0
 11
55.3462056973
 21
281.0965163442
 31
0.0
  0
LINE
  5
9E
330
67
100
AcDbEntity
  8
DV1_Default
  6
Continuous
 62
     7
 48
25.4
100
AcDbLine
 10
55.3462056973
 20
281.0965163442
 30
0.0
 11
55.3462056973
 21
279.6565163442
 31
0.0
  0
LINE
  5
9F
330
67
100
AcDbEntity
  8
DV1_Default
  6
Continuous
 62
     7
 48
25.4
100
AcDbLine
 10
55.3462056973
 20
279.6565163442
 30
0.0
 11
56.4168752438
 21
279.6565163442
 31
0.0
  0
LINE
  5
A0
330
67
100
AcDbEntity
  8
DV1_Default
  6
Continuous
 62
     7
 48
25.4
100
AcDbLine
 10
56.4168752438
 20
279.6565163442
 30
0.0
 11
56.4168752438
 21
279.9270994976
 31
0.0
  0
LINE
  5
A1
330
67
100
AcDbEntity
  8
DV1_Default
  6
Continuous
 62
     7
 48
25.4
100
AcDbLine
 10
56.4168752438
 20
279.9270994976
 30
0.0
 11
55.7691862589
 21
279.9270994976
 31
0.0
  0
LINE
  5
A2
330
67
100
AcDbEntity
  8
DV1_Default
  6
Continuous
 62
     7
 48
25.4
100
AcDbLine
 10
55.7691862589
 20
279.9270994976
 30
0.0
 11
55.7691862589
 21
280.269993666
 31
0.0
  0
LINE
  5
A3
330
67
100
AcDbEntity
  8
DV1_Default
  6
Continuous
 62
     7
 48
25.4
100
AcDbLine
 10
55.7691862589
 20
280.269993666
 30
0.0
 11
56.3336786995
 21
280.269993666
 31
0.0
  0
LINE
  5
A4
330
67
100
AcDbEntity
  8
DV1_Default
  6
Continuous
 62
     7
 48
25.4
100
AcDbLine
 10
56.3336786995
 20
280.269993666
 30
0.0
 11
56.3336786995
 21
280.5133629965
 31
0.0
  0
LINE
  5
A5
330
67
100
AcDbEntity
  8
DV1_Default
  6
Continuous
 62
     7
 48
25.4
100
AcDbLine
 10
56.3336786995
 20
280.5133629965
 30
0.0
 11
55.7691862589
 21
280.5133629965
 31
0.0
  0
LINE
  5
A6
330
67
100
AcDbEntity
  8
DV1_Default
  6
Continuous
 62
     7
 48
25.4
100
AcDbLine
 10
55.7691862589
 20
280.5133629965
 30
0.0
 11
55.7691862589
 21
280.8375962578
 31
0.0
  0
LINE
  5
A7
330
67
100
AcDbEntity
  8
DV1_Default
  6
Continuous
 62
     7
 48
25.4
100
AcDbLine
 10
55.7691862589
 20
280.8375962578
 30
0.0
 11
56.4168752438
 21
280.8375962578
 31
0.0
  0
LINE
  5
A8
330
67
100
AcDbEntity
  8
DV1_Default
  6
Continuous
 62
     7
 48
25.4
100
AcDbLine
 10
58.4555793474
 20
279.6565163442
 30
0.0
 11
58.4555793474
 21
281.0965163442
 31
0.0
  0
LINE
  5
A9
330
67
100
AcDbEntity
  8
DV1_Default
  6
Continuous
 62
     7
 48
25.4
100
AcDbLine
 10
58.4555793474
 20
281.0965163442
 30
0.0
 11
57.9369616369
 21
281.0965163442
 31
0.0
  0
LINE
  5
AA
330
67
100
AcDbEntity
  8
DV1_Default
  6
Continuous
 62
     7
 48
25.4
100
AcDbLine
 10
57.9369616369
 20
281.0965163442
 30
0.0
 11
57.5637434943
 21
280.220231247
 31
0.0
  0
LINE
  5
AB
330
67
100
AcDbEntity
  8
DV1_Default
  6
Continuous
 62
     7
 48
25.4
100
AcDbLine
 10
57.5637434943
 20
280.220231247
 30
0.0
 11
57.1944130408
 21
281.0965163442
 31
0.0
  0
LINE
  5
AC
330
67
100
AcDbEntity
  8
DV1_Default
  6
Continuous
 62
     7
 48
25.4
100
AcDbLine
 10
57.1944130408
 20
281.0965163442
 30
0.0
 11
56.6719076412
 21
281.0965163442
 31
0.0
  0
LINE
  5
AD
330
67
100
AcDbEntity
  8
DV1_Default
  6
Continuous
 62
     7
 48
25.4
100
AcDbLine
 10
56.6719076412
 20
281.0965163442
 30
0.0
 11
56.6719076412
 21
279.6565163442
 31
0.0
  0
LINE
  5
AE
330
67
100
AcDbEntity
  8
DV1_Default
  6
Continuous
 62
     7
 48
25.4
100
AcDbLine
 10
56.6719076412
 20
279.6565163442
 30
0.0
 11
56.9502661725
 21
279.6565163442
 31
0.0
  0
LINE
  5
AF
330
67
100
AcDbEntity
  8
DV1_Default
  6
Continuous
 62
     7
 48
25.4
100
AcDbLine
 10
56.9502661725
 20
279.6565163442
 30
0.0
 11
56.9502661725
 21
280.6090001455
 31
0.0
  0
LINE
  5
B0
330
67
100
AcDbEntity
  8
DV1_Default
  6
Continuous
 62
     7
 48
25.4
100
AcDbLine
 10
56.9502661725
 20
280.6090001455
 30
0.0
 11
57.3545858269
 21
279.6565163442
 31
0.0
  0
LINE
  5
B1
330
67
100
AcDbEntity
  8
DV1_Default
  6
Continuous
 62
     7
 48
25.4
100
AcDbLine
 10
57.3545858269
 20
279.6565163442
 30
0.0
 11
57.6282791315
 21
279.6565163442
 31
0.0
  0
LINE
  5
B2
330
67
100
AcDbEntity
  8
DV1_Default
  6
Continuous
 62
     7
 48
25.4
100
AcDbLine
 10
57.6282791315
 20
279.6565163442
 30
0.0
 11
58.0364864749
 21
280.6090001455
 31
0.0
  0
LINE
  5
B3
330
67
100
AcDbEntity
  8
DV1_Default
  6
Continuous
 62
     7
 48
25.4
100
AcDbLine
 10
58.0364864749
 20
280.6090001455
 30
0.0
 11
58.0364864749
 21
279.6565163442
 31
0.0
  0
LINE
  5
B4
330
67
100
AcDbEntity
  8
DV1_Default
  6
Continuous
 62
     7
 48
25.4
100
AcDbLine
 10
58.0364864749
 20
279.6565163442
 30
0.0
 11
58.4555793474
 21
279.6565163442
 31
0.0
  0
LINE
  5
B5
330
67
100
AcDbEntity
  8
DV1_Default
  6
Continuous
 62
     7
 48
25.4
100
AcDbLine
 10
59.8458169284
 20
280.8375962578
 30
0.0
 11
59.8458169284
 21
281.0965163442
 31
0.0
  0
LINE
  5
B6
330
67
100
AcDbEntity
  8
DV1_Default
  6
Continuous
 62
     7
 48
25.4
100
AcDbLine
 10
59.8458169284
 20
281.0965163442
 30
0.0
 11
58.779035071
 21
281.0965163442
 31
0.0
  0
LINE
  5
B7
330
67
100
AcDbEntity
  8
DV1_Default
  6
Continuous
 62
     7
 48
25.4
100
AcDbLine
 10
58.779035071
 20
281.0965163442
 30
0.0
 11
58.779035071
 21
279.6565163442
 31
0.0
  0
LINE
  5
B8
330
67
100
AcDbEntity
  8
DV1_Default
  6
Continuous
 62
     7
 48
25.4
100
AcDbLine
 10
58.779035071
 20
279.6565163442
 30
0.0
 11
59.8652553734
 21
279.6565163442
 31
0.0
  0
LINE
  5
B9
330
67
100
AcDbEntity
  8
DV1_Default
  6
Continuous
 62
     7
 48
25.4
100
AcDbLine
 10
59.8652553734
 20
279.6565163442
 30
0.0
 11
59.8652553734
 21
279.9270994976
 31
0.0
  0
LINE
  5
BA
330
67
100
AcDbEntity
  8
DV1_Default
  6
Continuous
 62
     7
 48
25.4
100
AcDbLine
 10
59.8652553734
 20
279.9270994976
 30
0.0
 11
59.1981279436
 21
279.9270994976
 31
0.0
  0
LINE
  5
BB
330
67
100
AcDbEntity
  8
DV1_Default
  6
Continuous
 62
     7
 48
25.4
100
AcDbLine
 10
59.1981279436
 20
279.9270994976
 30
0.0
 11
59.1981279436
 21
280.269993666
 31
0.0
  0
LINE
  5
BC
330
67
100
AcDbEntity
  8
DV1_Default
  6
Continuous
 62
     7
 48
25.4
100
AcDbLine
 10
59.1981279436
 20
280.269993666
 30
0.0
 11
59.7665080731
 21
280.269993666
 31
0.0
  0
LINE
  5
BD
330
67
100
AcDbEntity
  8
DV1_Default
  6
Continuous
 62
     7
 48
25.4
100
AcDbLine
 10
59.7665080731
 20
280.269993666
 30
0.0
 11
59.7665080731
 21
280.5133629965
 31
0.0
  0
LINE
  5
BE
330
67
100
AcDbEntity
  8
DV1_Default
  6
Continuous
 62
     7
 48
25.4
100
AcDbLine
 10
59.7665080731
 20
280.5133629965
 30
0.0
 11
59.1981279436
 21
280.5133629965
 31
0.0
  0
LINE
  5
BF
330
67
100
AcDbEntity
  8
DV1_Default
  6
Continuous
 62
     7
 48
25.4
100
AcDbLine
 10
59.1981279436
 20
280.5133629965
 30
0.0
 11
59.1981279436
 21
280.8375962578
 31
0.0
  0
LINE
  5
C0
330
67
100
AcDbEntity
  8
DV1_Default
  6
Continuous
 62
     7
 48
25.4
100
AcDbLine
 10
59.1981279436
 20
280.8375962578
 30
0.0
 11
59.8458169284
 21
280.8375962578
 31
0.0
  0
LINE
  5
C1
330
67
100
AcDbEntity
  8
DV1_Default
  6
Continuous
 62
     7
 48
25.4
100
AcDbLine
 10
61.3697910105
 20
279.6565163442
 30
0.0
 11
61.3697910105
 21
281.0965163442
 31
0.0
  0
LINE
  5
C2
330
67
100
AcDbEntity
  8
DV1_Default
  6
Continuous
 62
     7
 48
25.4
100
AcDbLine
 10
61.3697910105
 20
281.0965163442
 30
0.0
 11
61.092210017
 21
281.0965163442
 31
0.0
  0
LINE
  5
C3
330
67
100
AcDbEntity
  8
DV1_Default
  6
Continuous
 62
     7
 48
25.4
100
AcDbLine
 10
61.092210017
 20
281.0965163442
 30
0.0
 11
61.092210017
 21
280.189907273
 31
0.0
  0
LINE
  5
C4
330
67
100
AcDbEntity
  8
DV1_Default
  6
Continuous
 62
     7
 48
25.4
100
AcDbLine
 10
61.092210017
 20
280.189907273
 30
0.0
 11
60.5735923064
 21
281.0965163442
 31
0.0
  0
LINE
  5
C5
330
67
100
AcDbEntity
  8
DV1_Default
  6
Continuous
 62
     7
 48
25.4
100
AcDbLine
 10
60.5735923064
 20
281.0965163442
 30
0.0
 11
60.1055145526
 21
281.0965163442
 31
0.0
  0
LINE
  5
C6
330
67
100
AcDbEntity
  8
DV1_Default
  6
Continuous
 62
     7
 48
25.4
100
AcDbLine
 10
60.1055145526
 20
281.0965163442
 30
0.0
 11
60.1055145526
 21
279.6565163442
 31
0.0
  0
LINE
  5
C7
330
67
100
AcDbEntity
  8
DV1_Default
  6
Continuous
 62
     7
 48
25.4
100
AcDbLine
 10
60.1055145526
 20
279.6565163442
 30
0.0
 11
60.3986463021
 21
279.6565163442
 31
0.0
  0
LINE
  5
C8
330
67
100
AcDbEntity
  8
DV1_Default
  6
Continuous
 62
     7
 48
25.4
100
AcDbLine
 10
60.3986463021
 20
279.6565163442
 30
0.0
 11
60.3986463021
 21
280.5747884825
 31
0.0
  0
LINE
  5
C9
330
67
100
AcDbEntity
  8
DV1_Default
  6
Continuous
 62
     7
 48
25.4
100
AcDbLine
 10
60.3986463021
 20
280.5747884825
 30
0.0
 11
60.9164864749
 21
279.6565163442
 31
0.0
  0
LINE
  5
CA
330
67
100
AcDbEntity
  8
DV1_Default
  6
Continuous
 62
     7
 48
25.4
100
AcDbLine
 10
60.9164864749
 20
279.6565163442
 30
0.0
 11
61.3697910105
 21
279.6565163442
 31
0.0
  0
LINE
  5
CB
330
67
100
AcDbEntity
  8
DV1_Default
  6
Continuous
 62
     7
 48
25.4
100
AcDbLine
 10
62.631734855
 20
280.8033845948
 30
0.0
 11
62.631734855
 21
281.0809655883
 31
0.0
  0
SPLINE
  5
CC
330
67
100
AcDbEntity
  8
DV1_Default
  6
Continuous
 62
     7
 48
25.4
100
AcDbSpline
210
0.0
220
0.0
230
1.0
 70
     8
 71
     3
 72
    11
 73
     7
 74
     0
 42
0.0000000111848249
 43
0.0000000001
 40
0.0
 40
0.0
 40
0.0
 40
0.0
 40
0.4732289187100708
 40
0.4732289187100708
 40
0.4732289187100708
 40
1.0
 40
1.0
 40
1.0
 40
1.0
 10
62.63173485500479
 20
281.0809655882926
 30
0.0
 10
62.48711282476724
 20
281.1112895623746
 30
0.0
 10
62.34715602131151
 20
281.1268403183142
 30
0.0
 10
62.21264198243458
 20
281.1268403183142
 30
0.0
 10
62.02447783556634
 20
281.1268403183142
 30
0.0
 10
61.87752319193783
 20
281.0879634284654
 30
0.0
 10
61.77177805154911
 20
281.0109871865648
 30
0.0
  0
SPLINE
  5
CD
330
67
100
AcDbEntity
  8
DV1_Default
  6
Continuous
 62
     7
 48
25.4
100
AcDbSpline
210
0.0
220
0.0
230
1.0
 70
     8
 71
     3
 72
    11
 73
     7
 74
     0
 42
0.0000000104559245
 43
0.0000000001
 40
0.0
 40
0.0
 40
0.0
 40
0.0
 40
0.404743506254122
 40
0.404743506254122
 40
0.404743506254122
 40
1.0
 40
1.0
 40
1.0
 40
1.0
 10
61.77177805154911
 20
281.0109871865648
 30
0.0
 10
61.66681044895731
 20
280.9332334068671
 30
0.0
 10
61.61393787876291
 20
280.8259331908844
 30
0.0
 10
61.61393787876291
 20
280.6890865386166
 30
0.0
 10
61.61393787876291
 20
280.5164731476879
 30
0.0
 10
61.71657286796373
 20
280.3819591088109
 30
0.0
 10
61.92262038416244
 20
280.2855444219859
 30
0.0
  0
LINE
  5
CE
330
67
100
AcDbEntity
  8
DV1_Default
  6
Continuous
 62
     7
 48
25.4
100
AcDbLine
 10
61.9226203842
 20
280.285544422
 30
0.0
 11
62.2118644446
 21
280.1556956099
 31
0.0
  0
SPLINE
  5
CF
330
67
100
AcDbEntity
  8
DV1_Default
  6
Continuous
 62
     7
 48
25.4
100
AcDbSpline
210
0.0
220
0.0
230
1.0
 70
     8
 71
     3
 72
    17
 73
    13
 74
     0
 42
0.0000000100951845
 43
0.0000000001
 40
0.0
 40
0.0
 40
0.0
 40
0.0
 40
0.6001412736713283
 40
0.6001412736713283
 40
0.6001412736713283
 40
0.9916803147725919
 40
0.9916803147725919
 40
0.9916803147725919
 40
0.9951954877286749
 40
0.9951954877286749
 40
0.9951954877286749
 40
1.0
 40
1.0
 40
1.0
 40
1.0
 10
62.21186444463767
 20
280.1556956098909
 30
0.0
 10
62.26007178805018
 20
280.1277042491997
 30
0.0
 10
62.29117329992923
 20
280.1067107286814
 30
0.0
 10
62.30516898027479
 20
280.0927150483358
 30
0.0
 10
62.31916466062037
 20
280.0787193679902
 30
0.0
 10
62.32616250079315
 20
280.0569483096749
 30
0.0
 10
62.32616250079315
 20
280.0258467977959
 30
0.0
 10
62.32616250079315
 20
279.9395401023315
 30
0.0
 10
62.24529856990761
 20
279.8967755234978
 30
0.0
 10
62.08279317033954
 20
279.8967755234978
 30
0.0
 10
61.98326833232661
 20
279.8967755234978
 30
0.0
 10
61.8324259997132
 20
279.9247668841889
 30
0.0
 10
61.62948863470239
 20
279.9807496055712
 30
0.0
  0
LINE
  5
D0
330
67
100
AcDbEntity
  8
DV1_Default
  6
Continuous
 62
     7
 48
25.4
100
AcDbLine
 10
61.6294886347
 20
279.9807496056
 30
0.0
 11
61.6294886347
 21
279.6868403183
 31
0.0
  0
SPLINE
  5
D1
330
67
100
AcDbEntity
  8
DV1_Default
  6
Continuous
 62
     7
 48
25.4
100
AcDbSpline
210
0.0
220
0.0
230
1.0
 70
     8
 71
     3
 72
     8
 73
     4
 74
     0
 42
0.0000000395089972
 43
0.0000000001
 40
0.0
 40
0.0
 40
0.0
 40
0.0
 40
1.0
 40
1.0
 40
1.0
 40
1.0
 10
61.62948863470239
 20
279.6868403183142
 30
0.0
 10
61.69791196083635
 20
279.6743997135625
 30
0.0
 10
61.78110850511279
 20
279.660404033217
 30
0.0
 10
61.87907826753181
 20
279.6448532772775
 30
0.0
  0
SPLINE
  5
D2
330
67
100
AcDbEntity
  8
DV1_Default
  6
Continuous
 62
     7
 48
25.4
100
AcDbSpline
210
0.0
220
0.0
230
1.0
 70
     8
 71
     3
 72
    11
 73
     7
 74
     0
 42
0.0000000139107814
 43
0.0000000001
 40
0.0
 40
0.0
 40
0.0
 40
0.0
 40
0.3276534488829633
 40
0.3276534488829633
 40
0.3276534488829633
 40
1.0
 40
1.0
 40
1.0
 40
1.0
 10
61.87907826753181
 20
279.6448532772775
 30
0.0
 10
61.97627049215382
 20
279.6300800591349
 30
0.0
 10
62.05480180964839
 20
279.6223046811652
 30
0.0
 10
62.11311714442166
 20
279.6223046811652
 30
0.0
 10
62.30128129128991
 20
279.6223046811652
 30
0.0
 10
62.45134608610632
 20
279.6642917222019
 30
0.0
 10
62.56253399107392
 20
279.7482658042754
 30
0.0
  0
SPLINE
  5
D3
330
67
100
AcDbEntity
  8
DV1_Default
  6
Continuous
 62
     7
 48
25.4
100
AcDbSpline
210
0.0
220
0.0
230
1.0
 70
     8
 71
     3
 72
    11
 73
     7
 74
     0
 42
0.0000000147827378
 43
0.0000000001
 40
0.0
 40
0.0
 40
0.0
 40
0.0
 40
0.6081403931171873
 40
0.6081403931171873
 40
0.6081403931171873
 40
1.0
 40
1.0
 40
1.0
 40
1.0
 10
62.56253399107392
 20
279.7482658042754
 30
0.0
 10
62.6744994338385
 20
279.8314623485518
 30
0.0
 10
62.73048215522078
 20
279.9457604047072
 30
0.0
 10
62.73048215522078
 20
280.0903824349449
 30
0.0
 10
62.73048215522078
 20
280.1821318949881
 30
0.0
 10
62.70482340792055
 20
280.2629958258735
 30
0.0
 10
62.65272837552316
 20
280.3345293031954
 30
0.0
  0
SPLINE
  5
D4
330
67
100
AcDbEntity
  8
DV1_Default
  6
Continuous
 62
     7
 48
25.4
100
AcDbSpline
210
0.0
220
0.0
230
1.0
 70
     8
 71
     3
 72
     8
 73
     4
 74
     0
 42
0.0000000320886172
 43
0.0000000001
 40
0.0
 40
0.0
 40
0.0
 40
0.0
 40
1.0
 40
1.0
 40
1.0
 40
1.0
 10
62.65272837552316
 20
280.3345293031954
 30
0.0
 10
62.60063334312574
 20
280.4052852427203
 30
0.0
 10
62.51821433664628
 20
280.4651556530875
 30
0.0
 10
62.40624889388171
 20
280.5133629965
 30
0.0
  0
LINE
  5
D5
330
67
100
AcDbEntity
  8
DV1_Default
  6
Continuous
 62
     7
 48
25.4
100
AcDbLine
 10
62.4062488939
 20
280.5133629965
 30
0.0
 11
62.1473288075
 21
280.6276610527
 31
0.0
  0
SPLINE
  5
D6
330
67
100
AcDbEntity
  8
DV1_Default
  6
Continuous
 62
     7
 48
25.4
100
AcDbSpline
210
0.0
220
0.0
230
1.0
 70
     8
 71
     3
 72
    14
 73
    10
 74
     0
 42
0.0000000141428629
 43
0.0000000001
 40
0.0
 40
0.0
 40
0.0
 40
0.0
 40
0.3935053114105675
 40
0.3935053114105675
 40
0.3935053114105675
 40
0.997995318573264
 40
0.997995318573264
 40
0.997995318573264
 40
1.0
 40
1.0
 40
1.0
 40
1.0
 10
62.1473288074886
 20
280.6276610526555
 30
0.0
 10
62.06102211202426
 20
280.6680930180982
 30
0.0
 10
62.01747999539355
 20
280.7116351347289
 30
0.0
 10
62.01747999539355
 20
280.7575098647505
 30
0.0
 10
62.01747999539355
 20
280.8313759554633
 30
0.0
 10
62.0944562372942
 20
280.8679202319211
 30
0.0
 10
62.24685364550152
 20
280.8679202319211
 30
0.0
 10
62.31527697163548
 20
280.8679202319211
 30
0.0
 10
62.37981260878448
 20
280.8632550051393
 30
0.0
 10
62.43890548135466
 20
280.8547020893725
 30
0.0
  0
SPLINE
  5
D7
330
67
100
AcDbEntity
  8
DV1_Default
  6
Continuous
 62
     7
 48
25.4
100
AcDbSpline
210
0.0
220
0.0
230
1.0
 70
     8
 71
     3
 72
     8
 73
     4
 74
     0
 42
0.0000000499590171
 43
0.0000000001
 40
0.0
 40
0.0
 40
0.0
 40
0.0
 40
1.0
 40
1.0
 40
1.0
 40
1.0
 10
62.43890548135466
 20
280.8547020893725
 30
0.0
 10
62.49877589172184
 20
280.8453716358089
 30
0.0
 10
62.5633115288709
 20
280.8282658042754
 30
0.0
 10
62.63173485500479
 20
280.8033845947721
 30
0.0
  0
LINE
  5
D8
330
67
100
AcDbEntity
  8
DV1_Default
  6
Continuous
 62
     7
 48
25.4
100
AcDbLine
 10
51.8692060363
 20
277.8560504882
 30
0.0
 11
51.8692060363
 21
282.5360504882
 31
0.0
  0
LINE
  5
D9
330
67
100
AcDbEntity
  8
DV1_Default
  6
Continuous
 62
     7
 48
25.4
100
AcDbLine
 10
51.8692060363
 20
282.5360504882
 30
0.0
 11
99.0692060363
 21
282.5360504882
 31
0.0
  0
LINE
  5
DA
330
67
100
AcDbEntity
  8
DV1_Default
  6
Continuous
 62
     7
 48
25.4
100
AcDbLine
 10
99.0692060363
 20
282.5360504882
 30
0.0
 11
99.0692060363
 21
277.8560504882
 31
0.0
  0
LINE
  5
DB
330
67
100
AcDbEntity
  8
DV1_Default
  6
Continuous
 62
     7
 48
25.4
100
AcDbLine
 10
51.8692060363
 20
277.8560504882
 30
0.0
 11
99.0692060363
 21
277.8560504882
 31
0.0
  0
LINE
  5
DC
330
67
100
AcDbEntity
  8
DV1_Default
  6
Continuous
 62
     7
 48
25.4
100
AcDbLine
 10
53.8345426351
 20
261.7041452482
 30
0.0
 11
53.8345426351
 21
277.8560504882
 31
0.0
  0
LINE
  5
DD
330
67
100
AcDbEntity
  8
DV1_Default
  6
Continuous
 62
     7
 48
25.4
100
AcDbLine
 10
97.1145426351
 20
261.7041452482
 30
0.0
 11
97.1145426351
 21
277.8560504882
 31
0.0
  0
CIRCLE
  5
DE
330
67
100
AcDbEntity
  8
DV1_Default
  6
Continuous
 62
     7
 48
25.4
100
AcDbCircle
 10
96.3985810036
 20
189.1680400567
 30
0.0
 40
0.1
  0
ARC
  5
DF
330
67
100
AcDbEntity
  8
DV1_Default
  6
Continuous
 62
     7
 48
25.4
100
AcDbCircle
 10
96.3985810036
 20
190.2080400567
 30
0.0
 40
0.9200000000000053
100
AcDbArc
 50
180.0
 51
232.5047502354
  0
ARC
  5
E0
330
67
100
AcDbEntity
  8
DV1_Default
  6
Continuous
 62
     7
 48
25.4
100
AcDbCircle
 10
96.3985810036
 20
190.2080400567
 30
0.0
 40
0.9200000000000053
100
AcDbArc
 50
307.4952497646
 51
360.0
  0
LINE
  5
E1
330
67
100
AcDbEntity
  8
DV1_Default
  6
Continuous
 62
     7
 48
25.4
100
AcDbLine
 10
97.3185810036
 20
190.2080400567
 30
0.0
 11
97.3185810036
 21
198.8480400567
 31
0.0
  0
LINE
  5
E2
330
67
100
AcDbEntity
  8
DV1_Default
  6
Continuous
 62
     7
 48
25.4
100
AcDbLine
 10
95.4785810036
 20
198.8480400567
 30
0.0
 11
95.4785810036
 21
190.2080400567
 31
0.0
  0
ARC
  5
E3
330
67
100
AcDbEntity
  8
DV1_Default
  6
Continuous
 62
     7
 48
25.4
100
AcDbCircle
 10
96.3985810036
 20
198.8480400567
 30
0.0
 40
0.9199999999999964
100
AcDbArc
 50
0.0
 51
180.0
  0
LINE
  5
E4
330
67
100
AcDbEntity
  8
DV1_Default
  6
Continuous
 62
     7
 48
25.4
100
AcDbLine
 10
97.4385810036
 20
201.3280400567
 30
0.0
 11
95.3585810036
 21
201.3280400567
 31
0.0
  0
LINE
  5
E5
330
67
100
AcDbEntity
  8
DV1_Default
  6
Continuous
 62
     7
 48
25.4
100
AcDbLine
 10
95.0385810036
 20
201.0080400567
 30
0.0
 11
95.0385810036
 21
189.0080400567
 31
0.0
  0
ARC
  5
E6
330
67
100
AcDbEntity
  8
DV1_Default
  6
Continuous
 62
     7
 48
25.4
100
AcDbCircle
 10
95.3585810036
 20
189.0080400567
 30
0.0
 40
0.3200000000000003
100
AcDbArc
 50
180.0
 51
270.0
  0
ARC
  5
E7
330
67
100
AcDbEntity
  8
DV1_Default
  6
Continuous
 62
     7
 48
25.4
100
AcDbCircle
 10
97.4385810036
 20
189.0080400567
 30
0.0
 40
0.3200000000000003
100
AcDbArc
 50
270.0
 51
360.0
  0
LINE
  5
E8
330
67
100
AcDbEntity
  8
DV1_Default
  6
Continuous
 62
     7
 48
25.4
100
AcDbLine
 10
95.3585810036
 20
188.6880400567
 30
0.0
 11
96.0523187514
 21
188.6880400567
 31
0.0
  0
LINE
  5
E9
330
67
100
AcDbEntity
  8
DV1_Default
  6
Continuous
 62
     7
 48
25.4
100
AcDbLine
 10
96.7448432559
 20
188.6880400567
 30
0.0
 11
97.4385810036
 21
188.6880400567
 31
0.0
  0
ARC
  5
EA
330
67
100
AcDbEntity
  8
DV1_Default
  6
Continuous
 62
     7
 48
25.4
100
AcDbCircle
 10
97.4385810036
 20
201.0080400567
 30
0.0
 40
0.3200000000000003
100
AcDbArc
 50
0.0
 51
90.0
  0
ARC
  5
EB
330
67
100
AcDbEntity
  8
DV1_Default
  6
Continuous
 62
     7
 48
25.4
100
AcDbCircle
 10
95.3585810036
 20
201.0080400567
 30
0.0
 40
0.3200000000000003
100
AcDbArc
 50
90.0
 51
180.0
  0
ARC
  5
EC
330
67
100
AcDbEntity
  8
DV1_Default
  6
Continuous
 62
     7
 48
25.4
100
AcDbCircle
 10
96.3985810036
 20
190.2080400567
 30
0.0
 40
1.040000000000001
100
AcDbArc
 50
180.0
 51
237.4210296072
  0
ARC
  5
ED
330
67
100
AcDbEntity
  8
DV1_Default
  6
Continuous
 62
     7
 48
25.4
100
AcDbCircle
 10
96.3985810036
 20
190.2080400567
 30
0.0
 40
1.040000000000001
100
AcDbArc
 50
264.4886655559
 51
275.5113344472
  0
ARC
  5
EE
330
67
100
AcDbEntity
  8
DV1_Default
  6
Continuous
 62
     7
 48
25.4
100
AcDbCircle
 10
96.3985810036
 20
190.2080400567
 30
0.0
 40
1.040000000000001
100
AcDbArc
 50
302.5789703928
 51
360.0
  0
LINE
  5
EF
330
67
100
AcDbEntity
  8
DV1_Default
  6
Continuous
 62
     7
 48
25.4
100
AcDbLine
 10
95.3585810036
 20
198.8480400567
 30
0.0
 11
95.3585810036
 21
190.2080400567
 31
0.0
  0
ARC
  5
F0
330
67
100
AcDbEntity
  8
DV1_Default
  6
Continuous
 62
     7
 48
25.4
100
AcDbCircle
 10
96.3985810036
 20
198.8480400567
 30
0.0
 40
1.040000000000001
100
AcDbArc
 50
0.0
 51
180.0
  0
LINE
  5
F1
330
67
100
AcDbEntity
  8
DV1_Default
  6
Continuous
 62
     7
 48
25.4
100
AcDbLine
 10
97.4385810036
 20
190.2080400567
 30
0.0
 11
97.4385810036
 21
198.8480400567
 31
0.0
  0
LINE
  5
F2
330
67
100
AcDbEntity
  8
DV1_Default
  6
Continuous
 62
     7
 48
25.4
100
AcDbLine
 10
97.7585810036
 20
189.0080400567
 30
0.0
 11
97.7585810036
 21
201.0080400567
 31
0.0
  0
LINE
  5
F3
330
67
100
AcDbEntity
  8
DV1_Default
  6
Continuous
 62
     7
 48
25.4
100
AcDbLine
 10
97.0139077404
 20
190.8889651504
 30
0.0
 11
96.9585810036
 21
191.0962600199
 31
0.0
  0
LINE
  5
F4
330
67
100
AcDbEntity
  8
DV1_Default
  6
Continuous
 62
     7
 48
25.4
100
AcDbLine
 10
97.2385810036
 20
190.0471729629
 30
0.0
 11
97.0139077404
 21
190.8889651504
 31
0.0
  0
LINE
  5
F5
330
67
100
AcDbEntity
  8
DV1_Default
  6
Continuous
 62
     7
 48
25.4
100
AcDbLine
 10
96.9585810036
 20
189.9023453767
 30
0.0
 11
97.2385810036
 21
190.0471729629
 31
0.0
  0
LINE
  5
F6
330
67
100
AcDbEntity
  8
DV1_Default
  6
Continuous
 62
     7
 48
25.4
100
AcDbLine
 10
95.8385810036
 20
189.9023453767
 30
0.0
 11
95.8385810036
 21
189.1281564648
 31
0.0
  0
ARC
  5
F7
330
67
100
AcDbEntity
  8
DV1_Default
  6
Continuous
 62
     7
 48
25.4
100
AcDbCircle
 10
96.3985810036
 20
189.1281564648
 30
0.0
 40
0.5600000000000005
100
AcDbArc
 50
180.0
 51
360.0
  0
LINE
  5
F8
330
67
100
AcDbEntity
  8
DV1_Default
  6
Continuous
 62
     7
 48
25.4
100
AcDbLine
 10
96.9585810036
 20
189.1281564648
 30
0.0
 11
96.9585810036
 21
189.9023453767
 31
0.0
  0
LINE
  5
F9
330
67
100
AcDbEntity
  8
DV1_Default
  6
Continuous
 62
     7
 48
25.4
100
AcDbLine
 10
95.5585810036
 20
190.0471729629
 30
0.0
 11
95.8385810036
 21
189.9023453767
 31
0.0
  0
LINE
  5
FA
330
67
100
AcDbEntity
  8
DV1_Default
  6
Continuous
 62
     7
 48
25.4
100
AcDbLine
 10
95.7832542668
 20
190.8889651504
 30
0.0
 11
95.5585810036
 21
190.0471729629
 31
0.0
  0
LINE
  5
FB
330
67
100
AcDbEntity
  8
DV1_Default
  6
Continuous
 62
     7
 48
25.4
100
AcDbLine
 10
95.8385810036
 20
191.0962600199
 30
0.0
 11
95.7832542668
 21
190.8889651504
 31
0.0
  0
LINE
  5
FC
330
67
100
AcDbEntity
  8
DV1_Default
  6
Continuous
 62
     7
 48
25.4
100
AcDbLine
 10
96.9585810036
 20
191.0962600199
 30
0.0
 11
96.9585810036
 21
193.9127133199
 31
0.0
  0
LINE
  5
FD
330
67
100
AcDbEntity
  8
DV1_Default
  6
Continuous
 62
     7
 48
25.4
100
AcDbLine
 10
95.8385810036
 20
193.9127133199
 30
0.0
 11
95.8385810036
 21
191.0962600199
 31
0.0
  0
ARC
  5
FE
330
67
100
AcDbEntity
  8
DV1_Default
  6
Continuous
 62
     7
 48
25.4
100
AcDbCircle
 10
96.3985810036
 20
193.9127133199
 30
0.0
 40
0.5600000000000005
100
AcDbArc
 50
0.0
 51
180.0
  0
LINE
  5
FF
330
67
100
AcDbEntity
  8
DV1_Default
  6
Continuous
 62
     7
 48
25.4
100
AcDbLine
 10
96.9585810036
 20
189.9023453767
 30
0.0
 11
96.6385810036
 21
190.0971001953
 31
0.0
  0
LINE
  5
100
330
67
100
AcDbEntity
  8
DV1_Default
  6
Continuous
 62
     7
 48
25.4
100
AcDbLine
 10
97.2385810036
 20
190.0471729629
 30
0.0
 11
96.8630638566
 21
190.2132120158
 31
0.0
  0
LINE
  5
101
330
67
100
AcDbEntity
  8
DV1_Default
  6
Continuous
 62
     7
 48
25.4
100
AcDbLine
 10
96.9585810036
 20
191.0962600199
 30
0.0
 11
96.6385810036
 21
191.0542907858
 31
0.0
  0
LINE
  5
102
330
67
100
AcDbEntity
  8
DV1_Default
  6
Continuous
 62
     7
 48
25.4
100
AcDbLine
 10
96.1585810036
 20
191.0542907858
 30
0.0
 11
95.8385810036
 21
191.0962600199
 31
0.0
  0
LINE
  5
103
330
67
100
AcDbEntity
  8
DV1_Default
  6
Continuous
 62
     7
 48
25.4
100
AcDbLine
 10
96.1585810036
 20
190.0971001953
 30
0.0
 11
95.8385810036
 21
189.9023453767
 31
0.0
  0
LINE
  5
104
330
67
100
AcDbEntity
  8
DV1_Default
  6
Continuous
 62
     7
 48
25.4
100
AcDbLine
 10
95.9340981506
 20
190.2132120158
 30
0.0
 11
95.5585810036
 21
190.0471729629
 31
0.0
  0
LINE
  5
105
330
67
100
AcDbEntity
  8
DV1_Default
  6
Continuous
 62
     7
 48
25.4
100
AcDbLine
 10
97.5185810036
 20
200.7876959437
 30
0.0
 11
95.2785810036
 21
200.7876959437
 31
0.0
  0
LINE
  5
106
330
67
100
AcDbEntity
  8
DV1_Default
  6
Continuous
 62
     7
 48
25.4
100
AcDbLine
 10
97.5185810036
 20
200.1476959437
 30
0.0
 11
97.5185810036
 21
200.7876959437
 31
0.0
  0
LINE
  5
107
330
67
100
AcDbEntity
  8
DV1_Default
  6
Continuous
 62
     7
 48
25.4
100
AcDbLine
 10
95.2785810036
 20
200.7876959437
 30
0.0
 11
95.2785810036
 21
200.1476959437
 31
0.0
  0
LINE
  5
108
330
67
100
AcDbEntity
  8
DV1_Default
  6
Continuous
 62
     7
 48
25.4
100
AcDbLine
 10
95.2785810036
 20
200.1476959437
 30
0.0
 11
97.5185810036
 21
200.1476959437
 31
0.0
  0
LINE
  5
109
330
67
100
AcDbEntity
  8
DV1_Default
  6
Continuous
 62
     7
 48
25.4
100
AcDbLine
 10
99.1145426351
 20
106.7441452482
 30
0.0
 11
97.4745426351
 21
106.7441452482
 31
0.0
  0
ARC
  5
10A
330
67
100
AcDbEntity
  8
DV1_Default
  6
Continuous
 62
     7
 48
25.4
100
AcDbCircle
 10
97.4745426351
 20
107.1041452482
 30
0.0
 40
0.3599999999999959
100
AcDbArc
 50
180.0
 51
270.0
  0
ARC
  5
10B
330
67
100
AcDbEntity
  8
DV1_Default
  6
Continuous
 62
     7
 48
25.4
100
AcDbCircle
 10
99.1145426351
 20
107.1041452482
 30
0.0
 40
0.3600000000000003
100
AcDbArc
 50
270.0
 51
360.0
  0
LINE
  5
10C
330
67
100
AcDbEntity
  8
DV1_Default
  6
Continuous
 62
     7
 48
25.4
100
AcDbLine
 10
99.4745426351
 20
107.1041452482
 30
0.0
 11
99.4745426351
 21
110.1150283658
 31
0.0
  0
LINE
  5
10D
330
67
100
AcDbEntity
  8
DV1_Default
  6
Continuous
 62
     7
 48
25.4
100
AcDbLine
 10
51.4745426351
 20
107.1041452482
 30
0.0
 11
51.4745426351
 21
282.3841452482
 31
0.0
  0
ARC
  5
10E
330
67
100
AcDbEntity
  8
DV1_Default
  6
Continuous
 62
     7
 48
25.4
100
AcDbCircle
 10
51.8345426351
 20
282.3841452482
 30
0.0
 40
0.3600000000000136
100
AcDbArc
 50
90.0
 51
180.0
  0
LINE
  5
10F
330
67
100
AcDbEntity
  8
DV1_Default
  6
Continuous
 62
     7
 48
25.4
100
AcDbLine
 10
51.8345426351
 20
282.7441452482
 30
0.0
 11
53.4745426351
 21
282.7441452482
 31
0.0
  0
ARC
  5
110
330
67
100
AcDbEntity
  8
DV1_Default
  6
Continuous
 62
     7
 48
25.4
100
AcDbCircle
 10
53.4745426351
 20
107.1041452482
 30
0.0
 40
0.36
100
AcDbArc
 50
270.0
 51
360.0
  0
LINE
  5
111
330
67
100
AcDbEntity
  8
DV1_Default
  6
Continuous
 62
     7
 48
25.4
100
AcDbLine
 10
51.8345426351
 20
106.7441452482
 30
0.0
 11
53.4745426351
 21
106.7441452482
 31
0.0
  0
ARC
  5
112
330
67
100
AcDbEntity
  8
DV1_Default
  6
Continuous
 62
     7
 48
25.4
100
AcDbCircle
 10
51.8345426351
 20
107.1041452482
 30
0.0
 40
0.36
100
AcDbArc
 50
180.0
 51
270.0
  0
ARC
  5
113
330
67
100
AcDbEntity
  8
DV1_Default
  6
Continuous
 62
     7
 48
25.4
100
AcDbCircle
 10
53.4745426351
 20
282.3841452482
 30
0.0
 40
0.3599999999999999
100
AcDbArc
 50
24.9583292579
 51
90.0
  0
LINE
  5
114
330
67
100
AcDbEntity
  8
DV1_Default
  6
Continuous
 62
     7
 48
25.4
100
AcDbLine
 10
97.1145426351
 20
106.7441452482
 30
0.0
 11
53.8345426351
 21
106.7441452482
 31
0.0
  0
LINE
  5
115
330
67
100
AcDbEntity
  8
DV1_Default
  6
Continuous
 62
     7
 48
25.4
100
AcDbLine
 10
53.8345426351
 20
107.1041452482
 30
0.0
 11
53.8345426351
 21
106.7441452482
 31
0.0
  0
LINE
  5
116
330
67
100
AcDbEntity
  8
DV1_Default
  6
Continuous
 62
     7
 48
25.4
100
AcDbLine
 10
97.1145426351
 20
111.7841452482
 30
0.0
 11
97.1145426351
 21
107.1041452482
 31
0.0
  0
LINE
  5
117
330
67
100
AcDbEntity
  8
DV1_Default
  6
Continuous
 62
     7
 48
25.4
100
AcDbLine
 10
53.8345426351
 20
111.7841452482
 30
0.0
 11
53.8345426351
 21
107.1041452482
 31
0.0
  0
LINE
  5
118
330
67
100
AcDbEntity
  8
DV1_Default
  6
Continuous
 62
     7
 48
25.4
100
AcDbLine
 10
97.1145426351
 20
107.1041452482
 30
0.0
 11
97.1145426351
 21
106.7441452482
 31
0.0
  0
ARC
  5
119
330
67
100
AcDbEntity
  8
DV1_Default
  6
Continuous
 62
     7
 48
25.4
100
AcDbCircle
 10
99.1145426351
 20
282.3841452482
 30
0.0
 40
0.3600000000000136
100
AcDbArc
 50
0.0
 51
90.0
  0
LINE
  5
11A
330
67
100
AcDbEntity
  8
DV1_Default
  6
Continuous
 62
     7
 48
25.4
100
AcDbLine
 10
99.4745426351
 20
282.3841452482
 30
0.0
 11
99.4745426351
 21
107.1041452482
 31
0.0
  0
ARC
  5
11B
330
67
100
AcDbEntity
  8
DV1_Default
  6
Continuous
 62
     7
 48
25.4
100
AcDbCircle
 10
97.4745426351
 20
282.3841452482
 30
0.0
 40
0.3600000000000048
100
AcDbArc
 50
90.0
 51
155.041670742
  0
ARC
  5
11C
330
67
100
AcDbEntity
  8
DV1_Default
  6
Continuous
 62
     7
 48
25.4
100
AcDbCircle
 10
97.4745426351
 20
107.1041452482
 30
0.0
 40
0.3599999999999959
100
AcDbArc
 50
180.0
 51
270.0
  0
ARC
  5
11D
330
67
100
AcDbEntity
  8
DV1_Default
  6
Continuous
 62
     7
 48
25.4
100
AcDbCircle
 10
99.1145426351
 20
107.1041452482
 30
0.0
 40
0.3599999999999913
100
AcDbArc
 50
270.0
 51
360.0
  0
LINE
  5
11E
330
67
100
AcDbEntity
  8
DV1_Default
  6
Continuous
 62
     7
 48
25.4
100
AcDbLine
 10
99.1145426351
 20
106.7441452482
 30
0.0
 11
97.4745426351
 21
106.7441452482
 31
0.0
  0
LINE
  5
11F
330
67
100
AcDbEntity
  8
DV1_Default
  6
Continuous
 62
     7
 48
25.4
100
AcDbLine
 10
99.1145426351
 20
282.7441452482
 30
0.0
 11
97.4745426351
 21
282.7441452482
 31
0.0
  0
LINE
  5
120
330
67
100
AcDbEntity
  8
DV1_Default
  6
Continuous
 62
     7
 48
25.4
100
AcDbLine
 10
53.8345426351
 20
282.7441452482
 30
0.0
 11
97.1145426351
 21
282.7441452482
 31
0.0
  0
LINE
  5
121
330
67
100
AcDbEntity
  8
DV1_Default
  6
Continuous
 62
     7
 48
25.4
100
AcDbLine
 10
97.1145426351
 20
282.5360504882
 30
0.0
 11
97.1145426351
 21
282.7441452482
 31
0.0
  0
LINE
  5
122
330
67
100
AcDbEntity
  8
DV1_Default
  6
Continuous
 62
     7
 48
25.4
100
AcDbLine
 10
53.8345426351
 20
282.5360504882
 30
0.0
 11
53.8345426351
 21
282.7441452482
 31
0.0
  0
LINE
  5
123
330
67
100
AcDbEntity
  8
DV1_Default
  6
Continuous
 62
     7
 48
25.4
100
AcDbLine
 10
99.4745426351
 20
282.3841452482
 30
0.0
 11
99.4745426351
 21
279.3732621307
 31
0.0
  0
ARC
  5
124
330
67
100
AcDbEntity
  8
DV1_Default
  6
Continuous
 62
     7
 48
25.4
100
AcDbCircle
 10
99.1145426351
 20
282.3841452482
 30
0.0
 40
0.3599999999999959
100
AcDbArc
 50
0.0
 51
90.0
  0
LINE
  5
125
330
67
100
AcDbEntity
  8
DV1_Default
  6
Continuous
 62
     7
 48
25.4
100
AcDbLine
 10
99.1145426351
 20
282.7441452482
 30
0.0
 11
97.4745426351
 21
282.7441452482
 31
0.0
  0
ARC
  5
126
330
67
100
AcDbEntity
  8
DV1_Default
  6
Continuous
 62
     7
 48
25.4
100
AcDbCircle
 10
97.4745426351
 20
282.3841452482
 30
0.0
 40
0.3599999999999959
100
AcDbArc
 50
90.0
 51
155.041670742
  0
ARC
  5
127
330
67
100
AcDbEntity
  8
DV1_Default
  6
Continuous
 62
     7
 48
25.4
100
AcDbCircle
 10
51.8345426351
 20
107.1041452482
 30
0.0
 40
0.3599999999999995
100
AcDbArc
 50
180.0
 51
270.0
  0
LINE
  5
128
330
67
100
AcDbEntity
  8
DV1_Default
  6
Continuous
 62
     7
 48
25.4
100
AcDbLine
 10
51.8345426351
 20
106.7441452482
 30
0.0
 11
53.4745426351
 21
106.7441452482
 31
0.0
  0
ARC
  5
129
330
67
100
AcDbEntity
  8
DV1_Default
  6
Continuous
 62
     7
 48
25.4
100
AcDbCircle
 10
53.4745426351
 20
107.1041452482
 30
0.0
 40
0.3600000000000002
100
AcDbArc
 50
270.0
 51
360.0
  0
LINE
  5
12A
330
67
100
AcDbEntity
  8
DV1_Default
  6
Continuous
 62
     7
 48
25.4
100
AcDbLine
 10
51.8345426351
 20
282.7441452482
 30
0.0
 11
53.4745426351
 21
282.7441452482
 31
0.0
  0
ARC
  5
12B
330
67
100
AcDbEntity
  8
DV1_Default
  6
Continuous
 62
     7
 48
25.4
100
AcDbCircle
 10
53.4745426351
 20
282.3841452482
 30
0.0
 40
0.3599999999999789
100
AcDbArc
 50
24.9583292579
 51
90.0
  0
ARC
  5
12C
330
67
100
AcDbEntity
  8
DV1_Default
  6
Continuous
 62
     7
 48
25.4
100
AcDbCircle
 10
51.8345426351
 20
282.3841452482
 30
0.0
 40
0.3599999999999959
100
AcDbArc
 50
90.0
 51
180.0
  0
LINE
  5
12D
330
67
100
AcDbEntity
  8
DV1_Default
  6
Continuous
 62
     7
 48
25.4
100
AcDbLine
 10
98.4345426351
 20
111.7841452482
 30
0.0
 11
52.5145426351
 21
111.7841452482
 31
0.0
  0
LINE
  5
12E
330
67
100
AcDbEntity
  8
DV1_Default
  6
Continuous
 62
     7
 48
25.4
100
AcDbLine
 10
52.5145426351
 20
112.1441452482
 30
0.0
 11
52.5145426351
 21
111.7841452482
 31
0.0
  0
LINE
  5
12F
330
67
100
AcDbEntity
  8
DV1_Default
  6
Continuous
 62
     7
 48
25.4
100
AcDbLine
 10
98.4345426351
 20
111.7841452482
 30
0.0
 11
98.4345426351
 21
112.1441452482
 31
0.0
  0
LINE
  5
130
330
67
100
AcDbEntity
  8
DV1_Default
  6
Continuous
 62
     7
 48
25.4
100
AcDbLine
 10
98.4345426351
 20
261.3441452482
 30
0.0
 11
98.4345426351
 21
261.7041452482
 31
0.0
  0
LINE
  5
131
330
67
100
AcDbEntity
  8
DV1_Default
  6
Continuous
 62
     7
 48
25.4
100
AcDbLine
 10
52.5145426351
 20
261.7041452482
 30
0.0
 11
52.5145426351
 21
261.3441452482
 31
0.0
  0
LINE
  5
132
330
67
100
AcDbEntity
  8
DV1_Default
  6
Continuous
 62
     7
 48
25.4
100
AcDbLine
 10
52.5145426351
 20
261.7041452482
 30
0.0
 11
98.4345426351
 21
261.7041452482
 31
0.0
  0
LINE
  5
133
330
67
100
AcDbEntity
  8
DV1_Default
  6
Continuous
 62
     7
 48
25.4
100
AcDbLine
 10
52.5145426351
 20
261.3441452482
 30
0.0
 11
52.1545426351
 21
261.3441452482
 31
0.0
  0
LINE
  5
134
330
67
100
AcDbEntity
  8
DV1_Default
  6
Continuous
 62
     7
 48
25.4
100
AcDbLine
 10
52.1545426351
 20
112.1441452482
 30
0.0
 11
52.1545426351
 21
261.3441452482
 31
0.0
  0
LINE
  5
135
330
67
100
AcDbEntity
  8
DV1_Default
  6
Continuous
 62
     7
 48
25.4
100
AcDbLine
 10
52.1545426351
 20
112.1441452482
 30
0.0
 11
52.5145426351
 21
112.1441452482
 31
0.0
  0
LINE
  5
136
330
67
100
AcDbEntity
  8
DV1_Default
  6
Continuous
 62
     7
 48
25.4
100
AcDbLine
 10
98.4345426351
 20
112.1441452482
 30
0.0
 11
98.7945426351
 21
112.1441452482
 31
0.0
  0
LINE
  5
137
330
67
100
AcDbEntity
  8
DV1_Default
  6
Continuous
 62
     7
 48
25.4
100
AcDbLine
 10
98.7945426351
 20
261.3441452482
 30
0.0
 11
98.7945426351
 21
112.1441452482
 31
0.0
  0
LINE
  5
138
330
67
100
AcDbEntity
  8
DV1_Default
  6
Continuous
 62
     7
 48
25.4
100
AcDbLine
 10
98.7945426351
 20
261.3441452482
 30
0.0
 11
98.4345426351
 21
261.3441452482
 31
0.0
  0
LINE
  5
139
330
67
100
AcDbEntity
  8
DV1_Default
  6
Continuous
 62
     7
 48
25.4
100
AcDbLine
 10
99.4745426351
 20
107.1041452482
 30
0.0
 11
99.4745426351
 21
266.3841452482
 31
0.0
  0
LINE
  5
13A
330
67
100
AcDbEntity
  8
DV1_Default
  6
Continuous
 62
     7
 48
25.4
100
AcDbLine
 10
99.4745426351
 20
282.3841452482
 30
0.0
 11
99.4745426351
 21
279.3732621307
 31
0.0
  0
LINE
  5
13B
330
67
100
AcDbEntity
  8
DV1_Default
  6
Continuous
 62
     7
 48
25.4
100
AcDbLine
 10
99.4745426351
 20
107.1041452482
 30
0.0
 11
99.4745426351
 21
110.1150283658
 31
0.0
  0
LINE
  5
13C
330
67
100
AcDbEntity
  8
Default
  6
Continuous
 62
     7
 48
25.4
100
AcDbLine
 10
95.640479378
 20
258.964052916
 30
0.0
 11
95.9596764306
 21
259.5124170832
 31
0.0
  0
LINE
  5
13D
330
67
100
AcDbEntity
  8
Default
  6
Continuous
 62
     7
 48
25.4
100
AcDbLine
 10
96.2846437378
 20
258.964052916
 30
0.0
 11
95.640479378
 21
258.964052916
 31
0.0
  0
LINE
  5
13E
330
67
100
AcDbEntity
  8
Default
  6
Continuous
 62
     7
 48
25.4
100
AcDbLine
 10
95.9596764306
 20
259.5124170832
 30
0.0
 11
96.2846437378
 21
258.964052916
 31
0.0
  0
CIRCLE
  5
13F
330
67
100
AcDbEntity
  8
Default
  6
Continuous
 62
     7
 48
25.4
100
AcDbCircle
 10
95.9491366275
 20
259.1633081873
 30
0.0
 40
0.7218532104951055
  0
LINE
  5
140
330
67
100
AcDbEntity
  8
Default
  6
Continuous
 62
     7
 48
25.4
100
AcDbLine
 10
94.1833957656
 20
257.3197829968
 30
0.0
 11
94.1833957656
 21
260.9290490493
 31
0.0
  0
LINE
  5
141
330
67
100
AcDbEntity
  8
Default
  6
Continuous
 62
     7
 48
25.4
100
AcDbLine
 10
97.792661818
 20
257.3197829968
 30
0.0
 11
94.1833957656
 21
257.3197829968
 31
0.0
  0
LINE
  5
142
330
67
100
AcDbEntity
  8
Default
  6
Continuous
 62
     7
 48
25.4
100
AcDbLine
 10
97.792661818
 20
260.9290490493
 30
0.0
 11
97.792661818
 21
257.3197829968
 31
0.0
  0
LINE
  5
143
330
67
100
AcDbEntity
  8
Default
  6
Continuous
 62
     7
 48
25.4
100
AcDbLine
 10
94.1833957656
 20
260.9290490493
 30
0.0
 11
97.792661818
 21
260.9290490493
 31
0.0
  0
LINE
  5
144
330
67
100
AcDbEntity
  8
Default
  6
Continuous
 62
     7
 48
25.4
100
AcDbLine
 10
95.640479378
 20
115.302388637
 30
0.0
 11
95.9596764306
 21
115.8507528042
 31
0.0
  0
LINE
  5
145
330
67
100
AcDbEntity
  8
Default
  6
Continuous
 62
     7
 48
25.4
100
AcDbLine
 10
96.2846437378
 20
115.302388637
 30
0.0
 11
95.640479378
 21
115.302388637
 31
0.0
  0
LINE
  5
146
330
67
100
AcDbEntity
  8
Default
  6
Continuous
 62
     7
 48
25.4
100
AcDbLine
 10
95.9596764306
 20
115.8507528042
 30
0.0
 11
96.2846437378
 21
115.302388637
 31
0.0
  0
CIRCLE
  5
147
330
67
100
AcDbEntity
  8
Default
  6
Continuous
 62
     7
 48
25.4
100
AcDbCircle
 10
95.9491366275
 20
115.5016439083
 30
0.0
 40
0.7218532104951055
  0
LINE
  5
148
330
67
100
AcDbEntity
  8
Default
  6
Continuous
 62
     7
 48
25.4
100
AcDbLine
 10
94.1833957656
 20
113.6581187178
 30
0.0
 11
94.1833957656
 21
117.2673847703
 31
0.0
  0
LINE
  5
149
330
67
100
AcDbEntity
  8
Default
  6
Continuous
 62
     7
 48
25.4
100
AcDbLine
 10
97.792661818
 20
113.6581187178
 30
0.0
 11
94.1833957656
 21
113.6581187178
 31
0.0
  0
LINE
  5
14A
330
67
100
AcDbEntity
  8
Default
  6
Continuous
 62
     7
 48
25.4
100
AcDbLine
 10
97.792661818
 20
117.2673847703
 30
0.0
 11
97.792661818
 21
113.6581187178
 31
0.0
  0
LINE
  5
14B
330
67
100
AcDbEntity
  8
Default
  6
Continuous
 62
     7
 48
25.4
100
AcDbLine
 10
94.1833957656
 20
117.2673847703
 30
0.0
 11
97.792661818
 21
117.2673847703
 31
0.0
  0
LINE
  5
14C
330
67
100
AcDbEntity
  8
DV1_Default
  6
Continuous
 62
     7
 48
25.4
100
AcDbLine
 10
51.4745426351
 20
282.3841452482
 30
0.0
 11
51.4745426351
 21
107.1041452482
 31
0.0
  0
LINE
  5
14D
330
67
100
AcDbEntity
  8
DV1_Default
  6
Continuous
 62
     7
 48
25.4
100
AcDbLine
 10
51.4745426351
 20
107.1041452482
 30
0.0
 11
51.4745426351
 21
266.3841452482
 31
0.0
  0
LINE
  5
14E
330
67
100
AcDbEntity
  8
DV1_Default
  6
Continuous
 62
     7
 48
25.4
100
AcDbLine
 10
51.4745426351
 20
282.3841452482
 30
0.0
 11
51.4745426351
 21
107.1041452482
 31
0.0
  0
LINE
  5
14F
330
67
100
AcDbEntity
  8
DV1_Default
  6
Continuous
 62
     7
 48
25.4
100
AcDbLine
 10
51.4745426351
 20
107.1041452482
 30
0.0
 11
51.4745426351
 21
266.3841452482
 31
0.0
  0
LINE
  5
150
330
67
100
AcDbEntity
  8
DV1_Default
  6
Continuous
 62
     7
 48
25.4
100
AcDbLine
 10
51.4745426351
 20
282.3841452482
 30
0.0
 11
51.4745426351
 21
107.1041452482
 31
0.0
  0
LINE
  5
151
330
67
100
AcDbEntity
  8
DV1_Default
  6
Continuous
 62
     7
 48
25.4
100
AcDbLine
 10
51.4745426351
 20
107.1041452482
 30
0.0
 11
51.4745426351
 21
266.3841452482
 31
0.0
  0
LINE
  5
152
330
67
100
AcDbEntity
  8
DV1_Default
  6
Continuous
 62
     7
 48
25.4
100
AcDbLine
 10
51.4745426351
 20
282.3841452482
 30
0.0
 11
51.4745426351
 21
123.1041452482
 31
0.0
  0
LINE
  5
153
330
67
100
AcDbEntity
  8
DV1_Default
  6
Continuous
 62
     7
 48
25.4
100
AcDbLine
 10
51.4745426351
 20
107.1041452482
 30
0.0
 11
51.4745426351
 21
282.3841452482
 31
0.0
  0
LINE
  5
154
330
67
100
AcDbEntity
  8
DV1_Default
  6
Continuous
 62
     7
 48
25.4
100
AcDbLine
 10
51.4745426351
 20
107.1041452482
 30
0.0
 11
51.4745426351
 21
266.3841452482
 31
0.0
  0
LINE
  5
155
330
67
100
AcDbEntity
  8
DV1_Default
  6
Continuous
 62
     7
 48
25.4
100
AcDbLine
 10
51.4745426351
 20
282.3841452482
 30
0.0
 11
51.4745426351
 21
107.1041452482
 31
0.0
  0
LINE
  5
156
330
67
100
AcDbEntity
  8
DV1_Default
  6
Continuous
 62
     7
 48
25.4
100
AcDbLine
 10
51.4745426351
 20
107.1041452482
 30
0.0
 11
51.4745426351
 21
266.3841452482
 31
0.0
  0
LINE
  5
157
330
67
100
AcDbEntity
  8
DV1_Default
  6
Continuous
 62
     7
 48
25.4
100
AcDbLine
 10
51.4745426351
 20
107.1041452482
 30
0.0
 11
51.4745426351
 21
282.3841452482
 31
0.0
  0
LINE
  5
158
330
67
100
AcDbEntity
  8
DV1_Default
  6
Continuous
 62
     7
 48
25.4
100
AcDbLine
 10
57.1745426351
 20
125.3841452482
 30
0.0
 11
58.5745426351
 21
125.3841452482
 31
0.0
  0
LINE
  5
159
330
67
100
AcDbEntity
  8
DV1_Default
  6
Continuous
 62
     7
 48
25.4
100
AcDbLine
 10
58.5745426351
 20
123.3841452482
 30
0.0
 11
57.1745426351
 21
123.3841452482
 31
0.0
  0
LINE
  5
15A
330
67
100
AcDbEntity
  8
DV1_Default
  6
Continuous
 62
     7
 48
25.4
100
AcDbLine
 10
57.1745426351
 20
123.3841452482
 30
0.0
 11
57.1745426351
 21
125.3841452482
 31
0.0
  0
LINE
  5
15B
330
67
100
AcDbEntity
  8
DV1_Default
  6
Continuous
 62
     7
 48
25.4
100
AcDbLine
 10
58.5745426351
 20
125.3841452482
 30
0.0
 11
58.5745426351
 21
123.3841452482
 31
0.0
  0
LINE
  5
15C
330
67
100
AcDbEntity
  8
DV1_Default
  6
Continuous
 62
     7
 48
25.4
100
AcDbLine
 10
58.7745426351
 20
125.3841452482
 30
0.0
 11
60.1745426351
 21
125.3841452482
 31
0.0
  0
LINE
  5
15D
330
67
100
AcDbEntity
  8
DV1_Default
  6
Continuous
 62
     7
 48
25.4
100
AcDbLine
 10
60.1745426351
 20
123.3841452482
 30
0.0
 11
58.7745426351
 21
123.3841452482
 31
0.0
  0
LINE
  5
15E
330
67
100
AcDbEntity
  8
DV1_Default
  6
Continuous
 62
     7
 48
25.4
100
AcDbLine
 10
58.7745426351
 20
123.3841452482
 30
0.0
 11
58.7745426351
 21
125.3841452482
 31
0.0
  0
LINE
  5
15F
330
67
100
AcDbEntity
  8
DV1_Default
  6
Continuous
 62
     7
 48
25.4
100
AcDbLine
 10
60.1745426351
 20
125.3841452482
 30
0.0
 11
60.1745426351
 21
123.3841452482
 31
0.0
  0
LINE
  5
160
330
67
100
AcDbEntity
  8
DV1_Default
  6
Continuous
 62
     7
 48
25.4
100
AcDbLine
 10
60.3745426351
 20
125.3841452482
 30
0.0
 11
61.7745426351
 21
125.3841452482
 31
0.0
  0
LINE
  5
161
330
67
100
AcDbEntity
  8
DV1_Default
  6
Continuous
 62
     7
 48
25.4
100
AcDbLine
 10
61.7745426351
 20
123.3841452482
 30
0.0
 11
60.3745426351
 21
123.3841452482
 31
0.0
  0
LINE
  5
162
330
67
100
AcDbEntity
  8
DV1_Default
  6
Continuous
 62
     7
 48
25.4
100
AcDbLine
 10
60.3745426351
 20
123.3841452482
 30
0.0
 11
60.3745426351
 21
125.3841452482
 31
0.0
  0
LINE
  5
163
330
67
100
AcDbEntity
  8
DV1_Default
  6
Continuous
 62
     7
 48
25.4
100
AcDbLine
 10
61.7745426351
 20
125.3841452482
 30
0.0
 11
61.7745426351
 21
123.3841452482
 31
0.0
  0
LINE
  5
164
330
67
100
AcDbEntity
  8
DV1_Default
  6
Continuous
 62
     7
 48
25.4
100
AcDbLine
 10
61.9745426351
 20
125.3841452482
 30
0.0
 11
63.3745426351
 21
125.3841452482
 31
0.0
  0
LINE
  5
165
330
67
100
AcDbEntity
  8
DV1_Default
  6
Continuous
 62
     7
 48
25.4
100
AcDbLine
 10
63.3745426351
 20
123.3841452482
 30
0.0
 11
61.9745426351
 21
123.3841452482
 31
0.0
  0
LINE
  5
166
330
67
100
AcDbEntity
  8
DV1_Default
  6
Continuous
 62
     7
 48
25.4
100
AcDbLine
 10
61.9745426351
 20
123.3841452482
 30
0.0
 11
61.9745426351
 21
125.3841452482
 31
0.0
  0
LINE
  5
167
330
67
100
AcDbEntity
  8
DV1_Default
  6
Continuous
 62
     7
 48
25.4
100
AcDbLine
 10
63.3745426351
 20
125.3841452482
 30
0.0
 11
63.3745426351
 21
123.3841452482
 31
0.0
  0
LINE
  5
168
330
67
100
AcDbEntity
  8
DV1_Default
  6
Continuous
 62
     7
 48
25.4
100
AcDbLine
 10
63.5745426351
 20
125.3841452482
 30
0.0
 11
64.9745426351
 21
125.3841452482
 31
0.0
  0
LINE
  5
169
330
67
100
AcDbEntity
  8
DV1_Default
  6
Continuous
 62
     7
 48
25.4
100
AcDbLine
 10
64.9745426351
 20
123.3841452482
 30
0.0
 11
63.5745426351
 21
123.3841452482
 31
0.0
  0
LINE
  5
16A
330
67
100
AcDbEntity
  8
DV1_Default
  6
Continuous
 62
     7
 48
25.4
100
AcDbLine
 10
63.5745426351
 20
123.3841452482
 30
0.0
 11
63.5745426351
 21
125.3841452482
 31
0.0
  0
LINE
  5
16B
330
67
100
AcDbEntity
  8
DV1_Default
  6
Continuous
 62
     7
 48
25.4
100
AcDbLine
 10
64.9745426351
 20
125.3841452482
 30
0.0
 11
64.9745426351
 21
123.3841452482
 31
0.0
  0
LINE
  5
16C
330
67
100
AcDbEntity
  8
DV1_Default
  6
Continuous
 62
     7
 48
25.4
100
AcDbLine
 10
65.1745426351
 20
125.3841452482
 30
0.0
 11
66.5745426351
 21
125.3841452482
 31
0.0
  0
LINE
  5
16D
330
67
100
AcDbEntity
  8
DV1_Default
  6
Continuous
 62
     7
 48
25.4
100
AcDbLine
 10
66.5745426351
 20
123.3841452482
 30
0.0
 11
65.1745426351
 21
123.3841452482
 31
0.0
  0
LINE
  5
16E
330
67
100
AcDbEntity
  8
DV1_Default
  6
Continuous
 62
     7
 48
25.4
100
AcDbLine
 10
65.1745426351
 20
123.3841452482
 30
0.0
 11
65.1745426351
 21
125.3841452482
 31
0.0
  0
LINE
  5
16F
330
67
100
AcDbEntity
  8
DV1_Default
  6
Continuous
 62
     7
 48
25.4
100
AcDbLine
 10
66.5745426351
 20
125.3841452482
 30
0.0
 11
66.5745426351
 21
123.3841452482
 31
0.0
  0
LINE
  5
170
330
67
100
AcDbEntity
  8
DV1_Default
  6
Continuous
 62
     7
 48
25.4
100
AcDbLine
 10
66.7745426351
 20
125.3841452482
 30
0.0
 11
68.1745426351
 21
125.3841452482
 31
0.0
  0
LINE
  5
171
330
67
100
AcDbEntity
  8
DV1_Default
  6
Continuous
 62
     7
 48
25.4
100
AcDbLine
 10
68.1745426351
 20
123.3841452482
 30
0.0
 11
66.7745426351
 21
123.3841452482
 31
0.0
  0
LINE
  5
172
330
67
100
AcDbEntity
  8
DV1_Default
  6
Continuous
 62
     7
 48
25.4
100
AcDbLine
 10
66.7745426351
 20
123.3841452482
 30
0.0
 11
66.7745426351
 21
125.3841452482
 31
0.0
  0
LINE
  5
173
330
67
100
AcDbEntity
  8
DV1_Default
  6
Continuous
 62
     7
 48
25.4
100
AcDbLine
 10
68.1745426351
 20
125.3841452482
 30
0.0
 11
68.1745426351
 21
123.3841452482
 31
0.0
  0
LINE
  5
174
330
67
100
AcDbEntity
  8
DV1_Default
  6
Continuous
 62
     7
 48
25.4
100
AcDbLine
 10
68.3745426351
 20
125.3841452482
 30
0.0
 11
69.7745426351
 21
125.3841452482
 31
0.0
  0
LINE
  5
175
330
67
100
AcDbEntity
  8
DV1_Default
  6
Continuous
 62
     7
 48
25.4
100
AcDbLine
 10
69.7745426351
 20
123.3841452482
 30
0.0
 11
68.3745426351
 21
123.3841452482
 31
0.0
  0
LINE
  5
176
330
67
100
AcDbEntity
  8
DV1_Default
  6
Continuous
 62
     7
 48
25.4
100
AcDbLine
 10
68.3745426351
 20
123.3841452482
 30
0.0
 11
68.3745426351
 21
125.3841452482
 31
0.0
  0
LINE
  5
177
330
67
100
AcDbEntity
  8
DV1_Default
  6
Continuous
 62
     7
 48
25.4
100
AcDbLine
 10
69.7745426351
 20
125.3841452482
 30
0.0
 11
69.7745426351
 21
123.3841452482
 31
0.0
  0
LINE
  5
178
330
67
100
AcDbEntity
  8
DV1_Default
  6
Continuous
 62
     7
 48
25.4
100
AcDbLine
 10
69.9745426351
 20
125.3841452482
 30
0.0
 11
71.3745426351
 21
125.3841452482
 31
0.0
  0
LINE
  5
179
330
67
100
AcDbEntity
  8
DV1_Default
  6
Continuous
 62
     7
 48
25.4
100
AcDbLine
 10
71.3745426351
 20
123.3841452482
 30
0.0
 11
69.9745426351
 21
123.3841452482
 31
0.0
  0
LINE
  5
17A
330
67
100
AcDbEntity
  8
DV1_Default
  6
Continuous
 62
     7
 48
25.4
100
AcDbLine
 10
69.9745426351
 20
123.3841452482
 30
0.0
 11
69.9745426351
 21
125.3841452482
 31
0.0
  0
LINE
  5
17B
330
67
100
AcDbEntity
  8
DV1_Default
  6
Continuous
 62
     7
 48
25.4
100
AcDbLine
 10
71.3745426351
 20
125.3841452482
 30
0.0
 11
71.3745426351
 21
123.3841452482
 31
0.0
  0
LINE
  5
17C
330
67
100
AcDbEntity
  8
DV1_Default
  6
Continuous
 62
     7
 48
25.4
100
AcDbLine
 10
71.5745426351
 20
125.3841452482
 30
0.0
 11
72.9745426351
 21
125.3841452482
 31
0.0
  0
LINE
  5
17D
330
67
100
AcDbEntity
  8
DV1_Default
  6
Continuous
 62
     7
 48
25.4
100
AcDbLine
 10
72.9745426351
 20
123.3841452482
 30
0.0
 11
71.5745426351
 21
123.3841452482
 31
0.0
  0
LINE
  5
17E
330
67
100
AcDbEntity
  8
DV1_Default
  6
Continuous
 62
     7
 48
25.4
100
AcDbLine
 10
71.5745426351
 20
123.3841452482
 30
0.0
 11
71.5745426351
 21
125.3841452482
 31
0.0
  0
LINE
  5
17F
330
67
100
AcDbEntity
  8
DV1_Default
  6
Continuous
 62
     7
 48
25.4
100
AcDbLine
 10
72.9745426351
 20
125.3841452482
 30
0.0
 11
72.9745426351
 21
123.3841452482
 31
0.0
  0
LINE
  5
180
330
67
100
AcDbEntity
  8
DV1_Default
  6
Continuous
 62
     7
 48
25.4
100
AcDbLine
 10
73.1745426351
 20
125.3841452482
 30
0.0
 11
74.5745426351
 21
125.3841452482
 31
0.0
  0
LINE
  5
181
330
67
100
AcDbEntity
  8
DV1_Default
  6
Continuous
 62
     7
 48
25.4
100
AcDbLine
 10
74.5745426351
 20
123.3841452482
 30
0.0
 11
73.1745426351
 21
123.3841452482
 31
0.0
  0
LINE
  5
182
330
67
100
AcDbEntity
  8
DV1_Default
  6
Continuous
 62
     7
 48
25.4
100
AcDbLine
 10
73.1745426351
 20
123.3841452482
 30
0.0
 11
73.1745426351
 21
125.3841452482
 31
0.0
  0
LINE
  5
183
330
67
100
AcDbEntity
  8
DV1_Default
  6
Continuous
 62
     7
 48
25.4
100
AcDbLine
 10
74.5745426351
 20
125.3841452482
 30
0.0
 11
74.5745426351
 21
123.3841452482
 31
0.0
  0
LINE
  5
184
330
67
100
AcDbEntity
  8
DV1_Default
  6
Continuous
 62
     7
 48
25.4
100
AcDbLine
 10
74.7745426351
 20
125.3841452482
 30
0.0
 11
76.1745426351
 21
125.3841452482
 31
0.0
  0
LINE
  5
185
330
67
100
AcDbEntity
  8
DV1_Default
  6
Continuous
 62
     7
 48
25.4
100
AcDbLine
 10
76.1745426351
 20
123.3841452482
 30
0.0
 11
74.7745426351
 21
123.3841452482
 31
0.0
  0
LINE
  5
186
330
67
100
AcDbEntity
  8
DV1_Default
  6
Continuous
 62
     7
 48
25.4
100
AcDbLine
 10
74.7745426351
 20
123.3841452482
 30
0.0
 11
74.7745426351
 21
125.3841452482
 31
0.0
  0
LINE
  5
187
330
67
100
AcDbEntity
  8
DV1_Default
  6
Continuous
 62
     7
 48
25.4
100
AcDbLine
 10
76.1745426351
 20
125.3841452482
 30
0.0
 11
76.1745426351
 21
123.3841452482
 31
0.0
  0
LINE
  5
188
330
67
100
AcDbEntity
  8
DV1_Default
  6
Continuous
 62
     7
 48
25.4
100
AcDbLine
 10
76.3745426351
 20
125.3841452482
 30
0.0
 11
77.7745426351
 21
125.3841452482
 31
0.0
  0
LINE
  5
189
330
67
100
AcDbEntity
  8
DV1_Default
  6
Continuous
 62
     7
 48
25.4
100
AcDbLine
 10
77.7745426351
 20
123.3841452482
 30
0.0
 11
76.3745426351
 21
123.3841452482
 31
0.0
  0
LINE
  5
18A
330
67
100
AcDbEntity
  8
DV1_Default
  6
Continuous
 62
     7
 48
25.4
100
AcDbLine
 10
76.3745426351
 20
123.3841452482
 30
0.0
 11
76.3745426351
 21
125.3841452482
 31
0.0
  0
LINE
  5
18B
330
67
100
AcDbEntity
  8
DV1_Default
  6
Continuous
 62
     7
 48
25.4
100
AcDbLine
 10
77.7745426351
 20
125.3841452482
 30
0.0
 11
77.7745426351
 21
123.3841452482
 31
0.0
  0
LINE
  5
18C
330
67
100
AcDbEntity
  8
DV1_Default
  6
Continuous
 62
     7
 48
25.4
100
AcDbLine
 10
77.9745426351
 20
125.3841452482
 30
0.0
 11
79.3745426351
 21
125.3841452482
 31
0.0
  0
LINE
  5
18D
330
67
100
AcDbEntity
  8
DV1_Default
  6
Continuous
 62
     7
 48
25.4
100
AcDbLine
 10
79.3745426351
 20
123.3841452482
 30
0.0
 11
77.9745426351
 21
123.3841452482
 31
0.0
  0
LINE
  5
18E
330
67
100
AcDbEntity
  8
DV1_Default
  6
Continuous
 62
     7
 48
25.4
100
AcDbLine
 10
77.9745426351
 20
123.3841452482
 30
0.0
 11
77.9745426351
 21
125.3841452482
 31
0.0
  0
LINE
  5
18F
330
67
100
AcDbEntity
  8
DV1_Default
  6
Continuous
 62
     7
 48
25.4
100
AcDbLine
 10
79.3745426351
 20
125.3841452482
 30
0.0
 11
79.3745426351
 21
123.3841452482
 31
0.0
  0
LINE
  5
190
330
67
100
AcDbEntity
  8
DV1_Default
  6
Continuous
 62
     7
 48
25.4
100
AcDbLine
 10
79.5745426351
 20
125.3841452482
 30
0.0
 11
80.9745426351
 21
125.3841452482
 31
0.0
  0
LINE
  5
191
330
67
100
AcDbEntity
  8
DV1_Default
  6
Continuous
 62
     7
 48
25.4
100
AcDbLine
 10
80.9745426351
 20
123.3841452482
 30
0.0
 11
79.5745426351
 21
123.3841452482
 31
0.0
  0
LINE
  5
192
330
67
100
AcDbEntity
  8
DV1_Default
  6
Continuous
 62
     7
 48
25.4
100
AcDbLine
 10
79.5745426351
 20
123.3841452482
 30
0.0
 11
79.5745426351
 21
125.3841452482
 31
0.0
  0
LINE
  5
193
330
67
100
AcDbEntity
  8
DV1_Default
  6
Continuous
 62
     7
 48
25.4
100
AcDbLine
 10
80.9745426351
 20
125.3841452482
 30
0.0
 11
80.9745426351
 21
123.3841452482
 31
0.0
  0
LINE
  5
194
330
67
100
AcDbEntity
  8
DV1_Default
  6
Continuous
 62
     7
 48
25.4
100
AcDbLine
 10
81.1745426351
 20
125.3841452482
 30
0.0
 11
82.5745426351
 21
125.3841452482
 31
0.0
  0
LINE
  5
195
330
67
100
AcDbEntity
  8
DV1_Default
  6
Continuous
 62
     7
 48
25.4
100
AcDbLine
 10
82.5745426351
 20
123.3841452482
 30
0.0
 11
81.1745426351
 21
123.3841452482
 31
0.0
  0
LINE
  5
196
330
67
100
AcDbEntity
  8
DV1_Default
  6
Continuous
 62
     7
 48
25.4
100
AcDbLine
 10
81.1745426351
 20
123.3841452482
 30
0.0
 11
81.1745426351
 21
125.3841452482
 31
0.0
  0
LINE
  5
197
330
67
100
AcDbEntity
  8
DV1_Default
  6
Continuous
 62
     7
 48
25.4
100
AcDbLine
 10
82.5745426351
 20
125.3841452482
 30
0.0
 11
82.5745426351
 21
123.3841452482
 31
0.0
  0
LINE
  5
198
330
67
100
AcDbEntity
  8
DV1_Default
  6
Continuous
 62
     7
 48
25.4
100
AcDbLine
 10
82.7745426351
 20
125.3841452482
 30
0.0
 11
84.1745426351
 21
125.3841452482
 31
0.0
  0
LINE
  5
199
330
67
100
AcDbEntity
  8
DV1_Default
  6
Continuous
 62
     7
 48
25.4
100
AcDbLine
 10
84.1745426351
 20
123.3841452482
 30
0.0
 11
82.7745426351
 21
123.3841452482
 31
0.0
  0
LINE
  5
19A
330
67
100
AcDbEntity
  8
DV1_Default
  6
Continuous
 62
     7
 48
25.4
100
AcDbLine
 10
82.7745426351
 20
123.3841452482
 30
0.0
 11
82.7745426351
 21
125.3841452482
 31
0.0
  0
LINE
  5
19B
330
67
100
AcDbEntity
  8
DV1_Default
  6
Continuous
 62
     7
 48
25.4
100
AcDbLine
 10
84.1745426351
 20
125.3841452482
 30
0.0
 11
84.1745426351
 21
123.3841452482
 31
0.0
  0
LINE
  5
19C
330
67
100
AcDbEntity
  8
DV1_Default
  6
Continuous
 62
     7
 48
25.4
100
AcDbLine
 10
84.3745426351
 20
125.3841452482
 30
0.0
 11
85.7745426351
 21
125.3841452482
 31
0.0
  0
LINE
  5
19D
330
67
100
AcDbEntity
  8
DV1_Default
  6
Continuous
 62
     7
 48
25.4
100
AcDbLine
 10
85.7745426351
 20
123.3841452482
 30
0.0
 11
84.3745426351
 21
123.3841452482
 31
0.0
  0
LINE
  5
19E
330
67
100
AcDbEntity
  8
DV1_Default
  6
Continuous
 62
     7
 48
25.4
100
AcDbLine
 10
84.3745426351
 20
123.3841452482
 30
0.0
 11
84.3745426351
 21
125.3841452482
 31
0.0
  0
LINE
  5
19F
330
67
100
AcDbEntity
  8
DV1_Default
  6
Continuous
 62
     7
 48
25.4
100
AcDbLine
 10
85.7745426351
 20
125.3841452482
 30
0.0
 11
85.7745426351
 21
123.3841452482
 31
0.0
  0
LINE
  5
1A0
330
67
100
AcDbEntity
  8
DV1_Default
  6
Continuous
 62
     7
 48
25.4
100
AcDbLine
 10
85.9745426351
 20
125.3841452482
 30
0.0
 11
87.3745426351
 21
125.3841452482
 31
0.0
  0
LINE
  5
1A1
330
67
100
AcDbEntity
  8
DV1_Default
  6
Continuous
 62
     7
 48
25.4
100
AcDbLine
 10
87.3745426351
 20
123.3841452482
 30
0.0
 11
85.9745426351
 21
123.3841452482
 31
0.0
  0
LINE
  5
1A2
330
67
100
AcDbEntity
  8
DV1_Default
  6
Continuous
 62
     7
 48
25.4
100
AcDbLine
 10
85.9745426351
 20
123.3841452482
 30
0.0
 11
85.9745426351
 21
125.3841452482
 31
0.0
  0
LINE
  5
1A3
330
67
100
AcDbEntity
  8
DV1_Default
  6
Continuous
 62
     7
 48
25.4
100
AcDbLine
 10
87.3745426351
 20
125.3841452482
 30
0.0
 11
87.3745426351
 21
123.3841452482
 31
0.0
  0
LINE
  5
1A4
330
67
100
AcDbEntity
  8
DV1_Default
  6
Continuous
 62
     7
 48
25.4
100
AcDbLine
 10
87.5745426351
 20
125.3841452482
 30
0.0
 11
88.9745426351
 21
125.3841452482
 31
0.0
  0
LINE
  5
1A5
330
67
100
AcDbEntity
  8
DV1_Default
  6
Continuous
 62
     7
 48
25.4
100
AcDbLine
 10
88.9745426351
 20
123.3841452482
 30
0.0
 11
87.5745426351
 21
123.3841452482
 31
0.0
  0
LINE
  5
1A6
330
67
100
AcDbEntity
  8
DV1_Default
  6
Continuous
 62
     7
 48
25.4
100
AcDbLine
 10
87.5745426351
 20
123.3841452482
 30
0.0
 11
87.5745426351
 21
125.3841452482
 31
0.0
  0
LINE
  5
1A7
330
67
100
AcDbEntity
  8
DV1_Default
  6
Continuous
 62
     7
 48
25.4
100
AcDbLine
 10
88.9745426351
 20
125.3841452482
 30
0.0
 11
88.9745426351
 21
123.3841452482
 31
0.0
  0
LINE
  5
1A8
330
67
100
AcDbEntity
  8
DV1_Default
  6
Continuous
 62
     7
 48
25.4
100
AcDbLine
 10
89.1745426351
 20
125.3841452482
 30
0.0
 11
90.5745426351
 21
125.3841452482
 31
0.0
  0
LINE
  5
1A9
330
67
100
AcDbEntity
  8
DV1_Default
  6
Continuous
 62
     7
 48
25.4
100
AcDbLine
 10
90.5745426351
 20
123.3841452482
 30
0.0
 11
89.1745426351
 21
123.3841452482
 31
0.0
  0
LINE
  5
1AA
330
67
100
AcDbEntity
  8
DV1_Default
  6
Continuous
 62
     7
 48
25.4
100
AcDbLine
 10
89.1745426351
 20
123.3841452482
 30
0.0
 11
89.1745426351
 21
125.3841452482
 31
0.0
  0
LINE
  5
1AB
330
67
100
AcDbEntity
  8
DV1_Default
  6
Continuous
 62
     7
 48
25.4
100
AcDbLine
 10
90.5745426351
 20
125.3841452482
 30
0.0
 11
90.5745426351
 21
123.3841452482
 31
0.0
  0
LINE
  5
1AC
330
67
100
AcDbEntity
  8
DV1_Default
  6
Continuous
 62
     7
 48
25.4
100
AcDbLine
 10
90.7745426351
 20
125.3841452482
 30
0.0
 11
92.1745426351
 21
125.3841452482
 31
0.0
  0
LINE
  5
1AD
330
67
100
AcDbEntity
  8
DV1_Default
  6
Continuous
 62
     7
 48
25.4
100
AcDbLine
 10
92.1745426351
 20
123.3841452482
 30
0.0
 11
90.7745426351
 21
123.3841452482
 31
0.0
  0
LINE
  5
1AE
330
67
100
AcDbEntity
  8
DV1_Default
  6
Continuous
 62
     7
 48
25.4
100
AcDbLine
 10
90.7745426351
 20
123.3841452482
 30
0.0
 11
90.7745426351
 21
125.3841452482
 31
0.0
  0
LINE
  5
1AF
330
67
100
AcDbEntity
  8
DV1_Default
  6
Continuous
 62
     7
 48
25.4
100
AcDbLine
 10
92.1745426351
 20
125.3841452482
 30
0.0
 11
92.1745426351
 21
123.3841452482
 31
0.0
  0
LINE
  5
1B0
330
67
100
AcDbEntity
  8
DV1_Default
  6
Continuous
 62
     7
 48
25.4
100
AcDbLine
 10
92.3745426351
 20
125.3841452482
 30
0.0
 11
93.7745426351
 21
125.3841452482
 31
0.0
  0
LINE
  5
1B1
330
67
100
AcDbEntity
  8
DV1_Default
  6
Continuous
 62
     7
 48
25.4
100
AcDbLine
 10
93.7745426351
 20
123.3841452482
 30
0.0
 11
92.3745426351
 21
123.3841452482
 31
0.0
  0
LINE
  5
1B2
330
67
100
AcDbEntity
  8
DV1_Default
  6
Continuous
 62
     7
 48
25.4
100
AcDbLine
 10
92.3745426351
 20
123.3841452482
 30
0.0
 11
92.3745426351
 21
125.3841452482
 31
0.0
  0
LINE
  5
1B3
330
67
100
AcDbEntity
  8
DV1_Default
  6
Continuous
 62
     7
 48
25.4
100
AcDbLine
 10
93.7745426351
 20
125.3841452482
 30
0.0
 11
93.7745426351
 21
123.3841452482
 31
0.0
  0
LINE
  5
1B4
330
67
100
AcDbEntity
  8
DV1_Default
  6
Continuous
 62
     7
 48
25.4
100
AcDbLine
 10
57.1745426351
 20
127.7841452482
 30
0.0
 11
58.5745426351
 21
127.7841452482
 31
0.0
  0
LINE
  5
1B5
330
67
100
AcDbEntity
  8
DV1_Default
  6
Continuous
 62
     7
 48
25.4
100
AcDbLine
 10
58.5745426351
 20
125.7841452482
 30
0.0
 11
57.1745426351
 21
125.7841452482
 31
0.0
  0
LINE
  5
1B6
330
67
100
AcDbEntity
  8
DV1_Default
  6
Continuous
 62
     7
 48
25.4
100
AcDbLine
 10
57.1745426351
 20
125.7841452482
 30
0.0
 11
57.1745426351
 21
127.7841452482
 31
0.0
  0
LINE
  5
1B7
330
67
100
AcDbEntity
  8
DV1_Default
  6
Continuous
 62
     7
 48
25.4
100
AcDbLine
 10
58.5745426351
 20
127.7841452482
 30
0.0
 11
58.5745426351
 21
125.7841452482
 31
0.0
  0
LINE
  5
1B8
330
67
100
AcDbEntity
  8
DV1_Default
  6
Continuous
 62
     7
 48
25.4
100
AcDbLine
 10
58.7745426351
 20
127.7841452482
 30
0.0
 11
60.1745426351
 21
127.7841452482
 31
0.0
  0
LINE
  5
1B9
330
67
100
AcDbEntity
  8
DV1_Default
  6
Continuous
 62
     7
 48
25.4
100
AcDbLine
 10
60.1745426351
 20
125.7841452482
 30
0.0
 11
58.7745426351
 21
125.7841452482
 31
0.0
  0
LINE
  5
1BA
330
67
100
AcDbEntity
  8
DV1_Default
  6
Continuous
 62
     7
 48
25.4
100
AcDbLine
 10
58.7745426351
 20
125.7841452482
 30
0.0
 11
58.7745426351
 21
127.7841452482
 31
0.0
  0
LINE
  5
1BB
330
67
100
AcDbEntity
  8
DV1_Default
  6
Continuous
 62
     7
 48
25.4
100
AcDbLine
 10
60.1745426351
 20
127.7841452482
 30
0.0
 11
60.1745426351
 21
125.7841452482
 31
0.0
  0
LINE
  5
1BC
330
67
100
AcDbEntity
  8
DV1_Default
  6
Continuous
 62
     7
 48
25.4
100
AcDbLine
 10
60.3745426351
 20
127.7841452482
 30
0.0
 11
61.7745426351
 21
127.7841452482
 31
0.0
  0
LINE
  5
1BD
330
67
100
AcDbEntity
  8
DV1_Default
  6
Continuous
 62
     7
 48
25.4
100
AcDbLine
 10
61.7745426351
 20
125.7841452482
 30
0.0
 11
60.3745426351
 21
125.7841452482
 31
0.0
  0
LINE
  5
1BE
330
67
100
AcDbEntity
  8
DV1_Default
  6
Continuous
 62
     7
 48
25.4
100
AcDbLine
 10
60.3745426351
 20
125.7841452482
 30
0.0
 11
60.3745426351
 21
127.7841452482
 31
0.0
  0
LINE
  5
1BF
330
67
100
AcDbEntity
  8
DV1_Default
  6
Continuous
 62
     7
 48
25.4
100
AcDbLine
 10
61.7745426351
 20
127.7841452482
 30
0.0
 11
61.7745426351
 21
125.7841452482
 31
0.0
  0
LINE
  5
1C0
330
67
100
AcDbEntity
  8
DV1_Default
  6
Continuous
 62
     7
 48
25.4
100
AcDbLine
 10
61.9745426351
 20
127.7841452482
 30
0.0
 11
63.3745426351
 21
127.7841452482
 31
0.0
  0
LINE
  5
1C1
330
67
100
AcDbEntity
  8
DV1_Default
  6
Continuous
 62
     7
 48
25.4
100
AcDbLine
 10
63.3745426351
 20
125.7841452482
 30
0.0
 11
61.9745426351
 21
125.7841452482
 31
0.0
  0
LINE
  5
1C2
330
67
100
AcDbEntity
  8
DV1_Default
  6
Continuous
 62
     7
 48
25.4
100
AcDbLine
 10
61.9745426351
 20
125.7841452482
 30
0.0
 11
61.9745426351
 21
127.7841452482
 31
0.0
  0
LINE
  5
1C3
330
67
100
AcDbEntity
  8
DV1_Default
  6
Continuous
 62
     7
 48
25.4
100
AcDbLine
 10
63.3745426351
 20
127.7841452482
 30
0.0
 11
63.3745426351
 21
125.7841452482
 31
0.0
  0
LINE
  5
1C4
330
67
100
AcDbEntity
  8
DV1_Default
  6
Continuous
 62
     7
 48
25.4
100
AcDbLine
 10
63.5745426351
 20
127.7841452482
 30
0.0
 11
64.9745426351
 21
127.7841452482
 31
0.0
  0
LINE
  5
1C5
330
67
100
AcDbEntity
  8
DV1_Default
  6
Continuous
 62
     7
 48
25.4
100
AcDbLine
 10
64.9745426351
 20
125.7841452482
 30
0.0
 11
63.5745426351
 21
125.7841452482
 31
0.0
  0
LINE
  5
1C6
330
67
100
AcDbEntity
  8
DV1_Default
  6
Continuous
 62
     7
 48
25.4
100
AcDbLine
 10
63.5745426351
 20
125.7841452482
 30
0.0
 11
63.5745426351
 21
127.7841452482
 31
0.0
  0
LINE
  5
1C7
330
67
100
AcDbEntity
  8
DV1_Default
  6
Continuous
 62
     7
 48
25.4
100
AcDbLine
 10
64.9745426351
 20
127.7841452482
 30
0.0
 11
64.9745426351
 21
125.7841452482
 31
0.0
  0
LINE
  5
1C8
330
67
100
AcDbEntity
  8
DV1_Default
  6
Continuous
 62
     7
 48
25.4
100
AcDbLine
 10
65.1745426351
 20
127.7841452482
 30
0.0
 11
66.5745426351
 21
127.7841452482
 31
0.0
  0
LINE
  5
1C9
330
67
100
AcDbEntity
  8
DV1_Default
  6
Continuous
 62
     7
 48
25.4
100
AcDbLine
 10
66.5745426351
 20
125.7841452482
 30
0.0
 11
65.1745426351
 21
125.7841452482
 31
0.0
  0
LINE
  5
1CA
330
67
100
AcDbEntity
  8
DV1_Default
  6
Continuous
 62
     7
 48
25.4
100
AcDbLine
 10
65.1745426351
 20
125.7841452482
 30
0.0
 11
65.1745426351
 21
127.7841452482
 31
0.0
  0
LINE
  5
1CB
330
67
100
AcDbEntity
  8
DV1_Default
  6
Continuous
 62
     7
 48
25.4
100
AcDbLine
 10
66.5745426351
 20
127.7841452482
 30
0.0
 11
66.5745426351
 21
125.7841452482
 31
0.0
  0
LINE
  5
1CC
330
67
100
AcDbEntity
  8
DV1_Default
  6
Continuous
 62
     7
 48
25.4
100
AcDbLine
 10
66.7745426351
 20
127.7841452482
 30
0.0
 11
68.1745426351
 21
127.7841452482
 31
0.0
  0
LINE
  5
1CD
330
67
100
AcDbEntity
  8
DV1_Default
  6
Continuous
 62
     7
 48
25.4
100
AcDbLine
 10
68.1745426351
 20
125.7841452482
 30
0.0
 11
66.7745426351
 21
125.7841452482
 31
0.0
  0
LINE
  5
1CE
330
67
100
AcDbEntity
  8
DV1_Default
  6
Continuous
 62
     7
 48
25.4
100
AcDbLine
 10
66.7745426351
 20
125.7841452482
 30
0.0
 11
66.7745426351
 21
127.7841452482
 31
0.0
  0
LINE
  5
1CF
330
67
100
AcDbEntity
  8
DV1_Default
  6
Continuous
 62
     7
 48
25.4
100
AcDbLine
 10
68.1745426351
 20
127.7841452482
 30
0.0
 11
68.1745426351
 21
125.7841452482
 31
0.0
  0
LINE
  5
1D0
330
67
100
AcDbEntity
  8
DV1_Default
  6
Continuous
 62
     7
 48
25.4
100
AcDbLine
 10
68.3745426351
 20
127.7841452482
 30
0.0
 11
69.7745426351
 21
127.7841452482
 31
0.0
  0
LINE
  5
1D1
330
67
100
AcDbEntity
  8
DV1_Default
  6
Continuous
 62
     7
 48
25.4
100
AcDbLine
 10
69.7745426351
 20
125.7841452482
 30
0.0
 11
68.3745426351
 21
125.7841452482
 31
0.0
  0
LINE
  5
1D2
330
67
100
AcDbEntity
  8
DV1_Default
  6
Continuous
 62
     7
 48
25.4
100
AcDbLine
 10
68.3745426351
 20
125.7841452482
 30
0.0
 11
68.3745426351
 21
127.7841452482
 31
0.0
  0
LINE
  5
1D3
330
67
100
AcDbEntity
  8
DV1_Default
  6
Continuous
 62
     7
 48
25.4
100
AcDbLine
 10
69.7745426351
 20
127.7841452482
 30
0.0
 11
69.7745426351
 21
125.7841452482
 31
0.0
  0
LINE
  5
1D4
330
67
100
AcDbEntity
  8
DV1_Default
  6
Continuous
 62
     7
 48
25.4
100
AcDbLine
 10
69.9745426351
 20
127.7841452482
 30
0.0
 11
71.3745426351
 21
127.7841452482
 31
0.0
  0
LINE
  5
1D5
330
67
100
AcDbEntity
  8
DV1_Default
  6
Continuous
 62
     7
 48
25.4
100
AcDbLine
 10
71.3745426351
 20
125.7841452482
 30
0.0
 11
69.9745426351
 21
125.7841452482
 31
0.0
  0
LINE
  5
1D6
330
67
100
AcDbEntity
  8
DV1_Default
  6
Continuous
 62
     7
 48
25.4
100
AcDbLine
 10
69.9745426351
 20
125.7841452482
 30
0.0
 11
69.9745426351
 21
127.7841452482
 31
0.0
  0
LINE
  5
1D7
330
67
100
AcDbEntity
  8
DV1_Default
  6
Continuous
 62
     7
 48
25.4
100
AcDbLine
 10
71.3745426351
 20
127.7841452482
 30
0.0
 11
71.3745426351
 21
125.7841452482
 31
0.0
  0
LINE
  5
1D8
330
67
100
AcDbEntity
  8
DV1_Default
  6
Continuous
 62
     7
 48
25.4
100
AcDbLine
 10
71.5745426351
 20
127.7841452482
 30
0.0
 11
72.9745426351
 21
127.7841452482
 31
0.0
  0
LINE
  5
1D9
330
67
100
AcDbEntity
  8
DV1_Default
  6
Continuous
 62
     7
 48
25.4
100
AcDbLine
 10
72.9745426351
 20
125.7841452482
 30
0.0
 11
71.5745426351
 21
125.7841452482
 31
0.0
  0
LINE
  5
1DA
330
67
100
AcDbEntity
  8
DV1_Default
  6
Continuous
 62
     7
 48
25.4
100
AcDbLine
 10
71.5745426351
 20
125.7841452482
 30
0.0
 11
71.5745426351
 21
127.7841452482
 31
0.0
  0
LINE
  5
1DB
330
67
100
AcDbEntity
  8
DV1_Default
  6
Continuous
 62
     7
 48
25.4
100
AcDbLine
 10
72.9745426351
 20
127.7841452482
 30
0.0
 11
72.9745426351
 21
125.7841452482
 31
0.0
  0
LINE
  5
1DC
330
67
100
AcDbEntity
  8
DV1_Default
  6
Continuous
 62
     7
 48
25.4
100
AcDbLine
 10
73.1745426351
 20
127.7841452482
 30
0.0
 11
74.5745426351
 21
127.7841452482
 31
0.0
  0
LINE
  5
1DD
330
67
100
AcDbEntity
  8
DV1_Default
  6
Continuous
 62
     7
 48
25.4
100
AcDbLine
 10
74.5745426351
 20
125.7841452482
 30
0.0
 11
73.1745426351
 21
125.7841452482
 31
0.0
  0
LINE
  5
1DE
330
67
100
AcDbEntity
  8
DV1_Default
  6
Continuous
 62
     7
 48
25.4
100
AcDbLine
 10
73.1745426351
 20
125.7841452482
 30
0.0
 11
73.1745426351
 21
127.7841452482
 31
0.0
  0
LINE
  5
1DF
330
67
100
AcDbEntity
  8
DV1_Default
  6
Continuous
 62
     7
 48
25.4
100
AcDbLine
 10
74.5745426351
 20
127.7841452482
 30
0.0
 11
74.5745426351
 21
125.7841452482
 31
0.0
  0
LINE
  5
1E0
330
67
100
AcDbEntity
  8
DV1_Default
  6
Continuous
 62
     7
 48
25.4
100
AcDbLine
 10
74.7745426351
 20
127.7841452482
 30
0.0
 11
76.1745426351
 21
127.7841452482
 31
0.0
  0
LINE
  5
1E1
330
67
100
AcDbEntity
  8
DV1_Default
  6
Continuous
 62
     7
 48
25.4
100
AcDbLine
 10
76.1745426351
 20
125.7841452482
 30
0.0
 11
74.7745426351
 21
125.7841452482
 31
0.0
  0
LINE
  5
1E2
330
67
100
AcDbEntity
  8
DV1_Default
  6
Continuous
 62
     7
 48
25.4
100
AcDbLine
 10
74.7745426351
 20
125.7841452482
 30
0.0
 11
74.7745426351
 21
127.7841452482
 31
0.0
  0
LINE
  5
1E3
330
67
100
AcDbEntity
  8
DV1_Default
  6
Continuous
 62
     7
 48
25.4
100
AcDbLine
 10
76.1745426351
 20
127.7841452482
 30
0.0
 11
76.1745426351
 21
125.7841452482
 31
0.0
  0
LINE
  5
1E4
330
67
100
AcDbEntity
  8
DV1_Default
  6
Continuous
 62
     7
 48
25.4
100
AcDbLine
 10
76.3745426351
 20
127.7841452482
 30
0.0
 11
77.7745426351
 21
127.7841452482
 31
0.0
  0
LINE
  5
1E5
330
67
100
AcDbEntity
  8
DV1_Default
  6
Continuous
 62
     7
 48
25.4
100
AcDbLine
 10
77.7745426351
 20
125.7841452482
 30
0.0
 11
76.3745426351
 21
125.7841452482
 31
0.0
  0
LINE
  5
1E6
330
67
100
AcDbEntity
  8
DV1_Default
  6
Continuous
 62
     7
 48
25.4
100
AcDbLine
 10
76.3745426351
 20
125.7841452482
 30
0.0
 11
76.3745426351
 21
127.7841452482
 31
0.0
  0
LINE
  5
1E7
330
67
100
AcDbEntity
  8
DV1_Default
  6
Continuous
 62
     7
 48
25.4
100
AcDbLine
 10
77.7745426351
 20
127.7841452482
 30
0.0
 11
77.7745426351
 21
125.7841452482
 31
0.0
  0
LINE
  5
1E8
330
67
100
AcDbEntity
  8
DV1_Default
  6
Continuous
 62
     7
 48
25.4
100
AcDbLine
 10
77.9745426351
 20
127.7841452482
 30
0.0
 11
79.3745426351
 21
127.7841452482
 31
0.0
  0
LINE
  5
1E9
330
67
100
AcDbEntity
  8
DV1_Default
  6
Continuous
 62
     7
 48
25.4
100
AcDbLine
 10
79.3745426351
 20
125.7841452482
 30
0.0
 11
77.9745426351
 21
125.7841452482
 31
0.0
  0
LINE
  5
1EA
330
67
100
AcDbEntity
  8
DV1_Default
  6
Continuous
 62
     7
 48
25.4
100
AcDbLine
 10
77.9745426351
 20
125.7841452482
 30
0.0
 11
77.9745426351
 21
127.7841452482
 31
0.0
  0
LINE
  5
1EB
330
67
100
AcDbEntity
  8
DV1_Default
  6
Continuous
 62
     7
 48
25.4
100
AcDbLine
 10
79.3745426351
 20
127.7841452482
 30
0.0
 11
79.3745426351
 21
125.7841452482
 31
0.0
  0
LINE
  5
1EC
330
67
100
AcDbEntity
  8
DV1_Default
  6
Continuous
 62
     7
 48
25.4
100
AcDbLine
 10
79.5745426351
 20
127.7841452482
 30
0.0
 11
80.9745426351
 21
127.7841452482
 31
0.0
  0
LINE
  5
1ED
330
67
100
AcDbEntity
  8
DV1_Default
  6
Continuous
 62
     7
 48
25.4
100
AcDbLine
 10
80.9745426351
 20
125.7841452482
 30
0.0
 11
79.5745426351
 21
125.7841452482
 31
0.0
  0
LINE
  5
1EE
330
67
100
AcDbEntity
  8
DV1_Default
  6
Continuous
 62
     7
 48
25.4
100
AcDbLine
 10
79.5745426351
 20
125.7841452482
 30
0.0
 11
79.5745426351
 21
127.7841452482
 31
0.0
  0
LINE
  5
1EF
330
67
100
AcDbEntity
  8
DV1_Default
  6
Continuous
 62
     7
 48
25.4
100
AcDbLine
 10
80.9745426351
 20
127.7841452482
 30
0.0
 11
80.9745426351
 21
125.7841452482
 31
0.0
  0
LINE
  5
1F0
330
67
100
AcDbEntity
  8
DV1_Default
  6
Continuous
 62
     7
 48
25.4
100
AcDbLine
 10
81.1745426351
 20
127.7841452482
 30
0.0
 11
82.5745426351
 21
127.7841452482
 31
0.0
  0
LINE
  5
1F1
330
67
100
AcDbEntity
  8
DV1_Default
  6
Continuous
 62
     7
 48
25.4
100
AcDbLine
 10
82.5745426351
 20
125.7841452482
 30
0.0
 11
81.1745426351
 21
125.7841452482
 31
0.0
  0
LINE
  5
1F2
330
67
100
AcDbEntity
  8
DV1_Default
  6
Continuous
 62
     7
 48
25.4
100
AcDbLine
 10
81.1745426351
 20
125.7841452482
 30
0.0
 11
81.1745426351
 21
127.7841452482
 31
0.0
  0
LINE
  5
1F3
330
67
100
AcDbEntity
  8
DV1_Default
  6
Continuous
 62
     7
 48
25.4
100
AcDbLine
 10
82.5745426351
 20
127.7841452482
 30
0.0
 11
82.5745426351
 21
125.7841452482
 31
0.0
  0
LINE
  5
1F4
330
67
100
AcDbEntity
  8
DV1_Default
  6
Continuous
 62
     7
 48
25.4
100
AcDbLine
 10
82.7745426351
 20
127.7841452482
 30
0.0
 11
84.1745426351
 21
127.7841452482
 31
0.0
  0
LINE
  5
1F5
330
67
100
AcDbEntity
  8
DV1_Default
  6
Continuous
 62
     7
 48
25.4
100
AcDbLine
 10
84.1745426351
 20
125.7841452482
 30
0.0
 11
82.7745426351
 21
125.7841452482
 31
0.0
  0
LINE
  5
1F6
330
67
100
AcDbEntity
  8
DV1_Default
  6
Continuous
 62
     7
 48
25.4
100
AcDbLine
 10
82.7745426351
 20
125.7841452482
 30
0.0
 11
82.7745426351
 21
127.7841452482
 31
0.0
  0
LINE
  5
1F7
330
67
100
AcDbEntity
  8
DV1_Default
  6
Continuous
 62
     7
 48
25.4
100
AcDbLine
 10
84.1745426351
 20
127.7841452482
 30
0.0
 11
84.1745426351
 21
125.7841452482
 31
0.0
  0
LINE
  5
1F8
330
67
100
AcDbEntity
  8
DV1_Default
  6
Continuous
 62
     7
 48
25.4
100
AcDbLine
 10
84.3745426351
 20
127.7841452482
 30
0.0
 11
85.7745426351
 21
127.7841452482
 31
0.0
  0
LINE
  5
1F9
330
67
100
AcDbEntity
  8
DV1_Default
  6
Continuous
 62
     7
 48
25.4
100
AcDbLine
 10
85.7745426351
 20
125.7841452482
 30
0.0
 11
84.3745426351
 21
125.7841452482
 31
0.0
  0
LINE
  5
1FA
330
67
100
AcDbEntity
  8
DV1_Default
  6
Continuous
 62
     7
 48
25.4
100
AcDbLine
 10
84.3745426351
 20
125.7841452482
 30
0.0
 11
84.3745426351
 21
127.7841452482
 31
0.0
  0
LINE
  5
1FB
330
67
100
AcDbEntity
  8
DV1_Default
  6
Continuous
 62
     7
 48
25.4
100
AcDbLine
 10
85.7745426351
 20
127.7841452482
 30
0.0
 11
85.7745426351
 21
125.7841452482
 31
0.0
  0
LINE
  5
1FC
330
67
100
AcDbEntity
  8
DV1_Default
  6
Continuous
 62
     7
 48
25.4
100
AcDbLine
 10
85.9745426351
 20
127.7841452482
 30
0.0
 11
87.3745426351
 21
127.7841452482
 31
0.0
  0
LINE
  5
1FD
330
67
100
AcDbEntity
  8
DV1_Default
  6
Continuous
 62
     7
 48
25.4
100
AcDbLine
 10
87.3745426351
 20
125.7841452482
 30
0.0
 11
85.9745426351
 21
125.7841452482
 31
0.0
  0
LINE
  5
1FE
330
67
100
AcDbEntity
  8
DV1_Default
  6
Continuous
 62
     7
 48
25.4
100
AcDbLine
 10
85.9745426351
 20
125.7841452482
 30
0.0
 11
85.9745426351
 21
127.7841452482
 31
0.0
  0
LINE
  5
1FF
330
67
100
AcDbEntity
  8
DV1_Default
  6
Continuous
 62
     7
 48
25.4
100
AcDbLine
 10
87.3745426351
 20
127.7841452482
 30
0.0
 11
87.3745426351
 21
125.7841452482
 31
0.0
  0
LINE
  5
200
330
67
100
AcDbEntity
  8
DV1_Default
  6
Continuous
 62
     7
 48
25.4
100
AcDbLine
 10
87.5745426351
 20
127.7841452482
 30
0.0
 11
88.9745426351
 21
127.7841452482
 31
0.0
  0
LINE
  5
201
330
67
100
AcDbEntity
  8
DV1_Default
  6
Continuous
 62
     7
 48
25.4
100
AcDbLine
 10
88.9745426351
 20
125.7841452482
 30
0.0
 11
87.5745426351
 21
125.7841452482
 31
0.0
  0
LINE
  5
202
330
67
100
AcDbEntity
  8
DV1_Default
  6
Continuous
 62
     7
 48
25.4
100
AcDbLine
 10
87.5745426351
 20
125.7841452482
 30
0.0
 11
87.5745426351
 21
127.7841452482
 31
0.0
  0
LINE
  5
203
330
67
100
AcDbEntity
  8
DV1_Default
  6
Continuous
 62
     7
 48
25.4
100
AcDbLine
 10
88.9745426351
 20
127.7841452482
 30
0.0
 11
88.9745426351
 21
125.7841452482
 31
0.0
  0
LINE
  5
204
330
67
100
AcDbEntity
  8
DV1_Default
  6
Continuous
 62
     7
 48
25.4
100
AcDbLine
 10
89.1745426351
 20
127.7841452482
 30
0.0
 11
90.5745426351
 21
127.7841452482
 31
0.0
  0
LINE
  5
205
330
67
100
AcDbEntity
  8
DV1_Default
  6
Continuous
 62
     7
 48
25.4
100
AcDbLine
 10
90.5745426351
 20
125.7841452482
 30
0.0
 11
89.1745426351
 21
125.7841452482
 31
0.0
  0
LINE
  5
206
330
67
100
AcDbEntity
  8
DV1_Default
  6
Continuous
 62
     7
 48
25.4
100
AcDbLine
 10
89.1745426351
 20
125.7841452482
 30
0.0
 11
89.1745426351
 21
127.7841452482
 31
0.0
  0
LINE
  5
207
330
67
100
AcDbEntity
  8
DV1_Default
  6
Continuous
 62
     7
 48
25.4
100
AcDbLine
 10
90.5745426351
 20
127.7841452482
 30
0.0
 11
90.5745426351
 21
125.7841452482
 31
0.0
  0
LINE
  5
208
330
67
100
AcDbEntity
  8
DV1_Default
  6
Continuous
 62
     7
 48
25.4
100
AcDbLine
 10
90.7745426351
 20
127.7841452482
 30
0.0
 11
92.1745426351
 21
127.7841452482
 31
0.0
  0
LINE
  5
209
330
67
100
AcDbEntity
  8
DV1_Default
  6
Continuous
 62
     7
 48
25.4
100
AcDbLine
 10
92.1745426351
 20
125.7841452482
 30
0.0
 11
90.7745426351
 21
125.7841452482
 31
0.0
  0
LINE
  5
20A
330
67
100
AcDbEntity
  8
DV1_Default
  6
Continuous
 62
     7
 48
25.4
100
AcDbLine
 10
90.7745426351
 20
125.7841452482
 30
0.0
 11
90.7745426351
 21
127.7841452482
 31
0.0
  0
LINE
  5
20B
330
67
100
AcDbEntity
  8
DV1_Default
  6
Continuous
 62
     7
 48
25.4
100
AcDbLine
 10
92.1745426351
 20
127.7841452482
 30
0.0
 11
92.1745426351
 21
125.7841452482
 31
0.0
  0
LINE
  5
20C
330
67
100
AcDbEntity
  8
DV1_Default
  6
Continuous
 62
     7
 48
25.4
100
AcDbLine
 10
92.3745426351
 20
127.7841452482
 30
0.0
 11
93.7745426351
 21
127.7841452482
 31
0.0
  0
LINE
  5
20D
330
67
100
AcDbEntity
  8
DV1_Default
  6
Continuous
 62
     7
 48
25.4
100
AcDbLine
 10
93.7745426351
 20
125.7841452482
 30
0.0
 11
92.3745426351
 21
125.7841452482
 31
0.0
  0
LINE
  5
20E
330
67
100
AcDbEntity
  8
DV1_Default
  6
Continuous
 62
     7
 48
25.4
100
AcDbLine
 10
92.3745426351
 20
125.7841452482
 30
0.0
 11
92.3745426351
 21
127.7841452482
 31
0.0
  0
LINE
  5
20F
330
67
100
AcDbEntity
  8
DV1_Default
  6
Continuous
 62
     7
 48
25.4
100
AcDbLine
 10
93.7745426351
 20
127.7841452482
 30
0.0
 11
93.7745426351
 21
125.7841452482
 31
0.0
  0
LINE
  5
210
330
67
100
AcDbEntity
  8
DV1_Default
  6
Continuous
 62
     7
 48
25.4
100
AcDbLine
 10
57.1745426351
 20
130.1841452482
 30
0.0
 11
58.5745426351
 21
130.1841452482
 31
0.0
  0
LINE
  5
211
330
67
100
AcDbEntity
  8
DV1_Default
  6
Continuous
 62
     7
 48
25.4
100
AcDbLine
 10
58.5745426351
 20
128.1841452482
 30
0.0
 11
57.1745426351
 21
128.1841452482
 31
0.0
  0
LINE
  5
212
330
67
100
AcDbEntity
  8
DV1_Default
  6
Continuous
 62
     7
 48
25.4
100
AcDbLine
 10
57.1745426351
 20
128.1841452482
 30
0.0
 11
57.1745426351
 21
130.1841452482
 31
0.0
  0
LINE
  5
213
330
67
100
AcDbEntity
  8
DV1_Default
  6
Continuous
 62
     7
 48
25.4
100
AcDbLine
 10
58.5745426351
 20
130.1841452482
 30
0.0
 11
58.5745426351
 21
128.1841452482
 31
0.0
  0
LINE
  5
214
330
67
100
AcDbEntity
  8
DV1_Default
  6
Continuous
 62
     7
 48
25.4
100
AcDbLine
 10
58.7745426351
 20
130.1841452482
 30
0.0
 11
60.1745426351
 21
130.1841452482
 31
0.0
  0
LINE
  5
215
330
67
100
AcDbEntity
  8
DV1_Default
  6
Continuous
 62
     7
 48
25.4
100
AcDbLine
 10
60.1745426351
 20
128.1841452482
 30
0.0
 11
58.7745426351
 21
128.1841452482
 31
0.0
  0
LINE
  5
216
330
67
100
AcDbEntity
  8
DV1_Default
  6
Continuous
 62
     7
 48
25.4
100
AcDbLine
 10
58.7745426351
 20
128.1841452482
 30
0.0
 11
58.7745426351
 21
130.1841452482
 31
0.0
  0
LINE
  5
217
330
67
100
AcDbEntity
  8
DV1_Default
  6
Continuous
 62
     7
 48
25.4
100
AcDbLine
 10
60.1745426351
 20
130.1841452482
 30
0.0
 11
60.1745426351
 21
128.1841452482
 31
0.0
  0
LINE
  5
218
330
67
100
AcDbEntity
  8
DV1_Default
  6
Continuous
 62
     7
 48
25.4
100
AcDbLine
 10
60.3745426351
 20
130.1841452482
 30
0.0
 11
61.7745426351
 21
130.1841452482
 31
0.0
  0
LINE
  5
219
330
67
100
AcDbEntity
  8
DV1_Default
  6
Continuous
 62
     7
 48
25.4
100
AcDbLine
 10
61.7745426351
 20
128.1841452482
 30
0.0
 11
60.3745426351
 21
128.1841452482
 31
0.0
  0
LINE
  5
21A
330
67
100
AcDbEntity
  8
DV1_Default
  6
Continuous
 62
     7
 48
25.4
100
AcDbLine
 10
60.3745426351
 20
128.1841452482
 30
0.0
 11
60.3745426351
 21
130.1841452482
 31
0.0
  0
LINE
  5
21B
330
67
100
AcDbEntity
  8
DV1_Default
  6
Continuous
 62
     7
 48
25.4
100
AcDbLine
 10
61.7745426351
 20
130.1841452482
 30
0.0
 11
61.7745426351
 21
128.1841452482
 31
0.0
  0
LINE
  5
21C
330
67
100
AcDbEntity
  8
DV1_Default
  6
Continuous
 62
     7
 48
25.4
100
AcDbLine
 10
61.9745426351
 20
130.1841452482
 30
0.0
 11
63.3745426351
 21
130.1841452482
 31
0.0
  0
LINE
  5
21D
330
67
100
AcDbEntity
  8
DV1_Default
  6
Continuous
 62
     7
 48
25.4
100
AcDbLine
 10
63.3745426351
 20
128.1841452482
 30
0.0
 11
61.9745426351
 21
128.1841452482
 31
0.0
  0
LINE
  5
21E
330
67
100
AcDbEntity
  8
DV1_Default
  6
Continuous
 62
     7
 48
25.4
100
AcDbLine
 10
61.9745426351
 20
128.1841452482
 30
0.0
 11
61.9745426351
 21
130.1841452482
 31
0.0
  0
LINE
  5
21F
330
67
100
AcDbEntity
  8
DV1_Default
  6
Continuous
 62
     7
 48
25.4
100
AcDbLine
 10
63.3745426351
 20
130.1841452482
 30
0.0
 11
63.3745426351
 21
128.1841452482
 31
0.0
  0
LINE
  5
220
330
67
100
AcDbEntity
  8
DV1_Default
  6
Continuous
 62
     7
 48
25.4
100
AcDbLine
 10
63.5745426351
 20
130.1841452482
 30
0.0
 11
64.9745426351
 21
130.1841452482
 31
0.0
  0
LINE
  5
221
330
67
100
AcDbEntity
  8
DV1_Default
  6
Continuous
 62
     7
 48
25.4
100
AcDbLine
 10
64.9745426351
 20
128.1841452482
 30
0.0
 11
63.5745426351
 21
128.1841452482
 31
0.0
  0
LINE
  5
222
330
67
100
AcDbEntity
  8
DV1_Default
  6
Continuous
 62
     7
 48
25.4
100
AcDbLine
 10
63.5745426351
 20
128.1841452482
 30
0.0
 11
63.5745426351
 21
130.1841452482
 31
0.0
  0
LINE
  5
223
330
67
100
AcDbEntity
  8
DV1_Default
  6
Continuous
 62
     7
 48
25.4
100
AcDbLine
 10
64.9745426351
 20
130.1841452482
 30
0.0
 11
64.9745426351
 21
128.1841452482
 31
0.0
  0
LINE
  5
224
330
67
100
AcDbEntity
  8
DV1_Default
  6
Continuous
 62
     7
 48
25.4
100
AcDbLine
 10
65.1745426351
 20
130.1841452482
 30
0.0
 11
66.5745426351
 21
130.1841452482
 31
0.0
  0
LINE
  5
225
330
67
100
AcDbEntity
  8
DV1_Default
  6
Continuous
 62
     7
 48
25.4
100
AcDbLine
 10
66.5745426351
 20
128.1841452482
 30
0.0
 11
65.1745426351
 21
128.1841452482
 31
0.0
  0
LINE
  5
226
330
67
100
AcDbEntity
  8
DV1_Default
  6
Continuous
 62
     7
 48
25.4
100
AcDbLine
 10
65.1745426351
 20
128.1841452482
 30
0.0
 11
65.1745426351
 21
130.1841452482
 31
0.0
  0
LINE
  5
227
330
67
100
AcDbEntity
  8
DV1_Default
  6
Continuous
 62
     7
 48
25.4
100
AcDbLine
 10
66.5745426351
 20
130.1841452482
 30
0.0
 11
66.5745426351
 21
128.1841452482
 31
0.0
  0
LINE
  5
228
330
67
100
AcDbEntity
  8
DV1_Default
  6
Continuous
 62
     7
 48
25.4
100
AcDbLine
 10
66.7745426351
 20
130.1841452482
 30
0.0
 11
68.1745426351
 21
130.1841452482
 31
0.0
  0
LINE
  5
229
330
67
100
AcDbEntity
  8
DV1_Default
  6
Continuous
 62
     7
 48
25.4
100
AcDbLine
 10
68.1745426351
 20
128.1841452482
 30
0.0
 11
66.7745426351
 21
128.1841452482
 31
0.0
  0
LINE
  5
22A
330
67
100
AcDbEntity
  8
DV1_Default
  6
Continuous
 62
     7
 48
25.4
100
AcDbLine
 10
66.7745426351
 20
128.1841452482
 30
0.0
 11
66.7745426351
 21
130.1841452482
 31
0.0
  0
LINE
  5
22B
330
67
100
AcDbEntity
  8
DV1_Default
  6
Continuous
 62
     7
 48
25.4
100
AcDbLine
 10
68.1745426351
 20
130.1841452482
 30
0.0
 11
68.1745426351
 21
128.1841452482
 31
0.0
  0
LINE
  5
22C
330
67
100
AcDbEntity
  8
DV1_Default
  6
Continuous
 62
     7
 48
25.4
100
AcDbLine
 10
68.3745426351
 20
130.1841452482
 30
0.0
 11
69.7745426351
 21
130.1841452482
 31
0.0
  0
LINE
  5
22D
330
67
100
AcDbEntity
  8
DV1_Default
  6
Continuous
 62
     7
 48
25.4
100
AcDbLine
 10
69.7745426351
 20
128.1841452482
 30
0.0
 11
68.3745426351
 21
128.1841452482
 31
0.0
  0
LINE
  5
22E
330
67
100
AcDbEntity
  8
DV1_Default
  6
Continuous
 62
     7
 48
25.4
100
AcDbLine
 10
68.3745426351
 20
128.1841452482
 30
0.0
 11
68.3745426351
 21
130.1841452482
 31
0.0
  0
LINE
  5
22F
330
67
100
AcDbEntity
  8
DV1_Default
  6
Continuous
 62
     7
 48
25.4
100
AcDbLine
 10
69.7745426351
 20
130.1841452482
 30
0.0
 11
69.7745426351
 21
128.1841452482
 31
0.0
  0
LINE
  5
230
330
67
100
AcDbEntity
  8
DV1_Default
  6
Continuous
 62
     7
 48
25.4
100
AcDbLine
 10
69.9745426351
 20
130.1841452482
 30
0.0
 11
71.3745426351
 21
130.1841452482
 31
0.0
  0
LINE
  5
231
330
67
100
AcDbEntity
  8
DV1_Default
  6
Continuous
 62
     7
 48
25.4
100
AcDbLine
 10
71.3745426351
 20
128.1841452482
 30
0.0
 11
69.9745426351
 21
128.1841452482
 31
0.0
  0
LINE
  5
232
330
67
100
AcDbEntity
  8
DV1_Default
  6
Continuous
 62
     7
 48
25.4
100
AcDbLine
 10
69.9745426351
 20
128.1841452482
 30
0.0
 11
69.9745426351
 21
130.1841452482
 31
0.0
  0
LINE
  5
233
330
67
100
AcDbEntity
  8
DV1_Default
  6
Continuous
 62
     7
 48
25.4
100
AcDbLine
 10
71.3745426351
 20
130.1841452482
 30
0.0
 11
71.3745426351
 21
128.1841452482
 31
0.0
  0
LINE
  5
234
330
67
100
AcDbEntity
  8
DV1_Default
  6
Continuous
 62
     7
 48
25.4
100
AcDbLine
 10
71.5745426351
 20
130.1841452482
 30
0.0
 11
72.9745426351
 21
130.1841452482
 31
0.0
  0
LINE
  5
235
330
67
100
AcDbEntity
  8
DV1_Default
  6
Continuous
 62
     7
 48
25.4
100
AcDbLine
 10
72.9745426351
 20
128.1841452482
 30
0.0
 11
71.5745426351
 21
128.1841452482
 31
0.0
  0
LINE
  5
236
330
67
100
AcDbEntity
  8
DV1_Default
  6
Continuous
 62
     7
 48
25.4
100
AcDbLine
 10
71.5745426351
 20
128.1841452482
 30
0.0
 11
71.5745426351
 21
130.1841452482
 31
0.0
  0
LINE
  5
237
330
67
100
AcDbEntity
  8
DV1_Default
  6
Continuous
 62
     7
 48
25.4
100
AcDbLine
 10
72.9745426351
 20
130.1841452482
 30
0.0
 11
72.9745426351
 21
128.1841452482
 31
0.0
  0
LINE
  5
238
330
67
100
AcDbEntity
  8
DV1_Default
  6
Continuous
 62
     7
 48
25.4
100
AcDbLine
 10
73.1745426351
 20
130.1841452482
 30
0.0
 11
74.5745426351
 21
130.1841452482
 31
0.0
  0
LINE
  5
239
330
67
100
AcDbEntity
  8
DV1_Default
  6
Continuous
 62
     7
 48
25.4
100
AcDbLine
 10
74.5745426351
 20
128.1841452482
 30
0.0
 11
73.1745426351
 21
128.1841452482
 31
0.0
  0
LINE
  5
23A
330
67
100
AcDbEntity
  8
DV1_Default
  6
Continuous
 62
     7
 48
25.4
100
AcDbLine
 10
73.1745426351
 20
128.1841452482
 30
0.0
 11
73.1745426351
 21
130.1841452482
 31
0.0
  0
LINE
  5
23B
330
67
100
AcDbEntity
  8
DV1_Default
  6
Continuous
 62
     7
 48
25.4
100
AcDbLine
 10
74.5745426351
 20
130.1841452482
 30
0.0
 11
74.5745426351
 21
128.1841452482
 31
0.0
  0
LINE
  5
23C
330
67
100
AcDbEntity
  8
DV1_Default
  6
Continuous
 62
     7
 48
25.4
100
AcDbLine
 10
74.7745426351
 20
130.1841452482
 30
0.0
 11
76.1745426351
 21
130.1841452482
 31
0.0
  0
LINE
  5
23D
330
67
100
AcDbEntity
  8
DV1_Default
  6
Continuous
 62
     7
 48
25.4
100
AcDbLine
 10
76.1745426351
 20
128.1841452482
 30
0.0
 11
74.7745426351
 21
128.1841452482
 31
0.0
  0
LINE
  5
23E
330
67
100
AcDbEntity
  8
DV1_Default
  6
Continuous
 62
     7
 48
25.4
100
AcDbLine
 10
74.7745426351
 20
128.1841452482
 30
0.0
 11
74.7745426351
 21
130.1841452482
 31
0.0
  0
LINE
  5
23F
330
67
100
AcDbEntity
  8
DV1_Default
  6
Continuous
 62
     7
 48
25.4
100
AcDbLine
 10
76.1745426351
 20
130.1841452482
 30
0.0
 11
76.1745426351
 21
128.1841452482
 31
0.0
  0
LINE
  5
240
330
67
100
AcDbEntity
  8
DV1_Default
  6
Continuous
 62
     7
 48
25.4
100
AcDbLine
 10
76.3745426351
 20
130.1841452482
 30
0.0
 11
77.7745426351
 21
130.1841452482
 31
0.0
  0
LINE
  5
241
330
67
100
AcDbEntity
  8
DV1_Default
  6
Continuous
 62
     7
 48
25.4
100
AcDbLine
 10
77.7745426351
 20
128.1841452482
 30
0.0
 11
76.3745426351
 21
128.1841452482
 31
0.0
  0
LINE
  5
242
330
67
100
AcDbEntity
  8
DV1_Default
  6
Continuous
 62
     7
 48
25.4
100
AcDbLine
 10
76.3745426351
 20
128.1841452482
 30
0.0
 11
76.3745426351
 21
130.1841452482
 31
0.0
  0
LINE
  5
243
330
67
100
AcDbEntity
  8
DV1_Default
  6
Continuous
 62
     7
 48
25.4
100
AcDbLine
 10
77.7745426351
 20
130.1841452482
 30
0.0
 11
77.7745426351
 21
128.1841452482
 31
0.0
  0
LINE
  5
244
330
67
100
AcDbEntity
  8
DV1_Default
  6
Continuous
 62
     7
 48
25.4
100
AcDbLine
 10
77.9745426351
 20
130.1841452482
 30
0.0
 11
79.3745426351
 21
130.1841452482
 31
0.0
  0
LINE
  5
245
330
67
100
AcDbEntity
  8
DV1_Default
  6
Continuous
 62
     7
 48
25.4
100
AcDbLine
 10
79.3745426351
 20
128.1841452482
 30
0.0
 11
77.9745426351
 21
128.1841452482
 31
0.0
  0
LINE
  5
246
330
67
100
AcDbEntity
  8
DV1_Default
  6
Continuous
 62
     7
 48
25.4
100
AcDbLine
 10
77.9745426351
 20
128.1841452482
 30
0.0
 11
77.9745426351
 21
130.1841452482
 31
0.0
  0
LINE
  5
247
330
67
100
AcDbEntity
  8
DV1_Default
  6
Continuous
 62
     7
 48
25.4
100
AcDbLine
 10
79.3745426351
 20
130.1841452482
 30
0.0
 11
79.3745426351
 21
128.1841452482
 31
0.0
  0
LINE
  5
248
330
67
100
AcDbEntity
  8
DV1_Default
  6
Continuous
 62
     7
 48
25.4
100
AcDbLine
 10
79.5745426351
 20
130.1841452482
 30
0.0
 11
80.9745426351
 21
130.1841452482
 31
0.0
  0
LINE
  5
249
330
67
100
AcDbEntity
  8
DV1_Default
  6
Continuous
 62
     7
 48
25.4
100
AcDbLine
 10
80.9745426351
 20
128.1841452482
 30
0.0
 11
79.5745426351
 21
128.1841452482
 31
0.0
  0
LINE
  5
24A
330
67
100
AcDbEntity
  8
DV1_Default
  6
Continuous
 62
     7
 48
25.4
100
AcDbLine
 10
79.5745426351
 20
128.1841452482
 30
0.0
 11
79.5745426351
 21
130.1841452482
 31
0.0
  0
LINE
  5
24B
330
67
100
AcDbEntity
  8
DV1_Default
  6
Continuous
 62
     7
 48
25.4
100
AcDbLine
 10
80.9745426351
 20
130.1841452482
 30
0.0
 11
80.9745426351
 21
128.1841452482
 31
0.0
  0
LINE
  5
24C
330
67
100
AcDbEntity
  8
DV1_Default
  6
Continuous
 62
     7
 48
25.4
100
AcDbLine
 10
81.1745426351
 20
130.1841452482
 30
0.0
 11
82.5745426351
 21
130.1841452482
 31
0.0
  0
LINE
  5
24D
330
67
100
AcDbEntity
  8
DV1_Default
  6
Continuous
 62
     7
 48
25.4
100
AcDbLine
 10
82.5745426351
 20
128.1841452482
 30
0.0
 11
81.1745426351
 21
128.1841452482
 31
0.0
  0
LINE
  5
24E
330
67
100
AcDbEntity
  8
DV1_Default
  6
Continuous
 62
     7
 48
25.4
100
AcDbLine
 10
81.1745426351
 20
128.1841452482
 30
0.0
 11
81.1745426351
 21
130.1841452482
 31
0.0
  0
LINE
  5
24F
330
67
100
AcDbEntity
  8
DV1_Default
  6
Continuous
 62
     7
 48
25.4
100
AcDbLine
 10
82.5745426351
 20
130.1841452482
 30
0.0
 11
82.5745426351
 21
128.1841452482
 31
0.0
  0
LINE
  5
250
330
67
100
AcDbEntity
  8
DV1_Default
  6
Continuous
 62
     7
 48
25.4
100
AcDbLine
 10
82.7745426351
 20
130.1841452482
 30
0.0
 11
84.1745426351
 21
130.1841452482
 31
0.0
  0
LINE
  5
251
330
67
100
AcDbEntity
  8
DV1_Default
  6
Continuous
 62
     7
 48
25.4
100
AcDbLine
 10
84.1745426351
 20
128.1841452482
 30
0.0
 11
82.7745426351
 21
128.1841452482
 31
0.0
  0
LINE
  5
252
330
67
100
AcDbEntity
  8
DV1_Default
  6
Continuous
 62
     7
 48
25.4
100
AcDbLine
 10
82.7745426351
 20
128.1841452482
 30
0.0
 11
82.7745426351
 21
130.1841452482
 31
0.0
  0
LINE
  5
253
330
67
100
AcDbEntity
  8
DV1_Default
  6
Continuous
 62
     7
 48
25.4
100
AcDbLine
 10
84.1745426351
 20
130.1841452482
 30
0.0
 11
84.1745426351
 21
128.1841452482
 31
0.0
  0
LINE
  5
254
330
67
100
AcDbEntity
  8
DV1_Default
  6
Continuous
 62
     7
 48
25.4
100
AcDbLine
 10
84.3745426351
 20
130.1841452482
 30
0.0
 11
85.7745426351
 21
130.1841452482
 31
0.0
  0
LINE
  5
255
330
67
100
AcDbEntity
  8
DV1_Default
  6
Continuous
 62
     7
 48
25.4
100
AcDbLine
 10
85.7745426351
 20
128.1841452482
 30
0.0
 11
84.3745426351
 21
128.1841452482
 31
0.0
  0
LINE
  5
256
330
67
100
AcDbEntity
  8
DV1_Default
  6
Continuous
 62
     7
 48
25.4
100
AcDbLine
 10
84.3745426351
 20
128.1841452482
 30
0.0
 11
84.3745426351
 21
130.1841452482
 31
0.0
  0
LINE
  5
257
330
67
100
AcDbEntity
  8
DV1_Default
  6
Continuous
 62
     7
 48
25.4
100
AcDbLine
 10
85.7745426351
 20
130.1841452482
 30
0.0
 11
85.7745426351
 21
128.1841452482
 31
0.0
  0
LINE
  5
258
330
67
100
AcDbEntity
  8
DV1_Default
  6
Continuous
 62
     7
 48
25.4
100
AcDbLine
 10
85.9745426351
 20
130.1841452482
 30
0.0
 11
87.3745426351
 21
130.1841452482
 31
0.0
  0
LINE
  5
259
330
67
100
AcDbEntity
  8
DV1_Default
  6
Continuous
 62
     7
 48
25.4
100
AcDbLine
 10
87.3745426351
 20
128.1841452482
 30
0.0
 11
85.9745426351
 21
128.1841452482
 31
0.0
  0
LINE
  5
25A
330
67
100
AcDbEntity
  8
DV1_Default
  6
Continuous
 62
     7
 48
25.4
100
AcDbLine
 10
85.9745426351
 20
128.1841452482
 30
0.0
 11
85.9745426351
 21
130.1841452482
 31
0.0
  0
LINE
  5
25B
330
67
100
AcDbEntity
  8
DV1_Default
  6
Continuous
 62
     7
 48
25.4
100
AcDbLine
 10
87.3745426351
 20
130.1841452482
 30
0.0
 11
87.3745426351
 21
128.1841452482
 31
0.0
  0
LINE
  5
25C
330
67
100
AcDbEntity
  8
DV1_Default
  6
Continuous
 62
     7
 48
25.4
100
AcDbLine
 10
87.5745426351
 20
130.1841452482
 30
0.0
 11
88.9745426351
 21
130.1841452482
 31
0.0
  0
LINE
  5
25D
330
67
100
AcDbEntity
  8
DV1_Default
  6
Continuous
 62
     7
 48
25.4
100
AcDbLine
 10
88.9745426351
 20
128.1841452482
 30
0.0
 11
87.5745426351
 21
128.1841452482
 31
0.0
  0
LINE
  5
25E
330
67
100
AcDbEntity
  8
DV1_Default
  6
Continuous
 62
     7
 48
25.4
100
AcDbLine
 10
87.5745426351
 20
128.1841452482
 30
0.0
 11
87.5745426351
 21
130.1841452482
 31
0.0
  0
LINE
  5
25F
330
67
100
AcDbEntity
  8
DV1_Default
  6
Continuous
 62
     7
 48
25.4
100
AcDbLine
 10
88.9745426351
 20
130.1841452482
 30
0.0
 11
88.9745426351
 21
128.1841452482
 31
0.0
  0
LINE
  5
260
330
67
100
AcDbEntity
  8
DV1_Default
  6
Continuous
 62
     7
 48
25.4
100
AcDbLine
 10
89.1745426351
 20
130.1841452482
 30
0.0
 11
90.5745426351
 21
130.1841452482
 31
0.0
  0
LINE
  5
261
330
67
100
AcDbEntity
  8
DV1_Default
  6
Continuous
 62
     7
 48
25.4
100
AcDbLine
 10
90.5745426351
 20
128.1841452482
 30
0.0
 11
89.1745426351
 21
128.1841452482
 31
0.0
  0
LINE
  5
262
330
67
100
AcDbEntity
  8
DV1_Default
  6
Continuous
 62
     7
 48
25.4
100
AcDbLine
 10
89.1745426351
 20
128.1841452482
 30
0.0
 11
89.1745426351
 21
130.1841452482
 31
0.0
  0
LINE
  5
263
330
67
100
AcDbEntity
  8
DV1_Default
  6
Continuous
 62
     7
 48
25.4
100
AcDbLine
 10
90.5745426351
 20
130.1841452482
 30
0.0
 11
90.5745426351
 21
128.1841452482
 31
0.0
  0
LINE
  5
264
330
67
100
AcDbEntity
  8
DV1_Default
  6
Continuous
 62
     7
 48
25.4
100
AcDbLine
 10
90.7745426351
 20
130.1841452482
 30
0.0
 11
92.1745426351
 21
130.1841452482
 31
0.0
  0
LINE
  5
265
330
67
100
AcDbEntity
  8
DV1_Default
  6
Continuous
 62
     7
 48
25.4
100
AcDbLine
 10
92.1745426351
 20
128.1841452482
 30
0.0
 11
90.7745426351
 21
128.1841452482
 31
0.0
  0
LINE
  5
266
330
67
100
AcDbEntity
  8
DV1_Default
  6
Continuous
 62
     7
 48
25.4
100
AcDbLine
 10
90.7745426351
 20
128.1841452482
 30
0.0
 11
90.7745426351
 21
130.1841452482
 31
0.0
  0
LINE
  5
267
330
67
100
AcDbEntity
  8
DV1_Default
  6
Continuous
 62
     7
 48
25.4
100
AcDbLine
 10
92.1745426351
 20
130.1841452482
 30
0.0
 11
92.1745426351
 21
128.1841452482
 31
0.0
  0
LINE
  5
268
330
67
100
AcDbEntity
  8
DV1_Default
  6
Continuous
 62
     7
 48
25.4
100
AcDbLine
 10
92.3745426351
 20
130.1841452482
 30
0.0
 11
93.7745426351
 21
130.1841452482
 31
0.0
  0
LINE
  5
269
330
67
100
AcDbEntity
  8
DV1_Default
  6
Continuous
 62
     7
 48
25.4
100
AcDbLine
 10
93.7745426351
 20
128.1841452482
 30
0.0
 11
92.3745426351
 21
128.1841452482
 31
0.0
  0
LINE
  5
26A
330
67
100
AcDbEntity
  8
DV1_Default
  6
Continuous
 62
     7
 48
25.4
100
AcDbLine
 10
92.3745426351
 20
128.1841452482
 30
0.0
 11
92.3745426351
 21
130.1841452482
 31
0.0
  0
LINE
  5
26B
330
67
100
AcDbEntity
  8
DV1_Default
  6
Continuous
 62
     7
 48
25.4
100
AcDbLine
 10
93.7745426351
 20
130.1841452482
 30
0.0
 11
93.7745426351
 21
128.1841452482
 31
0.0
  0
LINE
  5
26C
330
67
100
AcDbEntity
  8
DV1_Default
  6
Continuous
 62
     7
 48
25.4
100
AcDbLine
 10
57.1745426351
 20
132.5841452482
 30
0.0
 11
58.5745426351
 21
132.5841452482
 31
0.0
  0
LINE
  5
26D
330
67
100
AcDbEntity
  8
DV1_Default
  6
Continuous
 62
     7
 48
25.4
100
AcDbLine
 10
58.5745426351
 20
130.5841452482
 30
0.0
 11
57.1745426351
 21
130.5841452482
 31
0.0
  0
LINE
  5
26E
330
67
100
AcDbEntity
  8
DV1_Default
  6
Continuous
 62
     7
 48
25.4
100
AcDbLine
 10
57.1745426351
 20
130.5841452482
 30
0.0
 11
57.1745426351
 21
132.5841452482
 31
0.0
  0
LINE
  5
26F
330
67
100
AcDbEntity
  8
DV1_Default
  6
Continuous
 62
     7
 48
25.4
100
AcDbLine
 10
58.5745426351
 20
132.5841452482
 30
0.0
 11
58.5745426351
 21
130.5841452482
 31
0.0
  0
LINE
  5
270
330
67
100
AcDbEntity
  8
DV1_Default
  6
Continuous
 62
     7
 48
25.4
100
AcDbLine
 10
58.7745426351
 20
132.5841452482
 30
0.0
 11
60.1745426351
 21
132.5841452482
 31
0.0
  0
LINE
  5
271
330
67
100
AcDbEntity
  8
DV1_Default
  6
Continuous
 62
     7
 48
25.4
100
AcDbLine
 10
60.1745426351
 20
130.5841452482
 30
0.0
 11
58.7745426351
 21
130.5841452482
 31
0.0
  0
LINE
  5
272
330
67
100
AcDbEntity
  8
DV1_Default
  6
Continuous
 62
     7
 48
25.4
100
AcDbLine
 10
58.7745426351
 20
130.5841452482
 30
0.0
 11
58.7745426351
 21
132.5841452482
 31
0.0
  0
LINE
  5
273
330
67
100
AcDbEntity
  8
DV1_Default
  6
Continuous
 62
     7
 48
25.4
100
AcDbLine
 10
60.1745426351
 20
132.5841452482
 30
0.0
 11
60.1745426351
 21
130.5841452482
 31
0.0
  0
LINE
  5
274
330
67
100
AcDbEntity
  8
DV1_Default
  6
Continuous
 62
     7
 48
25.4
100
AcDbLine
 10
60.3745426351
 20
132.5841452482
 30
0.0
 11
61.7745426351
 21
132.5841452482
 31
0.0
  0
LINE
  5
275
330
67
100
AcDbEntity
  8
DV1_Default
  6
Continuous
 62
     7
 48
25.4
100
AcDbLine
 10
61.7745426351
 20
130.5841452482
 30
0.0
 11
60.3745426351
 21
130.5841452482
 31
0.0
  0
LINE
  5
276
330
67
100
AcDbEntity
  8
DV1_Default
  6
Continuous
 62
     7
 48
25.4
100
AcDbLine
 10
60.3745426351
 20
130.5841452482
 30
0.0
 11
60.3745426351
 21
132.5841452482
 31
0.0
  0
LINE
  5
277
330
67
100
AcDbEntity
  8
DV1_Default
  6
Continuous
 62
     7
 48
25.4
100
AcDbLine
 10
61.7745426351
 20
132.5841452482
 30
0.0
 11
61.7745426351
 21
130.5841452482
 31
0.0
  0
LINE
  5
278
330
67
100
AcDbEntity
  8
DV1_Default
  6
Continuous
 62
     7
 48
25.4
100
AcDbLine
 10
61.9745426351
 20
132.5841452482
 30
0.0
 11
63.3745426351
 21
132.5841452482
 31
0.0
  0
LINE
  5
279
330
67
100
AcDbEntity
  8
DV1_Default
  6
Continuous
 62
     7
 48
25.4
100
AcDbLine
 10
63.3745426351
 20
130.5841452482
 30
0.0
 11
61.9745426351
 21
130.5841452482
 31
0.0
  0
LINE
  5
27A
330
67
100
AcDbEntity
  8
DV1_Default
  6
Continuous
 62
     7
 48
25.4
100
AcDbLine
 10
61.9745426351
 20
130.5841452482
 30
0.0
 11
61.9745426351
 21
132.5841452482
 31
0.0
  0
LINE
  5
27B
330
67
100
AcDbEntity
  8
DV1_Default
  6
Continuous
 62
     7
 48
25.4
100
AcDbLine
 10
63.3745426351
 20
132.5841452482
 30
0.0
 11
63.3745426351
 21
130.5841452482
 31
0.0
  0
LINE
  5
27C
330
67
100
AcDbEntity
  8
DV1_Default
  6
Continuous
 62
     7
 48
25.4
100
AcDbLine
 10
63.5745426351
 20
132.5841452482
 30
0.0
 11
64.9745426351
 21
132.5841452482
 31
0.0
  0
LINE
  5
27D
330
67
100
AcDbEntity
  8
DV1_Default
  6
Continuous
 62
     7
 48
25.4
100
AcDbLine
 10
64.9745426351
 20
130.5841452482
 30
0.0
 11
63.5745426351
 21
130.5841452482
 31
0.0
  0
LINE
  5
27E
330
67
100
AcDbEntity
  8
DV1_Default
  6
Continuous
 62
     7
 48
25.4
100
AcDbLine
 10
63.5745426351
 20
130.5841452482
 30
0.0
 11
63.5745426351
 21
132.5841452482
 31
0.0
  0
LINE
  5
27F
330
67
100
AcDbEntity
  8
DV1_Default
  6
Continuous
 62
     7
 48
25.4
100
AcDbLine
 10
64.9745426351
 20
132.5841452482
 30
0.0
 11
64.9745426351
 21
130.5841452482
 31
0.0
  0
LINE
  5
280
330
67
100
AcDbEntity
  8
DV1_Default
  6
Continuous
 62
     7
 48
25.4
100
AcDbLine
 10
65.1745426351
 20
132.5841452482
 30
0.0
 11
66.5745426351
 21
132.5841452482
 31
0.0
  0
LINE
  5
281
330
67
100
AcDbEntity
  8
DV1_Default
  6
Continuous
 62
     7
 48
25.4
100
AcDbLine
 10
66.5745426351
 20
130.5841452482
 30
0.0
 11
65.1745426351
 21
130.5841452482
 31
0.0
  0
LINE
  5
282
330
67
100
AcDbEntity
  8
DV1_Default
  6
Continuous
 62
     7
 48
25.4
100
AcDbLine
 10
65.1745426351
 20
130.5841452482
 30
0.0
 11
65.1745426351
 21
132.5841452482
 31
0.0
  0
LINE
  5
283
330
67
100
AcDbEntity
  8
DV1_Default
  6
Continuous
 62
     7
 48
25.4
100
AcDbLine
 10
66.5745426351
 20
132.5841452482
 30
0.0
 11
66.5745426351
 21
130.5841452482
 31
0.0
  0
LINE
  5
284
330
67
100
AcDbEntity
  8
DV1_Default
  6
Continuous
 62
     7
 48
25.4
100
AcDbLine
 10
66.7745426351
 20
132.5841452482
 30
0.0
 11
68.1745426351
 21
132.5841452482
 31
0.0
  0
LINE
  5
285
330
67
100
AcDbEntity
  8
DV1_Default
  6
Continuous
 62
     7
 48
25.4
100
AcDbLine
 10
68.1745426351
 20
130.5841452482
 30
0.0
 11
66.7745426351
 21
130.5841452482
 31
0.0
  0
LINE
  5
286
330
67
100
AcDbEntity
  8
DV1_Default
  6
Continuous
 62
     7
 48
25.4
100
AcDbLine
 10
66.7745426351
 20
130.5841452482
 30
0.0
 11
66.7745426351
 21
132.5841452482
 31
0.0
  0
LINE
  5
287
330
67
100
AcDbEntity
  8
DV1_Default
  6
Continuous
 62
     7
 48
25.4
100
AcDbLine
 10
68.1745426351
 20
132.5841452482
 30
0.0
 11
68.1745426351
 21
130.5841452482
 31
0.0
  0
LINE
  5
288
330
67
100
AcDbEntity
  8
DV1_Default
  6
Continuous
 62
     7
 48
25.4
100
AcDbLine
 10
68.3745426351
 20
132.5841452482
 30
0.0
 11
69.7745426351
 21
132.5841452482
 31
0.0
  0
LINE
  5
289
330
67
100
AcDbEntity
  8
DV1_Default
  6
Continuous
 62
     7
 48
25.4
100
AcDbLine
 10
69.7745426351
 20
130.5841452482
 30
0.0
 11
68.3745426351
 21
130.5841452482
 31
0.0
  0
LINE
  5
28A
330
67
100
AcDbEntity
  8
DV1_Default
  6
Continuous
 62
     7
 48
25.4
100
AcDbLine
 10
68.3745426351
 20
130.5841452482
 30
0.0
 11
68.3745426351
 21
132.5841452482
 31
0.0
  0
LINE
  5
28B
330
67
100
AcDbEntity
  8
DV1_Default
  6
Continuous
 62
     7
 48
25.4
100
AcDbLine
 10
69.7745426351
 20
132.5841452482
 30
0.0
 11
69.7745426351
 21
130.5841452482
 31
0.0
  0
LINE
  5
28C
330
67
100
AcDbEntity
  8
DV1_Default
  6
Continuous
 62
     7
 48
25.4
100
AcDbLine
 10
69.9745426351
 20
132.5841452482
 30
0.0
 11
71.3745426351
 21
132.5841452482
 31
0.0
  0
LINE
  5
28D
330
67
100
AcDbEntity
  8
DV1_Default
  6
Continuous
 62
     7
 48
25.4
100
AcDbLine
 10
71.3745426351
 20
130.5841452482
 30
0.0
 11
69.9745426351
 21
130.5841452482
 31
0.0
  0
LINE
  5
28E
330
67
100
AcDbEntity
  8
DV1_Default
  6
Continuous
 62
     7
 48
25.4
100
AcDbLine
 10
69.9745426351
 20
130.5841452482
 30
0.0
 11
69.9745426351
 21
132.5841452482
 31
0.0
  0
LINE
  5
28F
330
67
100
AcDbEntity
  8
DV1_Default
  6
Continuous
 62
     7
 48
25.4
100
AcDbLine
 10
71.3745426351
 20
132.5841452482
 30
0.0
 11
71.3745426351
 21
130.5841452482
 31
0.0
  0
LINE
  5
290
330
67
100
AcDbEntity
  8
DV1_Default
  6
Continuous
 62
     7
 48
25.4
100
AcDbLine
 10
71.5745426351
 20
132.5841452482
 30
0.0
 11
72.9745426351
 21
132.5841452482
 31
0.0
  0
LINE
  5
291
330
67
100
AcDbEntity
  8
DV1_Default
  6
Continuous
 62
     7
 48
25.4
100
AcDbLine
 10
72.9745426351
 20
130.5841452482
 30
0.0
 11
71.5745426351
 21
130.5841452482
 31
0.0
  0
LINE
  5
292
330
67
100
AcDbEntity
  8
DV1_Default
  6
Continuous
 62
     7
 48
25.4
100
AcDbLine
 10
71.5745426351
 20
130.5841452482
 30
0.0
 11
71.5745426351
 21
132.5841452482
 31
0.0
  0
LINE
  5
293
330
67
100
AcDbEntity
  8
DV1_Default
  6
Continuous
 62
     7
 48
25.4
100
AcDbLine
 10
72.9745426351
 20
132.5841452482
 30
0.0
 11
72.9745426351
 21
130.5841452482
 31
0.0
  0
LINE
  5
294
330
67
100
AcDbEntity
  8
DV1_Default
  6
Continuous
 62
     7
 48
25.4
100
AcDbLine
 10
73.1745426351
 20
132.5841452482
 30
0.0
 11
74.5745426351
 21
132.5841452482
 31
0.0
  0
LINE
  5
295
330
67
100
AcDbEntity
  8
DV1_Default
  6
Continuous
 62
     7
 48
25.4
100
AcDbLine
 10
74.5745426351
 20
130.5841452482
 30
0.0
 11
73.1745426351
 21
130.5841452482
 31
0.0
  0
LINE
  5
296
330
67
100
AcDbEntity
  8
DV1_Default
  6
Continuous
 62
     7
 48
25.4
100
AcDbLine
 10
73.1745426351
 20
130.5841452482
 30
0.0
 11
73.1745426351
 21
132.5841452482
 31
0.0
  0
LINE
  5
297
330
67
100
AcDbEntity
  8
DV1_Default
  6
Continuous
 62
     7
 48
25.4
100
AcDbLine
 10
74.5745426351
 20
132.5841452482
 30
0.0
 11
74.5745426351
 21
130.5841452482
 31
0.0
  0
LINE
  5
298
330
67
100
AcDbEntity
  8
DV1_Default
  6
Continuous
 62
     7
 48
25.4
100
AcDbLine
 10
74.7745426351
 20
132.5841452482
 30
0.0
 11
76.1745426351
 21
132.5841452482
 31
0.0
  0
LINE
  5
299
330
67
100
AcDbEntity
  8
DV1_Default
  6
Continuous
 62
     7
 48
25.4
100
AcDbLine
 10
76.1745426351
 20
130.5841452482
 30
0.0
 11
74.7745426351
 21
130.5841452482
 31
0.0
  0
LINE
  5
29A
330
67
100
AcDbEntity
  8
DV1_Default
  6
Continuous
 62
     7
 48
25.4
100
AcDbLine
 10
74.7745426351
 20
130.5841452482
 30
0.0
 11
74.7745426351
 21
132.5841452482
 31
0.0
  0
LINE
  5
29B
330
67
100
AcDbEntity
  8
DV1_Default
  6
Continuous
 62
     7
 48
25.4
100
AcDbLine
 10
76.1745426351
 20
132.5841452482
 30
0.0
 11
76.1745426351
 21
130.5841452482
 31
0.0
  0
LINE
  5
29C
330
67
100
AcDbEntity
  8
DV1_Default
  6
Continuous
 62
     7
 48
25.4
100
AcDbLine
 10
76.3745426351
 20
132.5841452482
 30
0.0
 11
77.7745426351
 21
132.5841452482
 31
0.0
  0
LINE
  5
29D
330
67
100
AcDbEntity
  8
DV1_Default
  6
Continuous
 62
     7
 48
25.4
100
AcDbLine
 10
77.7745426351
 20
130.5841452482
 30
0.0
 11
76.3745426351
 21
130.5841452482
 31
0.0
  0
LINE
  5
29E
330
67
100
AcDbEntity
  8
DV1_Default
  6
Continuous
 62
     7
 48
25.4
100
AcDbLine
 10
76.3745426351
 20
130.5841452482
 30
0.0
 11
76.3745426351
 21
132.5841452482
 31
0.0
  0
LINE
  5
29F
330
67
100
AcDbEntity
  8
DV1_Default
  6
Continuous
 62
     7
 48
25.4
100
AcDbLine
 10
77.7745426351
 20
132.5841452482
 30
0.0
 11
77.7745426351
 21
130.5841452482
 31
0.0
  0
LINE
  5
2A0
330
67
100
AcDbEntity
  8
DV1_Default
  6
Continuous
 62
     7
 48
25.4
100
AcDbLine
 10
77.9745426351
 20
132.5841452482
 30
0.0
 11
79.3745426351
 21
132.5841452482
 31
0.0
  0
LINE
  5
2A1
330
67
100
AcDbEntity
  8
DV1_Default
  6
Continuous
 62
     7
 48
25.4
100
AcDbLine
 10
79.3745426351
 20
130.5841452482
 30
0.0
 11
77.9745426351
 21
130.5841452482
 31
0.0
  0
LINE
  5
2A2
330
67
100
AcDbEntity
  8
DV1_Default
  6
Continuous
 62
     7
 48
25.4
100
AcDbLine
 10
77.9745426351
 20
130.5841452482
 30
0.0
 11
77.9745426351
 21
132.5841452482
 31
0.0
  0
LINE
  5
2A3
330
67
100
AcDbEntity
  8
DV1_Default
  6
Continuous
 62
     7
 48
25.4
100
AcDbLine
 10
79.3745426351
 20
132.5841452482
 30
0.0
 11
79.3745426351
 21
130.5841452482
 31
0.0
  0
LINE
  5
2A4
330
67
100
AcDbEntity
  8
DV1_Default
  6
Continuous
 62
     7
 48
25.4
100
AcDbLine
 10
79.5745426351
 20
132.5841452482
 30
0.0
 11
80.9745426351
 21
132.5841452482
 31
0.0
  0
LINE
  5
2A5
330
67
100
AcDbEntity
  8
DV1_Default
  6
Continuous
 62
     7
 48
25.4
100
AcDbLine
 10
80.9745426351
 20
130.5841452482
 30
0.0
 11
79.5745426351
 21
130.5841452482
 31
0.0
  0
LINE
  5
2A6
330
67
100
AcDbEntity
  8
DV1_Default
  6
Continuous
 62
     7
 48
25.4
100
AcDbLine
 10
79.5745426351
 20
130.5841452482
 30
0.0
 11
79.5745426351
 21
132.5841452482
 31
0.0
  0
LINE
  5
2A7
330
67
100
AcDbEntity
  8
DV1_Default
  6
Continuous
 62
     7
 48
25.4
100
AcDbLine
 10
80.9745426351
 20
132.5841452482
 30
0.0
 11
80.9745426351
 21
130.5841452482
 31
0.0
  0
LINE
  5
2A8
330
67
100
AcDbEntity
  8
DV1_Default
  6
Continuous
 62
     7
 48
25.4
100
AcDbLine
 10
81.1745426351
 20
132.5841452482
 30
0.0
 11
82.5745426351
 21
132.5841452482
 31
0.0
  0
LINE
  5
2A9
330
67
100
AcDbEntity
  8
DV1_Default
  6
Continuous
 62
     7
 48
25.4
100
AcDbLine
 10
82.5745426351
 20
130.5841452482
 30
0.0
 11
81.1745426351
 21
130.5841452482
 31
0.0
  0
LINE
  5
2AA
330
67
100
AcDbEntity
  8
DV1_Default
  6
Continuous
 62
     7
 48
25.4
100
AcDbLine
 10
81.1745426351
 20
130.5841452482
 30
0.0
 11
81.1745426351
 21
132.5841452482
 31
0.0
  0
LINE
  5
2AB
330
67
100
AcDbEntity
  8
DV1_Default
  6
Continuous
 62
     7
 48
25.4
100
AcDbLine
 10
82.5745426351
 20
132.5841452482
 30
0.0
 11
82.5745426351
 21
130.5841452482
 31
0.0
  0
LINE
  5
2AC
330
67
100
AcDbEntity
  8
DV1_Default
  6
Continuous
 62
     7
 48
25.4
100
AcDbLine
 10
82.7745426351
 20
132.5841452482
 30
0.0
 11
84.1745426351
 21
132.5841452482
 31
0.0
  0
LINE
  5
2AD
330
67
100
AcDbEntity
  8
DV1_Default
  6
Continuous
 62
     7
 48
25.4
100
AcDbLine
 10
84.1745426351
 20
130.5841452482
 30
0.0
 11
82.7745426351
 21
130.5841452482
 31
0.0
  0
LINE
  5
2AE
330
67
100
AcDbEntity
  8
DV1_Default
  6
Continuous
 62
     7
 48
25.4
100
AcDbLine
 10
82.7745426351
 20
130.5841452482
 30
0.0
 11
82.7745426351
 21
132.5841452482
 31
0.0
  0
LINE
  5
2AF
330
67
100
AcDbEntity
  8
DV1_Default
  6
Continuous
 62
     7
 48
25.4
100
AcDbLine
 10
84.1745426351
 20
132.5841452482
 30
0.0
 11
84.1745426351
 21
130.5841452482
 31
0.0
  0
LINE
  5
2B0
330
67
100
AcDbEntity
  8
DV1_Default
  6
Continuous
 62
     7
 48
25.4
100
AcDbLine
 10
84.3745426351
 20
132.5841452482
 30
0.0
 11
85.7745426351
 21
132.5841452482
 31
0.0
  0
LINE
  5
2B1
330
67
100
AcDbEntity
  8
DV1_Default
  6
Continuous
 62
     7
 48
25.4
100
AcDbLine
 10
85.7745426351
 20
130.5841452482
 30
0.0
 11
84.3745426351
 21
130.5841452482
 31
0.0
  0
LINE
  5
2B2
330
67
100
AcDbEntity
  8
DV1_Default
  6
Continuous
 62
     7
 48
25.4
100
AcDbLine
 10
84.3745426351
 20
130.5841452482
 30
0.0
 11
84.3745426351
 21
132.5841452482
 31
0.0
  0
LINE
  5
2B3
330
67
100
AcDbEntity
  8
DV1_Default
  6
Continuous
 62
     7
 48
25.4
100
AcDbLine
 10
85.7745426351
 20
132.5841452482
 30
0.0
 11
85.7745426351
 21
130.5841452482
 31
0.0
  0
LINE
  5
2B4
330
67
100
AcDbEntity
  8
DV1_Default
  6
Continuous
 62
     7
 48
25.4
100
AcDbLine
 10
85.9745426351
 20
132.5841452482
 30
0.0
 11
87.3745426351
 21
132.5841452482
 31
0.0
  0
LINE
  5
2B5
330
67
100
AcDbEntity
  8
DV1_Default
  6
Continuous
 62
     7
 48
25.4
100
AcDbLine
 10
87.3745426351
 20
130.5841452482
 30
0.0
 11
85.9745426351
 21
130.5841452482
 31
0.0
  0
LINE
  5
2B6
330
67
100
AcDbEntity
  8
DV1_Default
  6
Continuous
 62
     7
 48
25.4
100
AcDbLine
 10
85.9745426351
 20
130.5841452482
 30
0.0
 11
85.9745426351
 21
132.5841452482
 31
0.0
  0
LINE
  5
2B7
330
67
100
AcDbEntity
  8
DV1_Default
  6
Continuous
 62
     7
 48
25.4
100
AcDbLine
 10
87.3745426351
 20
132.5841452482
 30
0.0
 11
87.3745426351
 21
130.5841452482
 31
0.0
  0
LINE
  5
2B8
330
67
100
AcDbEntity
  8
DV1_Default
  6
Continuous
 62
     7
 48
25.4
100
AcDbLine
 10
87.5745426351
 20
132.5841452482
 30
0.0
 11
88.9745426351
 21
132.5841452482
 31
0.0
  0
LINE
  5
2B9
330
67
100
AcDbEntity
  8
DV1_Default
  6
Continuous
 62
     7
 48
25.4
100
AcDbLine
 10
88.9745426351
 20
130.5841452482
 30
0.0
 11
87.5745426351
 21
130.5841452482
 31
0.0
  0
LINE
  5
2BA
330
67
100
AcDbEntity
  8
DV1_Default
  6
Continuous
 62
     7
 48
25.4
100
AcDbLine
 10
87.5745426351
 20
130.5841452482
 30
0.0
 11
87.5745426351
 21
132.5841452482
 31
0.0
  0
LINE
  5
2BB
330
67
100
AcDbEntity
  8
DV1_Default
  6
Continuous
 62
     7
 48
25.4
100
AcDbLine
 10
88.9745426351
 20
132.5841452482
 30
0.0
 11
88.9745426351
 21
130.5841452482
 31
0.0
  0
LINE
  5
2BC
330
67
100
AcDbEntity
  8
DV1_Default
  6
Continuous
 62
     7
 48
25.4
100
AcDbLine
 10
89.1745426351
 20
132.5841452482
 30
0.0
 11
90.5745426351
 21
132.5841452482
 31
0.0
  0
LINE
  5
2BD
330
67
100
AcDbEntity
  8
DV1_Default
  6
Continuous
 62
     7
 48
25.4
100
AcDbLine
 10
90.5745426351
 20
130.5841452482
 30
0.0
 11
89.1745426351
 21
130.5841452482
 31
0.0
  0
LINE
  5
2BE
330
67
100
AcDbEntity
  8
DV1_Default
  6
Continuous
 62
     7
 48
25.4
100
AcDbLine
 10
89.1745426351
 20
130.5841452482
 30
0.0
 11
89.1745426351
 21
132.5841452482
 31
0.0
  0
LINE
  5
2BF
330
67
100
AcDbEntity
  8
DV1_Default
  6
Continuous
 62
     7
 48
25.4
100
AcDbLine
 10
90.5745426351
 20
132.5841452482
 30
0.0
 11
90.5745426351
 21
130.5841452482
 31
0.0
  0
LINE
  5
2C0
330
67
100
AcDbEntity
  8
DV1_Default
  6
Continuous
 62
     7
 48
25.4
100
AcDbLine
 10
90.7745426351
 20
132.5841452482
 30
0.0
 11
92.1745426351
 21
132.5841452482
 31
0.0
  0
LINE
  5
2C1
330
67
100
AcDbEntity
  8
DV1_Default
  6
Continuous
 62
     7
 48
25.4
100
AcDbLine
 10
92.1745426351
 20
130.5841452482
 30
0.0
 11
90.7745426351
 21
130.5841452482
 31
0.0
  0
LINE
  5
2C2
330
67
100
AcDbEntity
  8
DV1_Default
  6
Continuous
 62
     7
 48
25.4
100
AcDbLine
 10
90.7745426351
 20
130.5841452482
 30
0.0
 11
90.7745426351
 21
132.5841452482
 31
0.0
  0
LINE
  5
2C3
330
67
100
AcDbEntity
  8
DV1_Default
  6
Continuous
 62
     7
 48
25.4
100
AcDbLine
 10
92.1745426351
 20
132.5841452482
 30
0.0
 11
92.1745426351
 21
130.5841452482
 31
0.0
  0
LINE
  5
2C4
330
67
100
AcDbEntity
  8
DV1_Default
  6
Continuous
 62
     7
 48
25.4
100
AcDbLine
 10
92.3745426351
 20
132.5841452482
 30
0.0
 11
93.7745426351
 21
132.5841452482
 31
0.0
  0
LINE
  5
2C5
330
67
100
AcDbEntity
  8
DV1_Default
  6
Continuous
 62
     7
 48
25.4
100
AcDbLine
 10
93.7745426351
 20
130.5841452482
 30
0.0
 11
92.3745426351
 21
130.5841452482
 31
0.0
  0
LINE
  5
2C6
330
67
100
AcDbEntity
  8
DV1_Default
  6
Continuous
 62
     7
 48
25.4
100
AcDbLine
 10
92.3745426351
 20
130.5841452482
 30
0.0
 11
92.3745426351
 21
132.5841452482
 31
0.0
  0
LINE
  5
2C7
330
67
100
AcDbEntity
  8
DV1_Default
  6
Continuous
 62
     7
 48
25.4
100
AcDbLine
 10
93.7745426351
 20
132.5841452482
 30
0.0
 11
93.7745426351
 21
130.5841452482
 31
0.0
  0
LINE
  5
2C8
330
67
100
AcDbEntity
  8
DV1_Default
  6
Continuous
 62
     7
 48
25.4
100
AcDbLine
 10
57.1745426351
 20
134.9841452482
 30
0.0
 11
58.5745426351
 21
134.9841452482
 31
0.0
  0
LINE
  5
2C9
330
67
100
AcDbEntity
  8
DV1_Default
  6
Continuous
 62
     7
 48
25.4
100
AcDbLine
 10
58.5745426351
 20
132.9841452482
 30
0.0
 11
57.1745426351
 21
132.9841452482
 31
0.0
  0
LINE
  5
2CA
330
67
100
AcDbEntity
  8
DV1_Default
  6
Continuous
 62
     7
 48
25.4
100
AcDbLine
 10
57.1745426351
 20
132.9841452482
 30
0.0
 11
57.1745426351
 21
134.9841452482
 31
0.0
  0
LINE
  5
2CB
330
67
100
AcDbEntity
  8
DV1_Default
  6
Continuous
 62
     7
 48
25.4
100
AcDbLine
 10
58.5745426351
 20
134.9841452482
 30
0.0
 11
58.5745426351
 21
132.9841452482
 31
0.0
  0
LINE
  5
2CC
330
67
100
AcDbEntity
  8
DV1_Default
  6
Continuous
 62
     7
 48
25.4
100
AcDbLine
 10
58.7745426351
 20
134.9841452482
 30
0.0
 11
60.1745426351
 21
134.9841452482
 31
0.0
  0
LINE
  5
2CD
330
67
100
AcDbEntity
  8
DV1_Default
  6
Continuous
 62
     7
 48
25.4
100
AcDbLine
 10
60.1745426351
 20
132.9841452482
 30
0.0
 11
58.7745426351
 21
132.9841452482
 31
0.0
  0
LINE
  5
2CE
330
67
100
AcDbEntity
  8
DV1_Default
  6
Continuous
 62
     7
 48
25.4
100
AcDbLine
 10
58.7745426351
 20
132.9841452482
 30
0.0
 11
58.7745426351
 21
134.9841452482
 31
0.0
  0
LINE
  5
2CF
330
67
100
AcDbEntity
  8
DV1_Default
  6
Continuous
 62
     7
 48
25.4
100
AcDbLine
 10
60.1745426351
 20
134.9841452482
 30
0.0
 11
60.1745426351
 21
132.9841452482
 31
0.0
  0
LINE
  5
2D0
330
67
100
AcDbEntity
  8
DV1_Default
  6
Continuous
 62
     7
 48
25.4
100
AcDbLine
 10
60.3745426351
 20
134.9841452482
 30
0.0
 11
61.7745426351
 21
134.9841452482
 31
0.0
  0
LINE
  5
2D1
330
67
100
AcDbEntity
  8
DV1_Default
  6
Continuous
 62
     7
 48
25.4
100
AcDbLine
 10
61.7745426351
 20
132.9841452482
 30
0.0
 11
60.3745426351
 21
132.9841452482
 31
0.0
  0
LINE
  5
2D2
330
67
100
AcDbEntity
  8
DV1_Default
  6
Continuous
 62
     7
 48
25.4
100
AcDbLine
 10
60.3745426351
 20
132.9841452482
 30
0.0
 11
60.3745426351
 21
134.9841452482
 31
0.0
  0
LINE
  5
2D3
330
67
100
AcDbEntity
  8
DV1_Default
  6
Continuous
 62
     7
 48
25.4
100
AcDbLine
 10
61.7745426351
 20
134.9841452482
 30
0.0
 11
61.7745426351
 21
132.9841452482
 31
0.0
  0
LINE
  5
2D4
330
67
100
AcDbEntity
  8
DV1_Default
  6
Continuous
 62
     7
 48
25.4
100
AcDbLine
 10
61.9745426351
 20
134.9841452482
 30
0.0
 11
63.3745426351
 21
134.9841452482
 31
0.0
  0
LINE
  5
2D5
330
67
100
AcDbEntity
  8
DV1_Default
  6
Continuous
 62
     7
 48
25.4
100
AcDbLine
 10
63.3745426351
 20
132.9841452482
 30
0.0
 11
61.9745426351
 21
132.9841452482
 31
0.0
  0
LINE
  5
2D6
330
67
100
AcDbEntity
  8
DV1_Default
  6
Continuous
 62
     7
 48
25.4
100
AcDbLine
 10
61.9745426351
 20
132.9841452482
 30
0.0
 11
61.9745426351
 21
134.9841452482
 31
0.0
  0
LINE
  5
2D7
330
67
100
AcDbEntity
  8
DV1_Default
  6
Continuous
 62
     7
 48
25.4
100
AcDbLine
 10
63.3745426351
 20
134.9841452482
 30
0.0
 11
63.3745426351
 21
132.9841452482
 31
0.0
  0
LINE
  5
2D8
330
67
100
AcDbEntity
  8
DV1_Default
  6
Continuous
 62
     7
 48
25.4
100
AcDbLine
 10
63.5745426351
 20
134.9841452482
 30
0.0
 11
64.9745426351
 21
134.9841452482
 31
0.0
  0
LINE
  5
2D9
330
67
100
AcDbEntity
  8
DV1_Default
  6
Continuous
 62
     7
 48
25.4
100
AcDbLine
 10
64.9745426351
 20
132.9841452482
 30
0.0
 11
63.5745426351
 21
132.9841452482
 31
0.0
  0
LINE
  5
2DA
330
67
100
AcDbEntity
  8
DV1_Default
  6
Continuous
 62
     7
 48
25.4
100
AcDbLine
 10
63.5745426351
 20
132.9841452482
 30
0.0
 11
63.5745426351
 21
134.9841452482
 31
0.0
  0
LINE
  5
2DB
330
67
100
AcDbEntity
  8
DV1_Default
  6
Continuous
 62
     7
 48
25.4
100
AcDbLine
 10
64.9745426351
 20
134.9841452482
 30
0.0
 11
64.9745426351
 21
132.9841452482
 31
0.0
  0
LINE
  5
2DC
330
67
100
AcDbEntity
  8
DV1_Default
  6
Continuous
 62
     7
 48
25.4
100
AcDbLine
 10
65.1745426351
 20
134.9841452482
 30
0.0
 11
66.5745426351
 21
134.9841452482
 31
0.0
  0
LINE
  5
2DD
330
67
100
AcDbEntity
  8
DV1_Default
  6
Continuous
 62
     7
 48
25.4
100
AcDbLine
 10
66.5745426351
 20
132.9841452482
 30
0.0
 11
65.1745426351
 21
132.9841452482
 31
0.0
  0
LINE
  5
2DE
330
67
100
AcDbEntity
  8
DV1_Default
  6
Continuous
 62
     7
 48
25.4
100
AcDbLine
 10
65.1745426351
 20
132.9841452482
 30
0.0
 11
65.1745426351
 21
134.9841452482
 31
0.0
  0
LINE
  5
2DF
330
67
100
AcDbEntity
  8
DV1_Default
  6
Continuous
 62
     7
 48
25.4
100
AcDbLine
 10
66.5745426351
 20
134.9841452482
 30
0.0
 11
66.5745426351
 21
132.9841452482
 31
0.0
  0
LINE
  5
2E0
330
67
100
AcDbEntity
  8
DV1_Default
  6
Continuous
 62
     7
 48
25.4
100
AcDbLine
 10
66.7745426351
 20
134.9841452482
 30
0.0
 11
68.1745426351
 21
134.9841452482
 31
0.0
  0
LINE
  5
2E1
330
67
100
AcDbEntity
  8
DV1_Default
  6
Continuous
 62
     7
 48
25.4
100
AcDbLine
 10
68.1745426351
 20
132.9841452482
 30
0.0
 11
66.7745426351
 21
132.9841452482
 31
0.0
  0
LINE
  5
2E2
330
67
100
AcDbEntity
  8
DV1_Default
  6
Continuous
 62
     7
 48
25.4
100
AcDbLine
 10
66.7745426351
 20
132.9841452482
 30
0.0
 11
66.7745426351
 21
134.9841452482
 31
0.0
  0
LINE
  5
2E3
330
67
100
AcDbEntity
  8
DV1_Default
  6
Continuous
 62
     7
 48
25.4
100
AcDbLine
 10
68.1745426351
 20
134.9841452482
 30
0.0
 11
68.1745426351
 21
132.9841452482
 31
0.0
  0
LINE
  5
2E4
330
67
100
AcDbEntity
  8
DV1_Default
  6
Continuous
 62
     7
 48
25.4
100
AcDbLine
 10
68.3745426351
 20
134.9841452482
 30
0.0
 11
69.7745426351
 21
134.9841452482
 31
0.0
  0
LINE
  5
2E5
330
67
100
AcDbEntity
  8
DV1_Default
  6
Continuous
 62
     7
 48
25.4
100
AcDbLine
 10
69.7745426351
 20
132.9841452482
 30
0.0
 11
68.3745426351
 21
132.9841452482
 31
0.0
  0
LINE
  5
2E6
330
67
100
AcDbEntity
  8
DV1_Default
  6
Continuous
 62
     7
 48
25.4
100
AcDbLine
 10
68.3745426351
 20
132.9841452482
 30
0.0
 11
68.3745426351
 21
134.9841452482
 31
0.0
  0
LINE
  5
2E7
330
67
100
AcDbEntity
  8
DV1_Default
  6
Continuous
 62
     7
 48
25.4
100
AcDbLine
 10
69.7745426351
 20
134.9841452482
 30
0.0
 11
69.7745426351
 21
132.9841452482
 31
0.0
  0
LINE
  5
2E8
330
67
100
AcDbEntity
  8
DV1_Default
  6
Continuous
 62
     7
 48
25.4
100
AcDbLine
 10
69.9745426351
 20
134.9841452482
 30
0.0
 11
71.3745426351
 21
134.9841452482
 31
0.0
  0
LINE
  5
2E9
330
67
100
AcDbEntity
  8
DV1_Default
  6
Continuous
 62
     7
 48
25.4
100
AcDbLine
 10
71.3745426351
 20
132.9841452482
 30
0.0
 11
69.9745426351
 21
132.9841452482
 31
0.0
  0
LINE
  5
2EA
330
67
100
AcDbEntity
  8
DV1_Default
  6
Continuous
 62
     7
 48
25.4
100
AcDbLine
 10
69.9745426351
 20
132.9841452482
 30
0.0
 11
69.9745426351
 21
134.9841452482
 31
0.0
  0
LINE
  5
2EB
330
67
100
AcDbEntity
  8
DV1_Default
  6
Continuous
 62
     7
 48
25.4
100
AcDbLine
 10
71.3745426351
 20
134.9841452482
 30
0.0
 11
71.3745426351
 21
132.9841452482
 31
0.0
  0
LINE
  5
2EC
330
67
100
AcDbEntity
  8
DV1_Default
  6
Continuous
 62
     7
 48
25.4
100
AcDbLine
 10
71.5745426351
 20
134.9841452482
 30
0.0
 11
72.9745426351
 21
134.9841452482
 31
0.0
  0
LINE
  5
2ED
330
67
100
AcDbEntity
  8
DV1_Default
  6
Continuous
 62
     7
 48
25.4
100
AcDbLine
 10
72.9745426351
 20
132.9841452482
 30
0.0
 11
71.5745426351
 21
132.9841452482
 31
0.0
  0
LINE
  5
2EE
330
67
100
AcDbEntity
  8
DV1_Default
  6
Continuous
 62
     7
 48
25.4
100
AcDbLine
 10
71.5745426351
 20
132.9841452482
 30
0.0
 11
71.5745426351
 21
134.9841452482
 31
0.0
  0
LINE
  5
2EF
330
67
100
AcDbEntity
  8
DV1_Default
  6
Continuous
 62
     7
 48
25.4
100
AcDbLine
 10
72.9745426351
 20
134.9841452482
 30
0.0
 11
72.9745426351
 21
132.9841452482
 31
0.0
  0
LINE
  5
2F0
330
67
100
AcDbEntity
  8
DV1_Default
  6
Continuous
 62
     7
 48
25.4
100
AcDbLine
 10
73.1745426351
 20
134.9841452482
 30
0.0
 11
74.5745426351
 21
134.9841452482
 31
0.0
  0
LINE
  5
2F1
330
67
100
AcDbEntity
  8
DV1_Default
  6
Continuous
 62
     7
 48
25.4
100
AcDbLine
 10
74.5745426351
 20
132.9841452482
 30
0.0
 11
73.1745426351
 21
132.9841452482
 31
0.0
  0
LINE
  5
2F2
330
67
100
AcDbEntity
  8
DV1_Default
  6
Continuous
 62
     7
 48
25.4
100
AcDbLine
 10
73.1745426351
 20
132.9841452482
 30
0.0
 11
73.1745426351
 21
134.9841452482
 31
0.0
  0
LINE
  5
2F3
330
67
100
AcDbEntity
  8
DV1_Default
  6
Continuous
 62
     7
 48
25.4
100
AcDbLine
 10
74.5745426351
 20
134.9841452482
 30
0.0
 11
74.5745426351
 21
132.9841452482
 31
0.0
  0
LINE
  5
2F4
330
67
100
AcDbEntity
  8
DV1_Default
  6
Continuous
 62
     7
 48
25.4
100
AcDbLine
 10
74.7745426351
 20
134.9841452482
 30
0.0
 11
76.1745426351
 21
134.9841452482
 31
0.0
  0
LINE
  5
2F5
330
67
100
AcDbEntity
  8
DV1_Default
  6
Continuous
 62
     7
 48
25.4
100
AcDbLine
 10
76.1745426351
 20
132.9841452482
 30
0.0
 11
74.7745426351
 21
132.9841452482
 31
0.0
  0
LINE
  5
2F6
330
67
100
AcDbEntity
  8
DV1_Default
  6
Continuous
 62
     7
 48
25.4
100
AcDbLine
 10
74.7745426351
 20
132.9841452482
 30
0.0
 11
74.7745426351
 21
134.9841452482
 31
0.0
  0
LINE
  5
2F7
330
67
100
AcDbEntity
  8
DV1_Default
  6
Continuous
 62
     7
 48
25.4
100
AcDbLine
 10
76.1745426351
 20
134.9841452482
 30
0.0
 11
76.1745426351
 21
132.9841452482
 31
0.0
  0
LINE
  5
2F8
330
67
100
AcDbEntity
  8
DV1_Default
  6
Continuous
 62
     7
 48
25.4
100
AcDbLine
 10
76.3745426351
 20
134.9841452482
 30
0.0
 11
77.7745426351
 21
134.9841452482
 31
0.0
  0
LINE
  5
2F9
330
67
100
AcDbEntity
  8
DV1_Default
  6
Continuous
 62
     7
 48
25.4
100
AcDbLine
 10
77.7745426351
 20
132.9841452482
 30
0.0
 11
76.3745426351
 21
132.9841452482
 31
0.0
  0
LINE
  5
2FA
330
67
100
AcDbEntity
  8
DV1_Default
  6
Continuous
 62
     7
 48
25.4
100
AcDbLine
 10
76.3745426351
 20
132.9841452482
 30
0.0
 11
76.3745426351
 21
134.9841452482
 31
0.0
  0
LINE
  5
2FB
330
67
100
AcDbEntity
  8
DV1_Default
  6
Continuous
 62
     7
 48
25.4
100
AcDbLine
 10
77.7745426351
 20
134.9841452482
 30
0.0
 11
77.7745426351
 21
132.9841452482
 31
0.0
  0
LINE
  5
2FC
330
67
100
AcDbEntity
  8
DV1_Default
  6
Continuous
 62
     7
 48
25.4
100
AcDbLine
 10
77.9745426351
 20
134.9841452482
 30
0.0
 11
79.3745426351
 21
134.9841452482
 31
0.0
  0
LINE
  5
2FD
330
67
100
AcDbEntity
  8
DV1_Default
  6
Continuous
 62
     7
 48
25.4
100
AcDbLine
 10
79.3745426351
 20
132.9841452482
 30
0.0
 11
77.9745426351
 21
132.9841452482
 31
0.0
  0
LINE
  5
2FE
330
67
100
AcDbEntity
  8
DV1_Default
  6
Continuous
 62
     7
 48
25.4
100
AcDbLine
 10
77.9745426351
 20
132.9841452482
 30
0.0
 11
77.9745426351
 21
134.9841452482
 31
0.0
  0
LINE
  5
2FF
330
67
100
AcDbEntity
  8
DV1_Default
  6
Continuous
 62
     7
 48
25.4
100
AcDbLine
 10
79.3745426351
 20
134.9841452482
 30
0.0
 11
79.3745426351
 21
132.9841452482
 31
0.0
  0
LINE
  5
300
330
67
100
AcDbEntity
  8
DV1_Default
  6
Continuous
 62
     7
 48
25.4
100
AcDbLine
 10
79.5745426351
 20
134.9841452482
 30
0.0
 11
80.9745426351
 21
134.9841452482
 31
0.0
  0
LINE
  5
301
330
67
100
AcDbEntity
  8
DV1_Default
  6
Continuous
 62
     7
 48
25.4
100
AcDbLine
 10
80.9745426351
 20
132.9841452482
 30
0.0
 11
79.5745426351
 21
132.9841452482
 31
0.0
  0
LINE
  5
302
330
67
100
AcDbEntity
  8
DV1_Default
  6
Continuous
 62
     7
 48
25.4
100
AcDbLine
 10
79.5745426351
 20
132.9841452482
 30
0.0
 11
79.5745426351
 21
134.9841452482
 31
0.0
  0
LINE
  5
303
330
67
100
AcDbEntity
  8
DV1_Default
  6
Continuous
 62
     7
 48
25.4
100
AcDbLine
 10
80.9745426351
 20
134.9841452482
 30
0.0
 11
80.9745426351
 21
132.9841452482
 31
0.0
  0
LINE
  5
304
330
67
100
AcDbEntity
  8
DV1_Default
  6
Continuous
 62
     7
 48
25.4
100
AcDbLine
 10
81.1745426351
 20
134.9841452482
 30
0.0
 11
82.5745426351
 21
134.9841452482
 31
0.0
  0
LINE
  5
305
330
67
100
AcDbEntity
  8
DV1_Default
  6
Continuous
 62
     7
 48
25.4
100
AcDbLine
 10
82.5745426351
 20
132.9841452482
 30
0.0
 11
81.1745426351
 21
132.9841452482
 31
0.0
  0
LINE
  5
306
330
67
100
AcDbEntity
  8
DV1_Default
  6
Continuous
 62
     7
 48
25.4
100
AcDbLine
 10
81.1745426351
 20
132.9841452482
 30
0.0
 11
81.1745426351
 21
134.9841452482
 31
0.0
  0
LINE
  5
307
330
67
100
AcDbEntity
  8
DV1_Default
  6
Continuous
 62
     7
 48
25.4
100
AcDbLine
 10
82.5745426351
 20
134.9841452482
 30
0.0
 11
82.5745426351
 21
132.9841452482
 31
0.0
  0
LINE
  5
308
330
67
100
AcDbEntity
  8
DV1_Default
  6
Continuous
 62
     7
 48
25.4
100
AcDbLine
 10
82.7745426351
 20
134.9841452482
 30
0.0
 11
84.1745426351
 21
134.9841452482
 31
0.0
  0
LINE
  5
309
330
67
100
AcDbEntity
  8
DV1_Default
  6
Continuous
 62
     7
 48
25.4
100
AcDbLine
 10
84.1745426351
 20
132.9841452482
 30
0.0
 11
82.7745426351
 21
132.9841452482
 31
0.0
  0
LINE
  5
30A
330
67
100
AcDbEntity
  8
DV1_Default
  6
Continuous
 62
     7
 48
25.4
100
AcDbLine
 10
82.7745426351
 20
132.9841452482
 30
0.0
 11
82.7745426351
 21
134.9841452482
 31
0.0
  0
LINE
  5
30B
330
67
100
AcDbEntity
  8
DV1_Default
  6
Continuous
 62
     7
 48
25.4
100
AcDbLine
 10
84.1745426351
 20
134.9841452482
 30
0.0
 11
84.1745426351
 21
132.9841452482
 31
0.0
  0
LINE
  5
30C
330
67
100
AcDbEntity
  8
DV1_Default
  6
Continuous
 62
     7
 48
25.4
100
AcDbLine
 10
84.3745426351
 20
134.9841452482
 30
0.0
 11
85.7745426351
 21
134.9841452482
 31
0.0
  0
LINE
  5
30D
330
67
100
AcDbEntity
  8
DV1_Default
  6
Continuous
 62
     7
 48
25.4
100
AcDbLine
 10
85.7745426351
 20
132.9841452482
 30
0.0
 11
84.3745426351
 21
132.9841452482
 31
0.0
  0
LINE
  5
30E
330
67
100
AcDbEntity
  8
DV1_Default
  6
Continuous
 62
     7
 48
25.4
100
AcDbLine
 10
84.3745426351
 20
132.9841452482
 30
0.0
 11
84.3745426351
 21
134.9841452482
 31
0.0
  0
LINE
  5
30F
330
67
100
AcDbEntity
  8
DV1_Default
  6
Continuous
 62
     7
 48
25.4
100
AcDbLine
 10
85.7745426351
 20
134.9841452482
 30
0.0
 11
85.7745426351
 21
132.9841452482
 31
0.0
  0
LINE
  5
310
330
67
100
AcDbEntity
  8
DV1_Default
  6
Continuous
 62
     7
 48
25.4
100
AcDbLine
 10
85.9745426351
 20
134.9841452482
 30
0.0
 11
87.3745426351
 21
134.9841452482
 31
0.0
  0
LINE
  5
311
330
67
100
AcDbEntity
  8
DV1_Default
  6
Continuous
 62
     7
 48
25.4
100
AcDbLine
 10
87.3745426351
 20
132.9841452482
 30
0.0
 11
85.9745426351
 21
132.9841452482
 31
0.0
  0
LINE
  5
312
330
67
100
AcDbEntity
  8
DV1_Default
  6
Continuous
 62
     7
 48
25.4
100
AcDbLine
 10
85.9745426351
 20
132.9841452482
 30
0.0
 11
85.9745426351
 21
134.9841452482
 31
0.0
  0
LINE
  5
313
330
67
100
AcDbEntity
  8
DV1_Default
  6
Continuous
 62
     7
 48
25.4
100
AcDbLine
 10
87.3745426351
 20
134.9841452482
 30
0.0
 11
87.3745426351
 21
132.9841452482
 31
0.0
  0
LINE
  5
314
330
67
100
AcDbEntity
  8
DV1_Default
  6
Continuous
 62
     7
 48
25.4
100
AcDbLine
 10
87.5745426351
 20
134.9841452482
 30
0.0
 11
88.9745426351
 21
134.9841452482
 31
0.0
  0
LINE
  5
315
330
67
100
AcDbEntity
  8
DV1_Default
  6
Continuous
 62
     7
 48
25.4
100
AcDbLine
 10
88.9745426351
 20
132.9841452482
 30
0.0
 11
87.5745426351
 21
132.9841452482
 31
0.0
  0
LINE
  5
316
330
67
100
AcDbEntity
  8
DV1_Default
  6
Continuous
 62
     7
 48
25.4
100
AcDbLine
 10
87.5745426351
 20
132.9841452482
 30
0.0
 11
87.5745426351
 21
134.9841452482
 31
0.0
  0
LINE
  5
317
330
67
100
AcDbEntity
  8
DV1_Default
  6
Continuous
 62
     7
 48
25.4
100
AcDbLine
 10
88.9745426351
 20
134.9841452482
 30
0.0
 11
88.9745426351
 21
132.9841452482
 31
0.0
  0
LINE
  5
318
330
67
100
AcDbEntity
  8
DV1_Default
  6
Continuous
 62
     7
 48
25.4
100
AcDbLine
 10
89.1745426351
 20
134.9841452482
 30
0.0
 11
90.5745426351
 21
134.9841452482
 31
0.0
  0
LINE
  5
319
330
67
100
AcDbEntity
  8
DV1_Default
  6
Continuous
 62
     7
 48
25.4
100
AcDbLine
 10
90.5745426351
 20
132.9841452482
 30
0.0
 11
89.1745426351
 21
132.9841452482
 31
0.0
  0
LINE
  5
31A
330
67
100
AcDbEntity
  8
DV1_Default
  6
Continuous
 62
     7
 48
25.4
100
AcDbLine
 10
89.1745426351
 20
132.9841452482
 30
0.0
 11
89.1745426351
 21
134.9841452482
 31
0.0
  0
LINE
  5
31B
330
67
100
AcDbEntity
  8
DV1_Default
  6
Continuous
 62
     7
 48
25.4
100
AcDbLine
 10
90.5745426351
 20
134.9841452482
 30
0.0
 11
90.5745426351
 21
132.9841452482
 31
0.0
  0
LINE
  5
31C
330
67
100
AcDbEntity
  8
DV1_Default
  6
Continuous
 62
     7
 48
25.4
100
AcDbLine
 10
90.7745426351
 20
134.9841452482
 30
0.0
 11
92.1745426351
 21
134.9841452482
 31
0.0
  0
LINE
  5
31D
330
67
100
AcDbEntity
  8
DV1_Default
  6
Continuous
 62
     7
 48
25.4
100
AcDbLine
 10
92.1745426351
 20
132.9841452482
 30
0.0
 11
90.7745426351
 21
132.9841452482
 31
0.0
  0
LINE
  5
31E
330
67
100
AcDbEntity
  8
DV1_Default
  6
Continuous
 62
     7
 48
25.4
100
AcDbLine
 10
90.7745426351
 20
132.9841452482
 30
0.0
 11
90.7745426351
 21
134.9841452482
 31
0.0
  0
LINE
  5
31F
330
67
100
AcDbEntity
  8
DV1_Default
  6
Continuous
 62
     7
 48
25.4
100
AcDbLine
 10
92.1745426351
 20
134.9841452482
 30
0.0
 11
92.1745426351
 21
132.9841452482
 31
0.0
  0
LINE
  5
320
330
67
100
AcDbEntity
  8
DV1_Default
  6
Continuous
 62
     7
 48
25.4
100
AcDbLine
 10
92.3745426351
 20
134.9841452482
 30
0.0
 11
93.7745426351
 21
134.9841452482
 31
0.0
  0
LINE
  5
321
330
67
100
AcDbEntity
  8
DV1_Default
  6
Continuous
 62
     7
 48
25.4
100
AcDbLine
 10
93.7745426351
 20
132.9841452482
 30
0.0
 11
92.3745426351
 21
132.9841452482
 31
0.0
  0
LINE
  5
322
330
67
100
AcDbEntity
  8
DV1_Default
  6
Continuous
 62
     7
 48
25.4
100
AcDbLine
 10
92.3745426351
 20
132.9841452482
 30
0.0
 11
92.3745426351
 21
134.9841452482
 31
0.0
  0
LINE
  5
323
330
67
100
AcDbEntity
  8
DV1_Default
  6
Continuous
 62
     7
 48
25.4
100
AcDbLine
 10
93.7745426351
 20
134.9841452482
 30
0.0
 11
93.7745426351
 21
132.9841452482
 31
0.0
  0
LINE
  5
324
330
67
100
AcDbEntity
  8
DV1_Default
  6
Continuous
 62
     7
 48
25.4
100
AcDbLine
 10
57.1745426351
 20
137.3841452482
 30
0.0
 11
58.5745426351
 21
137.3841452482
 31
0.0
  0
LINE
  5
325
330
67
100
AcDbEntity
  8
DV1_Default
  6
Continuous
 62
     7
 48
25.4
100
AcDbLine
 10
58.5745426351
 20
135.3841452482
 30
0.0
 11
57.1745426351
 21
135.3841452482
 31
0.0
  0
LINE
  5
326
330
67
100
AcDbEntity
  8
DV1_Default
  6
Continuous
 62
     7
 48
25.4
100
AcDbLine
 10
57.1745426351
 20
135.3841452482
 30
0.0
 11
57.1745426351
 21
137.3841452482
 31
0.0
  0
LINE
  5
327
330
67
100
AcDbEntity
  8
DV1_Default
  6
Continuous
 62
     7
 48
25.4
100
AcDbLine
 10
58.5745426351
 20
137.3841452482
 30
0.0
 11
58.5745426351
 21
135.3841452482
 31
0.0
  0
LINE
  5
328
330
67
100
AcDbEntity
  8
DV1_Default
  6
Continuous
 62
     7
 48
25.4
100
AcDbLine
 10
58.7745426351
 20
137.3841452482
 30
0.0
 11
60.1745426351
 21
137.3841452482
 31
0.0
  0
LINE
  5
329
330
67
100
AcDbEntity
  8
DV1_Default
  6
Continuous
 62
     7
 48
25.4
100
AcDbLine
 10
60.1745426351
 20
135.3841452482
 30
0.0
 11
58.7745426351
 21
135.3841452482
 31
0.0
  0
LINE
  5
32A
330
67
100
AcDbEntity
  8
DV1_Default
  6
Continuous
 62
     7
 48
25.4
100
AcDbLine
 10
58.7745426351
 20
135.3841452482
 30
0.0
 11
58.7745426351
 21
137.3841452482
 31
0.0
  0
LINE
  5
32B
330
67
100
AcDbEntity
  8
DV1_Default
  6
Continuous
 62
     7
 48
25.4
100
AcDbLine
 10
60.1745426351
 20
137.3841452482
 30
0.0
 11
60.1745426351
 21
135.3841452482
 31
0.0
  0
LINE
  5
32C
330
67
100
AcDbEntity
  8
DV1_Default
  6
Continuous
 62
     7
 48
25.4
100
AcDbLine
 10
60.3745426351
 20
137.3841452482
 30
0.0
 11
61.7745426351
 21
137.3841452482
 31
0.0
  0
LINE
  5
32D
330
67
100
AcDbEntity
  8
DV1_Default
  6
Continuous
 62
     7
 48
25.4
100
AcDbLine
 10
61.7745426351
 20
135.3841452482
 30
0.0
 11
60.3745426351
 21
135.3841452482
 31
0.0
  0
LINE
  5
32E
330
67
100
AcDbEntity
  8
DV1_Default
  6
Continuous
 62
     7
 48
25.4
100
AcDbLine
 10
60.3745426351
 20
135.3841452482
 30
0.0
 11
60.3745426351
 21
137.3841452482
 31
0.0
  0
LINE
  5
32F
330
67
100
AcDbEntity
  8
DV1_Default
  6
Continuous
 62
     7
 48
25.4
100
AcDbLine
 10
61.7745426351
 20
137.3841452482
 30
0.0
 11
61.7745426351
 21
135.3841452482
 31
0.0
  0
LINE
  5
330
330
67
100
AcDbEntity
  8
DV1_Default
  6
Continuous
 62
     7
 48
25.4
100
AcDbLine
 10
61.9745426351
 20
137.3841452482
 30
0.0
 11
63.3745426351
 21
137.3841452482
 31
0.0
  0
LINE
  5
331
330
67
100
AcDbEntity
  8
DV1_Default
  6
Continuous
 62
     7
 48
25.4
100
AcDbLine
 10
63.3745426351
 20
135.3841452482
 30
0.0
 11
61.9745426351
 21
135.3841452482
 31
0.0
  0
LINE
  5
332
330
67
100
AcDbEntity
  8
DV1_Default
  6
Continuous
 62
     7
 48
25.4
100
AcDbLine
 10
61.9745426351
 20
135.3841452482
 30
0.0
 11
61.9745426351
 21
137.3841452482
 31
0.0
  0
LINE
  5
333
330
67
100
AcDbEntity
  8
DV1_Default
  6
Continuous
 62
     7
 48
25.4
100
AcDbLine
 10
63.3745426351
 20
137.3841452482
 30
0.0
 11
63.3745426351
 21
135.3841452482
 31
0.0
  0
LINE
  5
334
330
67
100
AcDbEntity
  8
DV1_Default
  6
Continuous
 62
     7
 48
25.4
100
AcDbLine
 10
63.5745426351
 20
137.3841452482
 30
0.0
 11
64.9745426351
 21
137.3841452482
 31
0.0
  0
LINE
  5
335
330
67
100
AcDbEntity
  8
DV1_Default
  6
Continuous
 62
     7
 48
25.4
100
AcDbLine
 10
64.9745426351
 20
135.3841452482
 30
0.0
 11
63.5745426351
 21
135.3841452482
 31
0.0
  0
LINE
  5
336
330
67
100
AcDbEntity
  8
DV1_Default
  6
Continuous
 62
     7
 48
25.4
100
AcDbLine
 10
63.5745426351
 20
135.3841452482
 30
0.0
 11
63.5745426351
 21
137.3841452482
 31
0.0
  0
LINE
  5
337
330
67
100
AcDbEntity
  8
DV1_Default
  6
Continuous
 62
     7
 48
25.4
100
AcDbLine
 10
64.9745426351
 20
137.3841452482
 30
0.0
 11
64.9745426351
 21
135.3841452482
 31
0.0
  0
LINE
  5
338
330
67
100
AcDbEntity
  8
DV1_Default
  6
Continuous
 62
     7
 48
25.4
100
AcDbLine
 10
65.1745426351
 20
137.3841452482
 30
0.0
 11
66.5745426351
 21
137.3841452482
 31
0.0
  0
LINE
  5
339
330
67
100
AcDbEntity
  8
DV1_Default
  6
Continuous
 62
     7
 48
25.4
100
AcDbLine
 10
66.5745426351
 20
135.3841452482
 30
0.0
 11
65.1745426351
 21
135.3841452482
 31
0.0
  0
LINE
  5
33A
330
67
100
AcDbEntity
  8
DV1_Default
  6
Continuous
 62
     7
 48
25.4
100
AcDbLine
 10
65.1745426351
 20
135.3841452482
 30
0.0
 11
65.1745426351
 21
137.3841452482
 31
0.0
  0
LINE
  5
33B
330
67
100
AcDbEntity
  8
DV1_Default
  6
Continuous
 62
     7
 48
25.4
100
AcDbLine
 10
66.5745426351
 20
137.3841452482
 30
0.0
 11
66.5745426351
 21
135.3841452482
 31
0.0
  0
LINE
  5
33C
330
67
100
AcDbEntity
  8
DV1_Default
  6
Continuous
 62
     7
 48
25.4
100
AcDbLine
 10
66.7745426351
 20
137.3841452482
 30
0.0
 11
68.1745426351
 21
137.3841452482
 31
0.0
  0
LINE
  5
33D
330
67
100
AcDbEntity
  8
DV1_Default
  6
Continuous
 62
     7
 48
25.4
100
AcDbLine
 10
68.1745426351
 20
135.3841452482
 30
0.0
 11
66.7745426351
 21
135.3841452482
 31
0.0
  0
LINE
  5
33E
330
67
100
AcDbEntity
  8
DV1_Default
  6
Continuous
 62
     7
 48
25.4
100
AcDbLine
 10
66.7745426351
 20
135.3841452482
 30
0.0
 11
66.7745426351
 21
137.3841452482
 31
0.0
  0
LINE
  5
33F
330
67
100
AcDbEntity
  8
DV1_Default
  6
Continuous
 62
     7
 48
25.4
100
AcDbLine
 10
68.1745426351
 20
137.3841452482
 30
0.0
 11
68.1745426351
 21
135.3841452482
 31
0.0
  0
LINE
  5
340
330
67
100
AcDbEntity
  8
DV1_Default
  6
Continuous
 62
     7
 48
25.4
100
AcDbLine
 10
68.3745426351
 20
137.3841452482
 30
0.0
 11
69.7745426351
 21
137.3841452482
 31
0.0
  0
LINE
  5
341
330
67
100
AcDbEntity
  8
DV1_Default
  6
Continuous
 62
     7
 48
25.4
100
AcDbLine
 10
69.7745426351
 20
135.3841452482
 30
0.0
 11
68.3745426351
 21
135.3841452482
 31
0.0
  0
LINE
  5
342
330
67
100
AcDbEntity
  8
DV1_Default
  6
Continuous
 62
     7
 48
25.4
100
AcDbLine
 10
68.3745426351
 20
135.3841452482
 30
0.0
 11
68.3745426351
 21
137.3841452482
 31
0.0
  0
LINE
  5
343
330
67
100
AcDbEntity
  8
DV1_Default
  6
Continuous
 62
     7
 48
25.4
100
AcDbLine
 10
69.7745426351
 20
137.3841452482
 30
0.0
 11
69.7745426351
 21
135.3841452482
 31
0.0
  0
LINE
  5
344
330
67
100
AcDbEntity
  8
DV1_Default
  6
Continuous
 62
     7
 48
25.4
100
AcDbLine
 10
69.9745426351
 20
137.3841452482
 30
0.0
 11
71.3745426351
 21
137.3841452482
 31
0.0
  0
LINE
  5
345
330
67
100
AcDbEntity
  8
DV1_Default
  6
Continuous
 62
     7
 48
25.4
100
AcDbLine
 10
71.3745426351
 20
135.3841452482
 30
0.0
 11
69.9745426351
 21
135.3841452482
 31
0.0
  0
LINE
  5
346
330
67
100
AcDbEntity
  8
DV1_Default
  6
Continuous
 62
     7
 48
25.4
100
AcDbLine
 10
69.9745426351
 20
135.3841452482
 30
0.0
 11
69.9745426351
 21
137.3841452482
 31
0.0
  0
LINE
  5
347
330
67
100
AcDbEntity
  8
DV1_Default
  6
Continuous
 62
     7
 48
25.4
100
AcDbLine
 10
71.3745426351
 20
137.3841452482
 30
0.0
 11
71.3745426351
 21
135.3841452482
 31
0.0
  0
LINE
  5
348
330
67
100
AcDbEntity
  8
DV1_Default
  6
Continuous
 62
     7
 48
25.4
100
AcDbLine
 10
71.5745426351
 20
137.3841452482
 30
0.0
 11
72.9745426351
 21
137.3841452482
 31
0.0
  0
LINE
  5
349
330
67
100
AcDbEntity
  8
DV1_Default
  6
Continuous
 62
     7
 48
25.4
100
AcDbLine
 10
72.9745426351
 20
135.3841452482
 30
0.0
 11
71.5745426351
 21
135.3841452482
 31
0.0
  0
LINE
  5
34A
330
67
100
AcDbEntity
  8
DV1_Default
  6
Continuous
 62
     7
 48
25.4
100
AcDbLine
 10
71.5745426351
 20
135.3841452482
 30
0.0
 11
71.5745426351
 21
137.3841452482
 31
0.0
  0
LINE
  5
34B
330
67
100
AcDbEntity
  8
DV1_Default
  6
Continuous
 62
     7
 48
25.4
100
AcDbLine
 10
72.9745426351
 20
137.3841452482
 30
0.0
 11
72.9745426351
 21
135.3841452482
 31
0.0
  0
LINE
  5
34C
330
67
100
AcDbEntity
  8
DV1_Default
  6
Continuous
 62
     7
 48
25.4
100
AcDbLine
 10
73.1745426351
 20
137.3841452482
 30
0.0
 11
74.5745426351
 21
137.3841452482
 31
0.0
  0
LINE
  5
34D
330
67
100
AcDbEntity
  8
DV1_Default
  6
Continuous
 62
     7
 48
25.4
100
AcDbLine
 10
74.5745426351
 20
135.3841452482
 30
0.0
 11
73.1745426351
 21
135.3841452482
 31
0.0
  0
LINE
  5
34E
330
67
100
AcDbEntity
  8
DV1_Default
  6
Continuous
 62
     7
 48
25.4
100
AcDbLine
 10
73.1745426351
 20
135.3841452482
 30
0.0
 11
73.1745426351
 21
137.3841452482
 31
0.0
  0
LINE
  5
34F
330
67
100
AcDbEntity
  8
DV1_Default
  6
Continuous
 62
     7
 48
25.4
100
AcDbLine
 10
74.5745426351
 20
137.3841452482
 30
0.0
 11
74.5745426351
 21
135.3841452482
 31
0.0
  0
LINE
  5
350
330
67
100
AcDbEntity
  8
DV1_Default
  6
Continuous
 62
     7
 48
25.4
100
AcDbLine
 10
74.7745426351
 20
137.3841452482
 30
0.0
 11
76.1745426351
 21
137.3841452482
 31
0.0
  0
LINE
  5
351
330
67
100
AcDbEntity
  8
DV1_Default
  6
Continuous
 62
     7
 48
25.4
100
AcDbLine
 10
76.1745426351
 20
135.3841452482
 30
0.0
 11
74.7745426351
 21
135.3841452482
 31
0.0
  0
LINE
  5
352
330
67
100
AcDbEntity
  8
DV1_Default
  6
Continuous
 62
     7
 48
25.4
100
AcDbLine
 10
74.7745426351
 20
135.3841452482
 30
0.0
 11
74.7745426351
 21
137.3841452482
 31
0.0
  0
LINE
  5
353
330
67
100
AcDbEntity
  8
DV1_Default
  6
Continuous
 62
     7
 48
25.4
100
AcDbLine
 10
76.1745426351
 20
137.3841452482
 30
0.0
 11
76.1745426351
 21
135.3841452482
 31
0.0
  0
LINE
  5
354
330
67
100
AcDbEntity
  8
DV1_Default
  6
Continuous
 62
     7
 48
25.4
100
AcDbLine
 10
76.3745426351
 20
137.3841452482
 30
0.0
 11
77.7745426351
 21
137.3841452482
 31
0.0
  0
LINE
  5
355
330
67
100
AcDbEntity
  8
DV1_Default
  6
Continuous
 62
     7
 48
25.4
100
AcDbLine
 10
77.7745426351
 20
135.3841452482
 30
0.0
 11
76.3745426351
 21
135.3841452482
 31
0.0
  0
LINE
  5
356
330
67
100
AcDbEntity
  8
DV1_Default
  6
Continuous
 62
     7
 48
25.4
100
AcDbLine
 10
76.3745426351
 20
135.3841452482
 30
0.0
 11
76.3745426351
 21
137.3841452482
 31
0.0
  0
LINE
  5
357
330
67
100
AcDbEntity
  8
DV1_Default
  6
Continuous
 62
     7
 48
25.4
100
AcDbLine
 10
77.7745426351
 20
137.3841452482
 30
0.0
 11
77.7745426351
 21
135.3841452482
 31
0.0
  0
LINE
  5
358
330
67
100
AcDbEntity
  8
DV1_Default
  6
Continuous
 62
     7
 48
25.4
100
AcDbLine
 10
77.9745426351
 20
137.3841452482
 30
0.0
 11
79.3745426351
 21
137.3841452482
 31
0.0
  0
LINE
  5
359
330
67
100
AcDbEntity
  8
DV1_Default
  6
Continuous
 62
     7
 48
25.4
100
AcDbLine
 10
79.3745426351
 20
135.3841452482
 30
0.0
 11
77.9745426351
 21
135.3841452482
 31
0.0
  0
LINE
  5
35A
330
67
100
AcDbEntity
  8
DV1_Default
  6
Continuous
 62
     7
 48
25.4
100
AcDbLine
 10
77.9745426351
 20
135.3841452482
 30
0.0
 11
77.9745426351
 21
137.3841452482
 31
0.0
  0
LINE
  5
35B
330
67
100
AcDbEntity
  8
DV1_Default
  6
Continuous
 62
     7
 48
25.4
100
AcDbLine
 10
79.3745426351
 20
137.3841452482
 30
0.0
 11
79.3745426351
 21
135.3841452482
 31
0.0
  0
LINE
  5
35C
330
67
100
AcDbEntity
  8
DV1_Default
  6
Continuous
 62
     7
 48
25.4
100
AcDbLine
 10
79.5745426351
 20
137.3841452482
 30
0.0
 11
80.9745426351
 21
137.3841452482
 31
0.0
  0
LINE
  5
35D
330
67
100
AcDbEntity
  8
DV1_Default
  6
Continuous
 62
     7
 48
25.4
100
AcDbLine
 10
80.9745426351
 20
135.3841452482
 30
0.0
 11
79.5745426351
 21
135.3841452482
 31
0.0
  0
LINE
  5
35E
330
67
100
AcDbEntity
  8
DV1_Default
  6
Continuous
 62
     7
 48
25.4
100
AcDbLine
 10
79.5745426351
 20
135.3841452482
 30
0.0
 11
79.5745426351
 21
137.3841452482
 31
0.0
  0
LINE
  5
35F
330
67
100
AcDbEntity
  8
DV1_Default
  6
Continuous
 62
     7
 48
25.4
100
AcDbLine
 10
80.9745426351
 20
137.3841452482
 30
0.0
 11
80.9745426351
 21
135.3841452482
 31
0.0
  0
LINE
  5
360
330
67
100
AcDbEntity
  8
DV1_Default
  6
Continuous
 62
     7
 48
25.4
100
AcDbLine
 10
81.1745426351
 20
137.3841452482
 30
0.0
 11
82.5745426351
 21
137.3841452482
 31
0.0
  0
LINE
  5
361
330
67
100
AcDbEntity
  8
DV1_Default
  6
Continuous
 62
     7
 48
25.4
100
AcDbLine
 10
82.5745426351
 20
135.3841452482
 30
0.0
 11
81.1745426351
 21
135.3841452482
 31
0.0
  0
LINE
  5
362
330
67
100
AcDbEntity
  8
DV1_Default
  6
Continuous
 62
     7
 48
25.4
100
AcDbLine
 10
81.1745426351
 20
135.3841452482
 30
0.0
 11
81.1745426351
 21
137.3841452482
 31
0.0
  0
LINE
  5
363
330
67
100
AcDbEntity
  8
DV1_Default
  6
Continuous
 62
     7
 48
25.4
100
AcDbLine
 10
82.5745426351
 20
137.3841452482
 30
0.0
 11
82.5745426351
 21
135.3841452482
 31
0.0
  0
LINE
  5
364
330
67
100
AcDbEntity
  8
DV1_Default
  6
Continuous
 62
     7
 48
25.4
100
AcDbLine
 10
82.7745426351
 20
137.3841452482
 30
0.0
 11
84.1745426351
 21
137.3841452482
 31
0.0
  0
LINE
  5
365
330
67
100
AcDbEntity
  8
DV1_Default
  6
Continuous
 62
     7
 48
25.4
100
AcDbLine
 10
84.1745426351
 20
135.3841452482
 30
0.0
 11
82.7745426351
 21
135.3841452482
 31
0.0
  0
LINE
  5
366
330
67
100
AcDbEntity
  8
DV1_Default
  6
Continuous
 62
     7
 48
25.4
100
AcDbLine
 10
82.7745426351
 20
135.3841452482
 30
0.0
 11
82.7745426351
 21
137.3841452482
 31
0.0
  0
LINE
  5
367
330
67
100
AcDbEntity
  8
DV1_Default
  6
Continuous
 62
     7
 48
25.4
100
AcDbLine
 10
84.1745426351
 20
137.3841452482
 30
0.0
 11
84.1745426351
 21
135.3841452482
 31
0.0
  0
LINE
  5
368
330
67
100
AcDbEntity
  8
DV1_Default
  6
Continuous
 62
     7
 48
25.4
100
AcDbLine
 10
84.3745426351
 20
137.3841452482
 30
0.0
 11
85.7745426351
 21
137.3841452482
 31
0.0
  0
LINE
  5
369
330
67
100
AcDbEntity
  8
DV1_Default
  6
Continuous
 62
     7
 48
25.4
100
AcDbLine
 10
85.7745426351
 20
135.3841452482
 30
0.0
 11
84.3745426351
 21
135.3841452482
 31
0.0
  0
LINE
  5
36A
330
67
100
AcDbEntity
  8
DV1_Default
  6
Continuous
 62
     7
 48
25.4
100
AcDbLine
 10
84.3745426351
 20
135.3841452482
 30
0.0
 11
84.3745426351
 21
137.3841452482
 31
0.0
  0
LINE
  5
36B
330
67
100
AcDbEntity
  8
DV1_Default
  6
Continuous
 62
     7
 48
25.4
100
AcDbLine
 10
85.7745426351
 20
137.3841452482
 30
0.0
 11
85.7745426351
 21
135.3841452482
 31
0.0
  0
LINE
  5
36C
330
67
100
AcDbEntity
  8
DV1_Default
  6
Continuous
 62
     7
 48
25.4
100
AcDbLine
 10
85.9745426351
 20
137.3841452482
 30
0.0
 11
87.3745426351
 21
137.3841452482
 31
0.0
  0
LINE
  5
36D
330
67
100
AcDbEntity
  8
DV1_Default
  6
Continuous
 62
     7
 48
25.4
100
AcDbLine
 10
87.3745426351
 20
135.3841452482
 30
0.0
 11
85.9745426351
 21
135.3841452482
 31
0.0
  0
LINE
  5
36E
330
67
100
AcDbEntity
  8
DV1_Default
  6
Continuous
 62
     7
 48
25.4
100
AcDbLine
 10
85.9745426351
 20
135.3841452482
 30
0.0
 11
85.9745426351
 21
137.3841452482
 31
0.0
  0
LINE
  5
36F
330
67
100
AcDbEntity
  8
DV1_Default
  6
Continuous
 62
     7
 48
25.4
100
AcDbLine
 10
87.3745426351
 20
137.3841452482
 30
0.0
 11
87.3745426351
 21
135.3841452482
 31
0.0
  0
LINE
  5
370
330
67
100
AcDbEntity
  8
DV1_Default
  6
Continuous
 62
     7
 48
25.4
100
AcDbLine
 10
87.5745426351
 20
137.3841452482
 30
0.0
 11
88.9745426351
 21
137.3841452482
 31
0.0
  0
LINE
  5
371
330
67
100
AcDbEntity
  8
DV1_Default
  6
Continuous
 62
     7
 48
25.4
100
AcDbLine
 10
88.9745426351
 20
135.3841452482
 30
0.0
 11
87.5745426351
 21
135.3841452482
 31
0.0
  0
LINE
  5
372
330
67
100
AcDbEntity
  8
DV1_Default
  6
Continuous
 62
     7
 48
25.4
100
AcDbLine
 10
87.5745426351
 20
135.3841452482
 30
0.0
 11
87.5745426351
 21
137.3841452482
 31
0.0
  0
LINE
  5
373
330
67
100
AcDbEntity
  8
DV1_Default
  6
Continuous
 62
     7
 48
25.4
100
AcDbLine
 10
88.9745426351
 20
137.3841452482
 30
0.0
 11
88.9745426351
 21
135.3841452482
 31
0.0
  0
LINE
  5
374
330
67
100
AcDbEntity
  8
DV1_Default
  6
Continuous
 62
     7
 48
25.4
100
AcDbLine
 10
89.1745426351
 20
137.3841452482
 30
0.0
 11
90.5745426351
 21
137.3841452482
 31
0.0
  0
LINE
  5
375
330
67
100
AcDbEntity
  8
DV1_Default
  6
Continuous
 62
     7
 48
25.4
100
AcDbLine
 10
90.5745426351
 20
135.3841452482
 30
0.0
 11
89.1745426351
 21
135.3841452482
 31
0.0
  0
LINE
  5
376
330
67
100
AcDbEntity
  8
DV1_Default
  6
Continuous
 62
     7
 48
25.4
100
AcDbLine
 10
89.1745426351
 20
135.3841452482
 30
0.0
 11
89.1745426351
 21
137.3841452482
 31
0.0
  0
LINE
  5
377
330
67
100
AcDbEntity
  8
DV1_Default
  6
Continuous
 62
     7
 48
25.4
100
AcDbLine
 10
90.5745426351
 20
137.3841452482
 30
0.0
 11
90.5745426351
 21
135.3841452482
 31
0.0
  0
LINE
  5
378
330
67
100
AcDbEntity
  8
DV1_Default
  6
Continuous
 62
     7
 48
25.4
100
AcDbLine
 10
90.7745426351
 20
137.3841452482
 30
0.0
 11
92.1745426351
 21
137.3841452482
 31
0.0
  0
LINE
  5
379
330
67
100
AcDbEntity
  8
DV1_Default
  6
Continuous
 62
     7
 48
25.4
100
AcDbLine
 10
92.1745426351
 20
135.3841452482
 30
0.0
 11
90.7745426351
 21
135.3841452482
 31
0.0
  0
LINE
  5
37A
330
67
100
AcDbEntity
  8
DV1_Default
  6
Continuous
 62
     7
 48
25.4
100
AcDbLine
 10
90.7745426351
 20
135.3841452482
 30
0.0
 11
90.7745426351
 21
137.3841452482
 31
0.0
  0
LINE
  5
37B
330
67
100
AcDbEntity
  8
DV1_Default
  6
Continuous
 62
     7
 48
25.4
100
AcDbLine
 10
92.1745426351
 20
137.3841452482
 30
0.0
 11
92.1745426351
 21
135.3841452482
 31
0.0
  0
LINE
  5
37C
330
67
100
AcDbEntity
  8
DV1_Default
  6
Continuous
 62
     7
 48
25.4
100
AcDbLine
 10
92.3745426351
 20
137.3841452482
 30
0.0
 11
93.7745426351
 21
137.3841452482
 31
0.0
  0
LINE
  5
37D
330
67
100
AcDbEntity
  8
DV1_Default
  6
Continuous
 62
     7
 48
25.4
100
AcDbLine
 10
93.7745426351
 20
135.3841452482
 30
0.0
 11
92.3745426351
 21
135.3841452482
 31
0.0
  0
LINE
  5
37E
330
67
100
AcDbEntity
  8
DV1_Default
  6
Continuous
 62
     7
 48
25.4
100
AcDbLine
 10
92.3745426351
 20
135.3841452482
 30
0.0
 11
92.3745426351
 21
137.3841452482
 31
0.0
  0
LINE
  5
37F
330
67
100
AcDbEntity
  8
DV1_Default
  6
Continuous
 62
     7
 48
25.4
100
AcDbLine
 10
93.7745426351
 20
137.3841452482
 30
0.0
 11
93.7745426351
 21
135.3841452482
 31
0.0
  0
LINE
  5
380
330
67
100
AcDbEntity
  8
DV1_Default
  6
Continuous
 62
     7
 48
25.4
100
AcDbLine
 10
57.1745426351
 20
139.7841452482
 30
0.0
 11
58.5745426351
 21
139.7841452482
 31
0.0
  0
LINE
  5
381
330
67
100
AcDbEntity
  8
DV1_Default
  6
Continuous
 62
     7
 48
25.4
100
AcDbLine
 10
58.5745426351
 20
137.7841452482
 30
0.0
 11
57.1745426351
 21
137.7841452482
 31
0.0
  0
LINE
  5
382
330
67
100
AcDbEntity
  8
DV1_Default
  6
Continuous
 62
     7
 48
25.4
100
AcDbLine
 10
57.1745426351
 20
137.7841452482
 30
0.0
 11
57.1745426351
 21
139.7841452482
 31
0.0
  0
LINE
  5
383
330
67
100
AcDbEntity
  8
DV1_Default
  6
Continuous
 62
     7
 48
25.4
100
AcDbLine
 10
58.5745426351
 20
139.7841452482
 30
0.0
 11
58.5745426351
 21
137.7841452482
 31
0.0
  0
LINE
  5
384
330
67
100
AcDbEntity
  8
DV1_Default
  6
Continuous
 62
     7
 48
25.4
100
AcDbLine
 10
58.7745426351
 20
139.7841452482
 30
0.0
 11
60.1745426351
 21
139.7841452482
 31
0.0
  0
LINE
  5
385
330
67
100
AcDbEntity
  8
DV1_Default
  6
Continuous
 62
     7
 48
25.4
100
AcDbLine
 10
60.1745426351
 20
137.7841452482
 30
0.0
 11
58.7745426351
 21
137.7841452482
 31
0.0
  0
LINE
  5
386
330
67
100
AcDbEntity
  8
DV1_Default
  6
Continuous
 62
     7
 48
25.4
100
AcDbLine
 10
58.7745426351
 20
137.7841452482
 30
0.0
 11
58.7745426351
 21
139.7841452482
 31
0.0
  0
LINE
  5
387
330
67
100
AcDbEntity
  8
DV1_Default
  6
Continuous
 62
     7
 48
25.4
100
AcDbLine
 10
60.1745426351
 20
139.7841452482
 30
0.0
 11
60.1745426351
 21
137.7841452482
 31
0.0
  0
LINE
  5
388
330
67
100
AcDbEntity
  8
DV1_Default
  6
Continuous
 62
     7
 48
25.4
100
AcDbLine
 10
60.3745426351
 20
139.7841452482
 30
0.0
 11
61.7745426351
 21
139.7841452482
 31
0.0
  0
LINE
  5
389
330
67
100
AcDbEntity
  8
DV1_Default
  6
Continuous
 62
     7
 48
25.4
100
AcDbLine
 10
61.7745426351
 20
137.7841452482
 30
0.0
 11
60.3745426351
 21
137.7841452482
 31
0.0
  0
LINE
  5
38A
330
67
100
AcDbEntity
  8
DV1_Default
  6
Continuous
 62
     7
 48
25.4
100
AcDbLine
 10
60.3745426351
 20
137.7841452482
 30
0.0
 11
60.3745426351
 21
139.7841452482
 31
0.0
  0
LINE
  5
38B
330
67
100
AcDbEntity
  8
DV1_Default
  6
Continuous
 62
     7
 48
25.4
100
AcDbLine
 10
61.7745426351
 20
139.7841452482
 30
0.0
 11
61.7745426351
 21
137.7841452482
 31
0.0
  0
LINE
  5
38C
330
67
100
AcDbEntity
  8
DV1_Default
  6
Continuous
 62
     7
 48
25.4
100
AcDbLine
 10
61.9745426351
 20
139.7841452482
 30
0.0
 11
63.3745426351
 21
139.7841452482
 31
0.0
  0
LINE
  5
38D
330
67
100
AcDbEntity
  8
DV1_Default
  6
Continuous
 62
     7
 48
25.4
100
AcDbLine
 10
63.3745426351
 20
137.7841452482
 30
0.0
 11
61.9745426351
 21
137.7841452482
 31
0.0
  0
LINE
  5
38E
330
67
100
AcDbEntity
  8
DV1_Default
  6
Continuous
 62
     7
 48
25.4
100
AcDbLine
 10
61.9745426351
 20
137.7841452482
 30
0.0
 11
61.9745426351
 21
139.7841452482
 31
0.0
  0
LINE
  5
38F
330
67
100
AcDbEntity
  8
DV1_Default
  6
Continuous
 62
     7
 48
25.4
100
AcDbLine
 10
63.3745426351
 20
139.7841452482
 30
0.0
 11
63.3745426351
 21
137.7841452482
 31
0.0
  0
LINE
  5
390
330
67
100
AcDbEntity
  8
DV1_Default
  6
Continuous
 62
     7
 48
25.4
100
AcDbLine
 10
63.5745426351
 20
139.7841452482
 30
0.0
 11
64.9745426351
 21
139.7841452482
 31
0.0
  0
LINE
  5
391
330
67
100
AcDbEntity
  8
DV1_Default
  6
Continuous
 62
     7
 48
25.4
100
AcDbLine
 10
64.9745426351
 20
137.7841452482
 30
0.0
 11
63.5745426351
 21
137.7841452482
 31
0.0
  0
LINE
  5
392
330
67
100
AcDbEntity
  8
DV1_Default
  6
Continuous
 62
     7
 48
25.4
100
AcDbLine
 10
63.5745426351
 20
137.7841452482
 30
0.0
 11
63.5745426351
 21
139.7841452482
 31
0.0
  0
LINE
  5
393
330
67
100
AcDbEntity
  8
DV1_Default
  6
Continuous
 62
     7
 48
25.4
100
AcDbLine
 10
64.9745426351
 20
139.7841452482
 30
0.0
 11
64.9745426351
 21
137.7841452482
 31
0.0
  0
LINE
  5
394
330
67
100
AcDbEntity
  8
DV1_Default
  6
Continuous
 62
     7
 48
25.4
100
AcDbLine
 10
65.1745426351
 20
139.7841452482
 30
0.0
 11
66.5745426351
 21
139.7841452482
 31
0.0
  0
LINE
  5
395
330
67
100
AcDbEntity
  8
DV1_Default
  6
Continuous
 62
     7
 48
25.4
100
AcDbLine
 10
66.5745426351
 20
137.7841452482
 30
0.0
 11
65.1745426351
 21
137.7841452482
 31
0.0
  0
LINE
  5
396
330
67
100
AcDbEntity
  8
DV1_Default
  6
Continuous
 62
     7
 48
25.4
100
AcDbLine
 10
65.1745426351
 20
137.7841452482
 30
0.0
 11
65.1745426351
 21
139.7841452482
 31
0.0
  0
LINE
  5
397
330
67
100
AcDbEntity
  8
DV1_Default
  6
Continuous
 62
     7
 48
25.4
100
AcDbLine
 10
66.5745426351
 20
139.7841452482
 30
0.0
 11
66.5745426351
 21
137.7841452482
 31
0.0
  0
LINE
  5
398
330
67
100
AcDbEntity
  8
DV1_Default
  6
Continuous
 62
     7
 48
25.4
100
AcDbLine
 10
66.7745426351
 20
139.7841452482
 30
0.0
 11
68.1745426351
 21
139.7841452482
 31
0.0
  0
LINE
  5
399
330
67
100
AcDbEntity
  8
DV1_Default
  6
Continuous
 62
     7
 48
25.4
100
AcDbLine
 10
68.1745426351
 20
137.7841452482
 30
0.0
 11
66.7745426351
 21
137.7841452482
 31
0.0
  0
LINE
  5
39A
330
67
100
AcDbEntity
  8
DV1_Default
  6
Continuous
 62
     7
 48
25.4
100
AcDbLine
 10
66.7745426351
 20
137.7841452482
 30
0.0
 11
66.7745426351
 21
139.7841452482
 31
0.0
  0
LINE
  5
39B
330
67
100
AcDbEntity
  8
DV1_Default
  6
Continuous
 62
     7
 48
25.4
100
AcDbLine
 10
68.1745426351
 20
139.7841452482
 30
0.0
 11
68.1745426351
 21
137.7841452482
 31
0.0
  0
LINE
  5
39C
330
67
100
AcDbEntity
  8
DV1_Default
  6
Continuous
 62
     7
 48
25.4
100
AcDbLine
 10
68.3745426351
 20
139.7841452482
 30
0.0
 11
69.7745426351
 21
139.7841452482
 31
0.0
  0
LINE
  5
39D
330
67
100
AcDbEntity
  8
DV1_Default
  6
Continuous
 62
     7
 48
25.4
100
AcDbLine
 10
69.7745426351
 20
137.7841452482
 30
0.0
 11
68.3745426351
 21
137.7841452482
 31
0.0
  0
LINE
  5
39E
330
67
100
AcDbEntity
  8
DV1_Default
  6
Continuous
 62
     7
 48
25.4
100
AcDbLine
 10
68.3745426351
 20
137.7841452482
 30
0.0
 11
68.3745426351
 21
139.7841452482
 31
0.0
  0
LINE
  5
39F
330
67
100
AcDbEntity
  8
DV1_Default
  6
Continuous
 62
     7
 48
25.4
100
AcDbLine
 10
69.7745426351
 20
139.7841452482
 30
0.0
 11
69.7745426351
 21
137.7841452482
 31
0.0
  0
LINE
  5
3A0
330
67
100
AcDbEntity
  8
DV1_Default
  6
Continuous
 62
     7
 48
25.4
100
AcDbLine
 10
69.9745426351
 20
139.7841452482
 30
0.0
 11
71.3745426351
 21
139.7841452482
 31
0.0
  0
LINE
  5
3A1
330
67
100
AcDbEntity
  8
DV1_Default
  6
Continuous
 62
     7
 48
25.4
100
AcDbLine
 10
71.3745426351
 20
137.7841452482
 30
0.0
 11
69.9745426351
 21
137.7841452482
 31
0.0
  0
LINE
  5
3A2
330
67
100
AcDbEntity
  8
DV1_Default
  6
Continuous
 62
     7
 48
25.4
100
AcDbLine
 10
69.9745426351
 20
137.7841452482
 30
0.0
 11
69.9745426351
 21
139.7841452482
 31
0.0
  0
LINE
  5
3A3
330
67
100
AcDbEntity
  8
DV1_Default
  6
Continuous
 62
     7
 48
25.4
100
AcDbLine
 10
71.3745426351
 20
139.7841452482
 30
0.0
 11
71.3745426351
 21
137.7841452482
 31
0.0
  0
LINE
  5
3A4
330
67
100
AcDbEntity
  8
DV1_Default
  6
Continuous
 62
     7
 48
25.4
100
AcDbLine
 10
71.5745426351
 20
139.7841452482
 30
0.0
 11
72.9745426351
 21
139.7841452482
 31
0.0
  0
LINE
  5
3A5
330
67
100
AcDbEntity
  8
DV1_Default
  6
Continuous
 62
     7
 48
25.4
100
AcDbLine
 10
72.9745426351
 20
137.7841452482
 30
0.0
 11
71.5745426351
 21
137.7841452482
 31
0.0
  0
LINE
  5
3A6
330
67
100
AcDbEntity
  8
DV1_Default
  6
Continuous
 62
     7
 48
25.4
100
AcDbLine
 10
71.5745426351
 20
137.7841452482
 30
0.0
 11
71.5745426351
 21
139.7841452482
 31
0.0
  0
LINE
  5
3A7
330
67
100
AcDbEntity
  8
DV1_Default
  6
Continuous
 62
     7
 48
25.4
100
AcDbLine
 10
72.9745426351
 20
139.7841452482
 30
0.0
 11
72.9745426351
 21
137.7841452482
 31
0.0
  0
LINE
  5
3A8
330
67
100
AcDbEntity
  8
DV1_Default
  6
Continuous
 62
     7
 48
25.4
100
AcDbLine
 10
73.1745426351
 20
139.7841452482
 30
0.0
 11
74.5745426351
 21
139.7841452482
 31
0.0
  0
LINE
  5
3A9
330
67
100
AcDbEntity
  8
DV1_Default
  6
Continuous
 62
     7
 48
25.4
100
AcDbLine
 10
74.5745426351
 20
137.7841452482
 30
0.0
 11
73.1745426351
 21
137.7841452482
 31
0.0
  0
LINE
  5
3AA
330
67
100
AcDbEntity
  8
DV1_Default
  6
Continuous
 62
     7
 48
25.4
100
AcDbLine
 10
73.1745426351
 20
137.7841452482
 30
0.0
 11
73.1745426351
 21
139.7841452482
 31
0.0
  0
LINE
  5
3AB
330
67
100
AcDbEntity
  8
DV1_Default
  6
Continuous
 62
     7
 48
25.4
100
AcDbLine
 10
74.5745426351
 20
139.7841452482
 30
0.0
 11
74.5745426351
 21
137.7841452482
 31
0.0
  0
LINE
  5
3AC
330
67
100
AcDbEntity
  8
DV1_Default
  6
Continuous
 62
     7
 48
25.4
100
AcDbLine
 10
74.7745426351
 20
139.7841452482
 30
0.0
 11
76.1745426351
 21
139.7841452482
 31
0.0
  0
LINE
  5
3AD
330
67
100
AcDbEntity
  8
DV1_Default
  6
Continuous
 62
     7
 48
25.4
100
AcDbLine
 10
76.1745426351
 20
137.7841452482
 30
0.0
 11
74.7745426351
 21
137.7841452482
 31
0.0
  0
LINE
  5
3AE
330
67
100
AcDbEntity
  8
DV1_Default
  6
Continuous
 62
     7
 48
25.4
100
AcDbLine
 10
74.7745426351
 20
137.7841452482
 30
0.0
 11
74.7745426351
 21
139.7841452482
 31
0.0
  0
LINE
  5
3AF
330
67
100
AcDbEntity
  8
DV1_Default
  6
Continuous
 62
     7
 48
25.4
100
AcDbLine
 10
76.1745426351
 20
139.7841452482
 30
0.0
 11
76.1745426351
 21
137.7841452482
 31
0.0
  0
LINE
  5
3B0
330
67
100
AcDbEntity
  8
DV1_Default
  6
Continuous
 62
     7
 48
25.4
100
AcDbLine
 10
76.3745426351
 20
139.7841452482
 30
0.0
 11
77.7745426351
 21
139.7841452482
 31
0.0
  0
LINE
  5
3B1
330
67
100
AcDbEntity
  8
DV1_Default
  6
Continuous
 62
     7
 48
25.4
100
AcDbLine
 10
77.7745426351
 20
137.7841452482
 30
0.0
 11
76.3745426351
 21
137.7841452482
 31
0.0
  0
LINE
  5
3B2
330
67
100
AcDbEntity
  8
DV1_Default
  6
Continuous
 62
     7
 48
25.4
100
AcDbLine
 10
76.3745426351
 20
137.7841452482
 30
0.0
 11
76.3745426351
 21
139.7841452482
 31
0.0
  0
LINE
  5
3B3
330
67
100
AcDbEntity
  8
DV1_Default
  6
Continuous
 62
     7
 48
25.4
100
AcDbLine
 10
77.7745426351
 20
139.7841452482
 30
0.0
 11
77.7745426351
 21
137.7841452482
 31
0.0
  0
LINE
  5
3B4
330
67
100
AcDbEntity
  8
DV1_Default
  6
Continuous
 62
     7
 48
25.4
100
AcDbLine
 10
77.9745426351
 20
139.7841452482
 30
0.0
 11
79.3745426351
 21
139.7841452482
 31
0.0
  0
LINE
  5
3B5
330
67
100
AcDbEntity
  8
DV1_Default
  6
Continuous
 62
     7
 48
25.4
100
AcDbLine
 10
79.3745426351
 20
137.7841452482
 30
0.0
 11
77.9745426351
 21
137.7841452482
 31
0.0
  0
LINE
  5
3B6
330
67
100
AcDbEntity
  8
DV1_Default
  6
Continuous
 62
     7
 48
25.4
100
AcDbLine
 10
77.9745426351
 20
137.7841452482
 30
0.0
 11
77.9745426351
 21
139.7841452482
 31
0.0
  0
LINE
  5
3B7
330
67
100
AcDbEntity
  8
DV1_Default
  6
Continuous
 62
     7
 48
25.4
100
AcDbLine
 10
79.3745426351
 20
139.7841452482
 30
0.0
 11
79.3745426351
 21
137.7841452482
 31
0.0
  0
LINE
  5
3B8
330
67
100
AcDbEntity
  8
DV1_Default
  6
Continuous
 62
     7
 48
25.4
100
AcDbLine
 10
79.5745426351
 20
139.7841452482
 30
0.0
 11
80.9745426351
 21
139.7841452482
 31
0.0
  0
LINE
  5
3B9
330
67
100
AcDbEntity
  8
DV1_Default
  6
Continuous
 62
     7
 48
25.4
100
AcDbLine
 10
80.9745426351
 20
137.7841452482
 30
0.0
 11
79.5745426351
 21
137.7841452482
 31
0.0
  0
LINE
  5
3BA
330
67
100
AcDbEntity
  8
DV1_Default
  6
Continuous
 62
     7
 48
25.4
100
AcDbLine
 10
79.5745426351
 20
137.7841452482
 30
0.0
 11
79.5745426351
 21
139.7841452482
 31
0.0
  0
LINE
  5
3BB
330
67
100
AcDbEntity
  8
DV1_Default
  6
Continuous
 62
     7
 48
25.4
100
AcDbLine
 10
80.9745426351
 20
139.7841452482
 30
0.0
 11
80.9745426351
 21
137.7841452482
 31
0.0
  0
LINE
  5
3BC
330
67
100
AcDbEntity
  8
DV1_Default
  6
Continuous
 62
     7
 48
25.4
100
AcDbLine
 10
81.1745426351
 20
139.7841452482
 30
0.0
 11
82.5745426351
 21
139.7841452482
 31
0.0
  0
LINE
  5
3BD
330
67
100
AcDbEntity
  8
DV1_Default
  6
Continuous
 62
     7
 48
25.4
100
AcDbLine
 10
82.5745426351
 20
137.7841452482
 30
0.0
 11
81.1745426351
 21
137.7841452482
 31
0.0
  0
LINE
  5
3BE
330
67
100
AcDbEntity
  8
DV1_Default
  6
Continuous
 62
     7
 48
25.4
100
AcDbLine
 10
81.1745426351
 20
137.7841452482
 30
0.0
 11
81.1745426351
 21
139.7841452482
 31
0.0
  0
LINE
  5
3BF
330
67
100
AcDbEntity
  8
DV1_Default
  6
Continuous
 62
     7
 48
25.4
100
AcDbLine
 10
82.5745426351
 20
139.7841452482
 30
0.0
 11
82.5745426351
 21
137.7841452482
 31
0.0
  0
LINE
  5
3C0
330
67
100
AcDbEntity
  8
DV1_Default
  6
Continuous
 62
     7
 48
25.4
100
AcDbLine
 10
82.7745426351
 20
139.7841452482
 30
0.0
 11
84.1745426351
 21
139.7841452482
 31
0.0
  0
LINE
  5
3C1
330
67
100
AcDbEntity
  8
DV1_Default
  6
Continuous
 62
     7
 48
25.4
100
AcDbLine
 10
84.1745426351
 20
137.7841452482
 30
0.0
 11
82.7745426351
 21
137.7841452482
 31
0.0
  0
LINE
  5
3C2
330
67
100
AcDbEntity
  8
DV1_Default
  6
Continuous
 62
     7
 48
25.4
100
AcDbLine
 10
82.7745426351
 20
137.7841452482
 30
0.0
 11
82.7745426351
 21
139.7841452482
 31
0.0
  0
LINE
  5
3C3
330
67
100
AcDbEntity
  8
DV1_Default
  6
Continuous
 62
     7
 48
25.4
100
AcDbLine
 10
84.1745426351
 20
139.7841452482
 30
0.0
 11
84.1745426351
 21
137.7841452482
 31
0.0
  0
LINE
  5
3C4
330
67
100
AcDbEntity
  8
DV1_Default
  6
Continuous
 62
     7
 48
25.4
100
AcDbLine
 10
84.3745426351
 20
139.7841452482
 30
0.0
 11
85.7745426351
 21
139.7841452482
 31
0.0
  0
LINE
  5
3C5
330
67
100
AcDbEntity
  8
DV1_Default
  6
Continuous
 62
     7
 48
25.4
100
AcDbLine
 10
85.7745426351
 20
137.7841452482
 30
0.0
 11
84.3745426351
 21
137.7841452482
 31
0.0
  0
LINE
  5
3C6
330
67
100
AcDbEntity
  8
DV1_Default
  6
Continuous
 62
     7
 48
25.4
100
AcDbLine
 10
84.3745426351
 20
137.7841452482
 30
0.0
 11
84.3745426351
 21
139.7841452482
 31
0.0
  0
LINE
  5
3C7
330
67
100
AcDbEntity
  8
DV1_Default
  6
Continuous
 62
     7
 48
25.4
100
AcDbLine
 10
85.7745426351
 20
139.7841452482
 30
0.0
 11
85.7745426351
 21
137.7841452482
 31
0.0
  0
LINE
  5
3C8
330
67
100
AcDbEntity
  8
DV1_Default
  6
Continuous
 62
     7
 48
25.4
100
AcDbLine
 10
85.9745426351
 20
139.7841452482
 30
0.0
 11
87.3745426351
 21
139.7841452482
 31
0.0
  0
LINE
  5
3C9
330
67
100
AcDbEntity
  8
DV1_Default
  6
Continuous
 62
     7
 48
25.4
100
AcDbLine
 10
87.3745426351
 20
137.7841452482
 30
0.0
 11
85.9745426351
 21
137.7841452482
 31
0.0
  0
LINE
  5
3CA
330
67
100
AcDbEntity
  8
DV1_Default
  6
Continuous
 62
     7
 48
25.4
100
AcDbLine
 10
85.9745426351
 20
137.7841452482
 30
0.0
 11
85.9745426351
 21
139.7841452482
 31
0.0
  0
LINE
  5
3CB
330
67
100
AcDbEntity
  8
DV1_Default
  6
Continuous
 62
     7
 48
25.4
100
AcDbLine
 10
87.3745426351
 20
139.7841452482
 30
0.0
 11
87.3745426351
 21
137.7841452482
 31
0.0
  0
LINE
  5
3CC
330
67
100
AcDbEntity
  8
DV1_Default
  6
Continuous
 62
     7
 48
25.4
100
AcDbLine
 10
87.5745426351
 20
139.7841452482
 30
0.0
 11
88.9745426351
 21
139.7841452482
 31
0.0
  0
LINE
  5
3CD
330
67
100
AcDbEntity
  8
DV1_Default
  6
Continuous
 62
     7
 48
25.4
100
AcDbLine
 10
88.9745426351
 20
137.7841452482
 30
0.0
 11
87.5745426351
 21
137.7841452482
 31
0.0
  0
LINE
  5
3CE
330
67
100
AcDbEntity
  8
DV1_Default
  6
Continuous
 62
     7
 48
25.4
100
AcDbLine
 10
87.5745426351
 20
137.7841452482
 30
0.0
 11
87.5745426351
 21
139.7841452482
 31
0.0
  0
LINE
  5
3CF
330
67
100
AcDbEntity
  8
DV1_Default
  6
Continuous
 62
     7
 48
25.4
100
AcDbLine
 10
88.9745426351
 20
139.7841452482
 30
0.0
 11
88.9745426351
 21
137.7841452482
 31
0.0
  0
LINE
  5
3D0
330
67
100
AcDbEntity
  8
DV1_Default
  6
Continuous
 62
     7
 48
25.4
100
AcDbLine
 10
89.1745426351
 20
139.7841452482
 30
0.0
 11
90.5745426351
 21
139.7841452482
 31
0.0
  0
LINE
  5
3D1
330
67
100
AcDbEntity
  8
DV1_Default
  6
Continuous
 62
     7
 48
25.4
100
AcDbLine
 10
90.5745426351
 20
137.7841452482
 30
0.0
 11
89.1745426351
 21
137.7841452482
 31
0.0
  0
LINE
  5
3D2
330
67
100
AcDbEntity
  8
DV1_Default
  6
Continuous
 62
     7
 48
25.4
100
AcDbLine
 10
89.1745426351
 20
137.7841452482
 30
0.0
 11
89.1745426351
 21
139.7841452482
 31
0.0
  0
LINE
  5
3D3
330
67
100
AcDbEntity
  8
DV1_Default
  6
Continuous
 62
     7
 48
25.4
100
AcDbLine
 10
90.5745426351
 20
139.7841452482
 30
0.0
 11
90.5745426351
 21
137.7841452482
 31
0.0
  0
LINE
  5
3D4
330
67
100
AcDbEntity
  8
DV1_Default
  6
Continuous
 62
     7
 48
25.4
100
AcDbLine
 10
90.7745426351
 20
139.7841452482
 30
0.0
 11
92.1745426351
 21
139.7841452482
 31
0.0
  0
LINE
  5
3D5
330
67
100
AcDbEntity
  8
DV1_Default
  6
Continuous
 62
     7
 48
25.4
100
AcDbLine
 10
92.1745426351
 20
137.7841452482
 30
0.0
 11
90.7745426351
 21
137.7841452482
 31
0.0
  0
LINE
  5
3D6
330
67
100
AcDbEntity
  8
DV1_Default
  6
Continuous
 62
     7
 48
25.4
100
AcDbLine
 10
90.7745426351
 20
137.7841452482
 30
0.0
 11
90.7745426351
 21
139.7841452482
 31
0.0
  0
LINE
  5
3D7
330
67
100
AcDbEntity
  8
DV1_Default
  6
Continuous
 62
     7
 48
25.4
100
AcDbLine
 10
92.1745426351
 20
139.7841452482
 30
0.0
 11
92.1745426351
 21
137.7841452482
 31
0.0
  0
LINE
  5
3D8
330
67
100
AcDbEntity
  8
DV1_Default
  6
Continuous
 62
     7
 48
25.4
100
AcDbLine
 10
92.3745426351
 20
139.7841452482
 30
0.0
 11
93.7745426351
 21
139.7841452482
 31
0.0
  0
LINE
  5
3D9
330
67
100
AcDbEntity
  8
DV1_Default
  6
Continuous
 62
     7
 48
25.4
100
AcDbLine
 10
93.7745426351
 20
137.7841452482
 30
0.0
 11
92.3745426351
 21
137.7841452482
 31
0.0
  0
LINE
  5
3DA
330
67
100
AcDbEntity
  8
DV1_Default
  6
Continuous
 62
     7
 48
25.4
100
AcDbLine
 10
92.3745426351
 20
137.7841452482
 30
0.0
 11
92.3745426351
 21
139.7841452482
 31
0.0
  0
LINE
  5
3DB
330
67
100
AcDbEntity
  8
DV1_Default
  6
Continuous
 62
     7
 48
25.4
100
AcDbLine
 10
93.7745426351
 20
139.7841452482
 30
0.0
 11
93.7745426351
 21
137.7841452482
 31
0.0
  0
LINE
  5
3DC
330
67
100
AcDbEntity
  8
DV1_Default
  6
Continuous
 62
     7
 48
25.4
100
AcDbLine
 10
57.1745426351
 20
142.1841452482
 30
0.0
 11
58.5745426351
 21
142.1841452482
 31
0.0
  0
LINE
  5
3DD
330
67
100
AcDbEntity
  8
DV1_Default
  6
Continuous
 62
     7
 48
25.4
100
AcDbLine
 10
58.5745426351
 20
140.1841452482
 30
0.0
 11
57.1745426351
 21
140.1841452482
 31
0.0
  0
LINE
  5
3DE
330
67
100
AcDbEntity
  8
DV1_Default
  6
Continuous
 62
     7
 48
25.4
100
AcDbLine
 10
57.1745426351
 20
140.1841452482
 30
0.0
 11
57.1745426351
 21
142.1841452482
 31
0.0
  0
LINE
  5
3DF
330
67
100
AcDbEntity
  8
DV1_Default
  6
Continuous
 62
     7
 48
25.4
100
AcDbLine
 10
58.5745426351
 20
142.1841452482
 30
0.0
 11
58.5745426351
 21
140.1841452482
 31
0.0
  0
LINE
  5
3E0
330
67
100
AcDbEntity
  8
DV1_Default
  6
Continuous
 62
     7
 48
25.4
100
AcDbLine
 10
58.7745426351
 20
142.1841452482
 30
0.0
 11
60.1745426351
 21
142.1841452482
 31
0.0
  0
LINE
  5
3E1
330
67
100
AcDbEntity
  8
DV1_Default
  6
Continuous
 62
     7
 48
25.4
100
AcDbLine
 10
60.1745426351
 20
140.1841452482
 30
0.0
 11
58.7745426351
 21
140.1841452482
 31
0.0
  0
LINE
  5
3E2
330
67
100
AcDbEntity
  8
DV1_Default
  6
Continuous
 62
     7
 48
25.4
100
AcDbLine
 10
58.7745426351
 20
140.1841452482
 30
0.0
 11
58.7745426351
 21
142.1841452482
 31
0.0
  0
LINE
  5
3E3
330
67
100
AcDbEntity
  8
DV1_Default
  6
Continuous
 62
     7
 48
25.4
100
AcDbLine
 10
60.1745426351
 20
142.1841452482
 30
0.0
 11
60.1745426351
 21
140.1841452482
 31
0.0
  0
LINE
  5
3E4
330
67
100
AcDbEntity
  8
DV1_Default
  6
Continuous
 62
     7
 48
25.4
100
AcDbLine
 10
60.3745426351
 20
142.1841452482
 30
0.0
 11
61.7745426351
 21
142.1841452482
 31
0.0
  0
LINE
  5
3E5
330
67
100
AcDbEntity
  8
DV1_Default
  6
Continuous
 62
     7
 48
25.4
100
AcDbLine
 10
61.7745426351
 20
140.1841452482
 30
0.0
 11
60.3745426351
 21
140.1841452482
 31
0.0
  0
LINE
  5
3E6
330
67
100
AcDbEntity
  8
DV1_Default
  6
Continuous
 62
     7
 48
25.4
100
AcDbLine
 10
60.3745426351
 20
140.1841452482
 30
0.0
 11
60.3745426351
 21
142.1841452482
 31
0.0
  0
LINE
  5
3E7
330
67
100
AcDbEntity
  8
DV1_Default
  6
Continuous
 62
     7
 48
25.4
100
AcDbLine
 10
61.7745426351
 20
142.1841452482
 30
0.0
 11
61.7745426351
 21
140.1841452482
 31
0.0
  0
LINE
  5
3E8
330
67
100
AcDbEntity
  8
DV1_Default
  6
Continuous
 62
     7
 48
25.4
100
AcDbLine
 10
61.9745426351
 20
142.1841452482
 30
0.0
 11
63.3745426351
 21
142.1841452482
 31
0.0
  0
LINE
  5
3E9
330
67
100
AcDbEntity
  8
DV1_Default
  6
Continuous
 62
     7
 48
25.4
100
AcDbLine
 10
63.3745426351
 20
140.1841452482
 30
0.0
 11
61.9745426351
 21
140.1841452482
 31
0.0
  0
LINE
  5
3EA
330
67
100
AcDbEntity
  8
DV1_Default
  6
Continuous
 62
     7
 48
25.4
100
AcDbLine
 10
61.9745426351
 20
140.1841452482
 30
0.0
 11
61.9745426351
 21
142.1841452482
 31
0.0
  0
LINE
  5
3EB
330
67
100
AcDbEntity
  8
DV1_Default
  6
Continuous
 62
     7
 48
25.4
100
AcDbLine
 10
63.3745426351
 20
142.1841452482
 30
0.0
 11
63.3745426351
 21
140.1841452482
 31
0.0
  0
LINE
  5
3EC
330
67
100
AcDbEntity
  8
DV1_Default
  6
Continuous
 62
     7
 48
25.4
100
AcDbLine
 10
63.5745426351
 20
142.1841452482
 30
0.0
 11
64.9745426351
 21
142.1841452482
 31
0.0
  0
LINE
  5
3ED
330
67
100
AcDbEntity
  8
DV1_Default
  6
Continuous
 62
     7
 48
25.4
100
AcDbLine
 10
64.9745426351
 20
140.1841452482
 30
0.0
 11
63.5745426351
 21
140.1841452482
 31
0.0
  0
LINE
  5
3EE
330
67
100
AcDbEntity
  8
DV1_Default
  6
Continuous
 62
     7
 48
25.4
100
AcDbLine
 10
63.5745426351
 20
140.1841452482
 30
0.0
 11
63.5745426351
 21
142.1841452482
 31
0.0
  0
LINE
  5
3EF
330
67
100
AcDbEntity
  8
DV1_Default
  6
Continuous
 62
     7
 48
25.4
100
AcDbLine
 10
64.9745426351
 20
142.1841452482
 30
0.0
 11
64.9745426351
 21
140.1841452482
 31
0.0
  0
LINE
  5
3F0
330
67
100
AcDbEntity
  8
DV1_Default
  6
Continuous
 62
     7
 48
25.4
100
AcDbLine
 10
65.1745426351
 20
142.1841452482
 30
0.0
 11
66.5745426351
 21
142.1841452482
 31
0.0
  0
LINE
  5
3F1
330
67
100
AcDbEntity
  8
DV1_Default
  6
Continuous
 62
     7
 48
25.4
100
AcDbLine
 10
66.5745426351
 20
140.1841452482
 30
0.0
 11
65.1745426351
 21
140.1841452482
 31
0.0
  0
LINE
  5
3F2
330
67
100
AcDbEntity
  8
DV1_Default
  6
Continuous
 62
     7
 48
25.4
100
AcDbLine
 10
65.1745426351
 20
140.1841452482
 30
0.0
 11
65.1745426351
 21
142.1841452482
 31
0.0
  0
LINE
  5
3F3
330
67
100
AcDbEntity
  8
DV1_Default
  6
Continuous
 62
     7
 48
25.4
100
AcDbLine
 10
66.5745426351
 20
142.1841452482
 30
0.0
 11
66.5745426351
 21
140.1841452482
 31
0.0
  0
LINE
  5
3F4
330
67
100
AcDbEntity
  8
DV1_Default
  6
Continuous
 62
     7
 48
25.4
100
AcDbLine
 10
66.7745426351
 20
142.1841452482
 30
0.0
 11
68.1745426351
 21
142.1841452482
 31
0.0
  0
LINE
  5
3F5
330
67
100
AcDbEntity
  8
DV1_Default
  6
Continuous
 62
     7
 48
25.4
100
AcDbLine
 10
68.1745426351
 20
140.1841452482
 30
0.0
 11
66.7745426351
 21
140.1841452482
 31
0.0
  0
LINE
  5
3F6
330
67
100
AcDbEntity
  8
DV1_Default
  6
Continuous
 62
     7
 48
25.4
100
AcDbLine
 10
66.7745426351
 20
140.1841452482
 30
0.0
 11
66.7745426351
 21
142.1841452482
 31
0.0
  0
LINE
  5
3F7
330
67
100
AcDbEntity
  8
DV1_Default
  6
Continuous
 62
     7
 48
25.4
100
AcDbLine
 10
68.1745426351
 20
142.1841452482
 30
0.0
 11
68.1745426351
 21
140.1841452482
 31
0.0
  0
LINE
  5
3F8
330
67
100
AcDbEntity
  8
DV1_Default
  6
Continuous
 62
     7
 48
25.4
100
AcDbLine
 10
68.3745426351
 20
142.1841452482
 30
0.0
 11
69.7745426351
 21
142.1841452482
 31
0.0
  0
LINE
  5
3F9
330
67
100
AcDbEntity
  8
DV1_Default
  6
Continuous
 62
     7
 48
25.4
100
AcDbLine
 10
69.7745426351
 20
140.1841452482
 30
0.0
 11
68.3745426351
 21
140.1841452482
 31
0.0
  0
LINE
  5
3FA
330
67
100
AcDbEntity
  8
DV1_Default
  6
Continuous
 62
     7
 48
25.4
100
AcDbLine
 10
68.3745426351
 20
140.1841452482
 30
0.0
 11
68.3745426351
 21
142.1841452482
 31
0.0
  0
LINE
  5
3FB
330
67
100
AcDbEntity
  8
DV1_Default
  6
Continuous
 62
     7
 48
25.4
100
AcDbLine
 10
69.7745426351
 20
142.1841452482
 30
0.0
 11
69.7745426351
 21
140.1841452482
 31
0.0
  0
LINE
  5
3FC
330
67
100
AcDbEntity
  8
DV1_Default
  6
Continuous
 62
     7
 48
25.4
100
AcDbLine
 10
69.9745426351
 20
142.1841452482
 30
0.0
 11
71.3745426351
 21
142.1841452482
 31
0.0
  0
LINE
  5
3FD
330
67
100
AcDbEntity
  8
DV1_Default
  6
Continuous
 62
     7
 48
25.4
100
AcDbLine
 10
71.3745426351
 20
140.1841452482
 30
0.0
 11
69.9745426351
 21
140.1841452482
 31
0.0
  0
LINE
  5
3FE
330
67
100
AcDbEntity
  8
DV1_Default
  6
Continuous
 62
     7
 48
25.4
100
AcDbLine
 10
69.9745426351
 20
140.1841452482
 30
0.0
 11
69.9745426351
 21
142.1841452482
 31
0.0
  0
LINE
  5
3FF
330
67
100
AcDbEntity
  8
DV1_Default
  6
Continuous
 62
     7
 48
25.4
100
AcDbLine
 10
71.3745426351
 20
142.1841452482
 30
0.0
 11
71.3745426351
 21
140.1841452482
 31
0.0
  0
LINE
  5
400
330
67
100
AcDbEntity
  8
DV1_Default
  6
Continuous
 62
     7
 48
25.4
100
AcDbLine
 10
71.5745426351
 20
142.1841452482
 30
0.0
 11
72.9745426351
 21
142.1841452482
 31
0.0
  0
LINE
  5
401
330
67
100
AcDbEntity
  8
DV1_Default
  6
Continuous
 62
     7
 48
25.4
100
AcDbLine
 10
72.9745426351
 20
140.1841452482
 30
0.0
 11
71.5745426351
 21
140.1841452482
 31
0.0
  0
LINE
  5
402
330
67
100
AcDbEntity
  8
DV1_Default
  6
Continuous
 62
     7
 48
25.4
100
AcDbLine
 10
71.5745426351
 20
140.1841452482
 30
0.0
 11
71.5745426351
 21
142.1841452482
 31
0.0
  0
LINE
  5
403
330
67
100
AcDbEntity
  8
DV1_Default
  6
Continuous
 62
     7
 48
25.4
100
AcDbLine
 10
72.9745426351
 20
142.1841452482
 30
0.0
 11
72.9745426351
 21
140.1841452482
 31
0.0
  0
LINE
  5
404
330
67
100
AcDbEntity
  8
DV1_Default
  6
Continuous
 62
     7
 48
25.4
100
AcDbLine
 10
73.1745426351
 20
142.1841452482
 30
0.0
 11
74.5745426351
 21
142.1841452482
 31
0.0
  0
LINE
  5
405
330
67
100
AcDbEntity
  8
DV1_Default
  6
Continuous
 62
     7
 48
25.4
100
AcDbLine
 10
74.5745426351
 20
140.1841452482
 30
0.0
 11
73.1745426351
 21
140.1841452482
 31
0.0
  0
LINE
  5
406
330
67
100
AcDbEntity
  8
DV1_Default
  6
Continuous
 62
     7
 48
25.4
100
AcDbLine
 10
73.1745426351
 20
140.1841452482
 30
0.0
 11
73.1745426351
 21
142.1841452482
 31
0.0
  0
LINE
  5
407
330
67
100
AcDbEntity
  8
DV1_Default
  6
Continuous
 62
     7
 48
25.4
100
AcDbLine
 10
74.5745426351
 20
142.1841452482
 30
0.0
 11
74.5745426351
 21
140.1841452482
 31
0.0
  0
LINE
  5
408
330
67
100
AcDbEntity
  8
DV1_Default
  6
Continuous
 62
     7
 48
25.4
100
AcDbLine
 10
74.7745426351
 20
142.1841452482
 30
0.0
 11
76.1745426351
 21
142.1841452482
 31
0.0
  0
LINE
  5
409
330
67
100
AcDbEntity
  8
DV1_Default
  6
Continuous
 62
     7
 48
25.4
100
AcDbLine
 10
76.1745426351
 20
140.1841452482
 30
0.0
 11
74.7745426351
 21
140.1841452482
 31
0.0
  0
LINE
  5
40A
330
67
100
AcDbEntity
  8
DV1_Default
  6
Continuous
 62
     7
 48
25.4
100
AcDbLine
 10
74.7745426351
 20
140.1841452482
 30
0.0
 11
74.7745426351
 21
142.1841452482
 31
0.0
  0
LINE
  5
40B
330
67
100
AcDbEntity
  8
DV1_Default
  6
Continuous
 62
     7
 48
25.4
100
AcDbLine
 10
76.1745426351
 20
142.1841452482
 30
0.0
 11
76.1745426351
 21
140.1841452482
 31
0.0
  0
LINE
  5
40C
330
67
100
AcDbEntity
  8
DV1_Default
  6
Continuous
 62
     7
 48
25.4
100
AcDbLine
 10
76.3745426351
 20
142.1841452482
 30
0.0
 11
77.7745426351
 21
142.1841452482
 31
0.0
  0
LINE
  5
40D
330
67
100
AcDbEntity
  8
DV1_Default
  6
Continuous
 62
     7
 48
25.4
100
AcDbLine
 10
77.7745426351
 20
140.1841452482
 30
0.0
 11
76.3745426351
 21
140.1841452482
 31
0.0
  0
LINE
  5
40E
330
67
100
AcDbEntity
  8
DV1_Default
  6
Continuous
 62
     7
 48
25.4
100
AcDbLine
 10
76.3745426351
 20
140.1841452482
 30
0.0
 11
76.3745426351
 21
142.1841452482
 31
0.0
  0
LINE
  5
40F
330
67
100
AcDbEntity
  8
DV1_Default
  6
Continuous
 62
     7
 48
25.4
100
AcDbLine
 10
77.7745426351
 20
142.1841452482
 30
0.0
 11
77.7745426351
 21
140.1841452482
 31
0.0
  0
LINE
  5
410
330
67
100
AcDbEntity
  8
DV1_Default
  6
Continuous
 62
     7
 48
25.4
100
AcDbLine
 10
77.9745426351
 20
142.1841452482
 30
0.0
 11
79.3745426351
 21
142.1841452482
 31
0.0
  0
LINE
  5
411
330
67
100
AcDbEntity
  8
DV1_Default
  6
Continuous
 62
     7
 48
25.4
100
AcDbLine
 10
79.3745426351
 20
140.1841452482
 30
0.0
 11
77.9745426351
 21
140.1841452482
 31
0.0
  0
LINE
  5
412
330
67
100
AcDbEntity
  8
DV1_Default
  6
Continuous
 62
     7
 48
25.4
100
AcDbLine
 10
77.9745426351
 20
140.1841452482
 30
0.0
 11
77.9745426351
 21
142.1841452482
 31
0.0
  0
LINE
  5
413
330
67
100
AcDbEntity
  8
DV1_Default
  6
Continuous
 62
     7
 48
25.4
100
AcDbLine
 10
79.3745426351
 20
142.1841452482
 30
0.0
 11
79.3745426351
 21
140.1841452482
 31
0.0
  0
LINE
  5
414
330
67
100
AcDbEntity
  8
DV1_Default
  6
Continuous
 62
     7
 48
25.4
100
AcDbLine
 10
79.5745426351
 20
142.1841452482
 30
0.0
 11
80.9745426351
 21
142.1841452482
 31
0.0
  0
LINE
  5
415
330
67
100
AcDbEntity
  8
DV1_Default
  6
Continuous
 62
     7
 48
25.4
100
AcDbLine
 10
80.9745426351
 20
140.1841452482
 30
0.0
 11
79.5745426351
 21
140.1841452482
 31
0.0
  0
LINE
  5
416
330
67
100
AcDbEntity
  8
DV1_Default
  6
Continuous
 62
     7
 48
25.4
100
AcDbLine
 10
79.5745426351
 20
140.1841452482
 30
0.0
 11
79.5745426351
 21
142.1841452482
 31
0.0
  0
LINE
  5
417
330
67
100
AcDbEntity
  8
DV1_Default
  6
Continuous
 62
     7
 48
25.4
100
AcDbLine
 10
80.9745426351
 20
142.1841452482
 30
0.0
 11
80.9745426351
 21
140.1841452482
 31
0.0
  0
LINE
  5
418
330
67
100
AcDbEntity
  8
DV1_Default
  6
Continuous
 62
     7
 48
25.4
100
AcDbLine
 10
81.1745426351
 20
142.1841452482
 30
0.0
 11
82.5745426351
 21
142.1841452482
 31
0.0
  0
LINE
  5
419
330
67
100
AcDbEntity
  8
DV1_Default
  6
Continuous
 62
     7
 48
25.4
100
AcDbLine
 10
82.5745426351
 20
140.1841452482
 30
0.0
 11
81.1745426351
 21
140.1841452482
 31
0.0
  0
LINE
  5
41A
330
67
100
AcDbEntity
  8
DV1_Default
  6
Continuous
 62
     7
 48
25.4
100
AcDbLine
 10
81.1745426351
 20
140.1841452482
 30
0.0
 11
81.1745426351
 21
142.1841452482
 31
0.0
  0
LINE
  5
41B
330
67
100
AcDbEntity
  8
DV1_Default
  6
Continuous
 62
     7
 48
25.4
100
AcDbLine
 10
82.5745426351
 20
142.1841452482
 30
0.0
 11
82.5745426351
 21
140.1841452482
 31
0.0
  0
LINE
  5
41C
330
67
100
AcDbEntity
  8
DV1_Default
  6
Continuous
 62
     7
 48
25.4
100
AcDbLine
 10
82.7745426351
 20
142.1841452482
 30
0.0
 11
84.1745426351
 21
142.1841452482
 31
0.0
  0
LINE
  5
41D
330
67
100
AcDbEntity
  8
DV1_Default
  6
Continuous
 62
     7
 48
25.4
100
AcDbLine
 10
84.1745426351
 20
140.1841452482
 30
0.0
 11
82.7745426351
 21
140.1841452482
 31
0.0
  0
LINE
  5
41E
330
67
100
AcDbEntity
  8
DV1_Default
  6
Continuous
 62
     7
 48
25.4
100
AcDbLine
 10
82.7745426351
 20
140.1841452482
 30
0.0
 11
82.7745426351
 21
142.1841452482
 31
0.0
  0
LINE
  5
41F
330
67
100
AcDbEntity
  8
DV1_Default
  6
Continuous
 62
     7
 48
25.4
100
AcDbLine
 10
84.1745426351
 20
142.1841452482
 30
0.0
 11
84.1745426351
 21
140.1841452482
 31
0.0
  0
LINE
  5
420
330
67
100
AcDbEntity
  8
DV1_Default
  6
Continuous
 62
     7
 48
25.4
100
AcDbLine
 10
84.3745426351
 20
142.1841452482
 30
0.0
 11
85.7745426351
 21
142.1841452482
 31
0.0
  0
LINE
  5
421
330
67
100
AcDbEntity
  8
DV1_Default
  6
Continuous
 62
     7
 48
25.4
100
AcDbLine
 10
85.7745426351
 20
140.1841452482
 30
0.0
 11
84.3745426351
 21
140.1841452482
 31
0.0
  0
LINE
  5
422
330
67
100
AcDbEntity
  8
DV1_Default
  6
Continuous
 62
     7
 48
25.4
100
AcDbLine
 10
84.3745426351
 20
140.1841452482
 30
0.0
 11
84.3745426351
 21
142.1841452482
 31
0.0
  0
LINE
  5
423
330
67
100
AcDbEntity
  8
DV1_Default
  6
Continuous
 62
     7
 48
25.4
100
AcDbLine
 10
85.7745426351
 20
142.1841452482
 30
0.0
 11
85.7745426351
 21
140.1841452482
 31
0.0
  0
LINE
  5
424
330
67
100
AcDbEntity
  8
DV1_Default
  6
Continuous
 62
     7
 48
25.4
100
AcDbLine
 10
85.9745426351
 20
142.1841452482
 30
0.0
 11
87.3745426351
 21
142.1841452482
 31
0.0
  0
LINE
  5
425
330
67
100
AcDbEntity
  8
DV1_Default
  6
Continuous
 62
     7
 48
25.4
100
AcDbLine
 10
87.3745426351
 20
140.1841452482
 30
0.0
 11
85.9745426351
 21
140.1841452482
 31
0.0
  0
LINE
  5
426
330
67
100
AcDbEntity
  8
DV1_Default
  6
Continuous
 62
     7
 48
25.4
100
AcDbLine
 10
85.9745426351
 20
140.1841452482
 30
0.0
 11
85.9745426351
 21
142.1841452482
 31
0.0
  0
LINE
  5
427
330
67
100
AcDbEntity
  8
DV1_Default
  6
Continuous
 62
     7
 48
25.4
100
AcDbLine
 10
87.3745426351
 20
142.1841452482
 30
0.0
 11
87.3745426351
 21
140.1841452482
 31
0.0
  0
LINE
  5
428
330
67
100
AcDbEntity
  8
DV1_Default
  6
Continuous
 62
     7
 48
25.4
100
AcDbLine
 10
87.5745426351
 20
142.1841452482
 30
0.0
 11
88.9745426351
 21
142.1841452482
 31
0.0
  0
LINE
  5
429
330
67
100
AcDbEntity
  8
DV1_Default
  6
Continuous
 62
     7
 48
25.4
100
AcDbLine
 10
88.9745426351
 20
140.1841452482
 30
0.0
 11
87.5745426351
 21
140.1841452482
 31
0.0
  0
LINE
  5
42A
330
67
100
AcDbEntity
  8
DV1_Default
  6
Continuous
 62
     7
 48
25.4
100
AcDbLine
 10
87.5745426351
 20
140.1841452482
 30
0.0
 11
87.5745426351
 21
142.1841452482
 31
0.0
  0
LINE
  5
42B
330
67
100
AcDbEntity
  8
DV1_Default
  6
Continuous
 62
     7
 48
25.4
100
AcDbLine
 10
88.9745426351
 20
142.1841452482
 30
0.0
 11
88.9745426351
 21
140.1841452482
 31
0.0
  0
LINE
  5
42C
330
67
100
AcDbEntity
  8
DV1_Default
  6
Continuous
 62
     7
 48
25.4
100
AcDbLine
 10
89.1745426351
 20
142.1841452482
 30
0.0
 11
90.5745426351
 21
142.1841452482
 31
0.0
  0
LINE
  5
42D
330
67
100
AcDbEntity
  8
DV1_Default
  6
Continuous
 62
     7
 48
25.4
100
AcDbLine
 10
90.5745426351
 20
140.1841452482
 30
0.0
 11
89.1745426351
 21
140.1841452482
 31
0.0
  0
LINE
  5
42E
330
67
100
AcDbEntity
  8
DV1_Default
  6
Continuous
 62
     7
 48
25.4
100
AcDbLine
 10
89.1745426351
 20
140.1841452482
 30
0.0
 11
89.1745426351
 21
142.1841452482
 31
0.0
  0
LINE
  5
42F
330
67
100
AcDbEntity
  8
DV1_Default
  6
Continuous
 62
     7
 48
25.4
100
AcDbLine
 10
90.5745426351
 20
142.1841452482
 30
0.0
 11
90.5745426351
 21
140.1841452482
 31
0.0
  0
LINE
  5
430
330
67
100
AcDbEntity
  8
DV1_Default
  6
Continuous
 62
     7
 48
25.4
100
AcDbLine
 10
90.7745426351
 20
142.1841452482
 30
0.0
 11
92.1745426351
 21
142.1841452482
 31
0.0
  0
LINE
  5
431
330
67
100
AcDbEntity
  8
DV1_Default
  6
Continuous
 62
     7
 48
25.4
100
AcDbLine
 10
92.1745426351
 20
140.1841452482
 30
0.0
 11
90.7745426351
 21
140.1841452482
 31
0.0
  0
LINE
  5
432
330
67
100
AcDbEntity
  8
DV1_Default
  6
Continuous
 62
     7
 48
25.4
100
AcDbLine
 10
90.7745426351
 20
140.1841452482
 30
0.0
 11
90.7745426351
 21
142.1841452482
 31
0.0
  0
LINE
  5
433
330
67
100
AcDbEntity
  8
DV1_Default
  6
Continuous
 62
     7
 48
25.4
100
AcDbLine
 10
92.1745426351
 20
142.1841452482
 30
0.0
 11
92.1745426351
 21
140.1841452482
 31
0.0
  0
LINE
  5
434
330
67
100
AcDbEntity
  8
DV1_Default
  6
Continuous
 62
     7
 48
25.4
100
AcDbLine
 10
92.3745426351
 20
142.1841452482
 30
0.0
 11
93.7745426351
 21
142.1841452482
 31
0.0
  0
LINE
  5
435
330
67
100
AcDbEntity
  8
DV1_Default
  6
Continuous
 62
     7
 48
25.4
100
AcDbLine
 10
93.7745426351
 20
140.1841452482
 30
0.0
 11
92.3745426351
 21
140.1841452482
 31
0.0
  0
LINE
  5
436
330
67
100
AcDbEntity
  8
DV1_Default
  6
Continuous
 62
     7
 48
25.4
100
AcDbLine
 10
92.3745426351
 20
140.1841452482
 30
0.0
 11
92.3745426351
 21
142.1841452482
 31
0.0
  0
LINE
  5
437
330
67
100
AcDbEntity
  8
DV1_Default
  6
Continuous
 62
     7
 48
25.4
100
AcDbLine
 10
93.7745426351
 20
142.1841452482
 30
0.0
 11
93.7745426351
 21
140.1841452482
 31
0.0
  0
LINE
  5
438
330
67
100
AcDbEntity
  8
DV1_Default
  6
Continuous
 62
     7
 48
25.4
100
AcDbLine
 10
57.1745426351
 20
144.5841452482
 30
0.0
 11
58.5745426351
 21
144.5841452482
 31
0.0
  0
LINE
  5
439
330
67
100
AcDbEntity
  8
DV1_Default
  6
Continuous
 62
     7
 48
25.4
100
AcDbLine
 10
58.5745426351
 20
142.5841452482
 30
0.0
 11
57.1745426351
 21
142.5841452482
 31
0.0
  0
LINE
  5
43A
330
67
100
AcDbEntity
  8
DV1_Default
  6
Continuous
 62
     7
 48
25.4
100
AcDbLine
 10
57.1745426351
 20
142.5841452482
 30
0.0
 11
57.1745426351
 21
144.5841452482
 31
0.0
  0
LINE
  5
43B
330
67
100
AcDbEntity
  8
DV1_Default
  6
Continuous
 62
     7
 48
25.4
100
AcDbLine
 10
58.5745426351
 20
144.5841452482
 30
0.0
 11
58.5745426351
 21
142.5841452482
 31
0.0
  0
LINE
  5
43C
330
67
100
AcDbEntity
  8
DV1_Default
  6
Continuous
 62
     7
 48
25.4
100
AcDbLine
 10
58.7745426351
 20
144.5841452482
 30
0.0
 11
60.1745426351
 21
144.5841452482
 31
0.0
  0
LINE
  5
43D
330
67
100
AcDbEntity
  8
DV1_Default
  6
Continuous
 62
     7
 48
25.4
100
AcDbLine
 10
60.1745426351
 20
142.5841452482
 30
0.0
 11
58.7745426351
 21
142.5841452482
 31
0.0
  0
LINE
  5
43E
330
67
100
AcDbEntity
  8
DV1_Default
  6
Continuous
 62
     7
 48
25.4
100
AcDbLine
 10
58.7745426351
 20
142.5841452482
 30
0.0
 11
58.7745426351
 21
144.5841452482
 31
0.0
  0
LINE
  5
43F
330
67
100
AcDbEntity
  8
DV1_Default
  6
Continuous
 62
     7
 48
25.4
100
AcDbLine
 10
60.1745426351
 20
144.5841452482
 30
0.0
 11
60.1745426351
 21
142.5841452482
 31
0.0
  0
LINE
  5
440
330
67
100
AcDbEntity
  8
DV1_Default
  6
Continuous
 62
     7
 48
25.4
100
AcDbLine
 10
60.3745426351
 20
144.5841452482
 30
0.0
 11
61.7745426351
 21
144.5841452482
 31
0.0
  0
LINE
  5
441
330
67
100
AcDbEntity
  8
DV1_Default
  6
Continuous
 62
     7
 48
25.4
100
AcDbLine
 10
61.7745426351
 20
142.5841452482
 30
0.0
 11
60.3745426351
 21
142.5841452482
 31
0.0
  0
LINE
  5
442
330
67
100
AcDbEntity
  8
DV1_Default
  6
Continuous
 62
     7
 48
25.4
100
AcDbLine
 10
60.3745426351
 20
142.5841452482
 30
0.0
 11
60.3745426351
 21
144.5841452482
 31
0.0
  0
LINE
  5
443
330
67
100
AcDbEntity
  8
DV1_Default
  6
Continuous
 62
     7
 48
25.4
100
AcDbLine
 10
61.7745426351
 20
144.5841452482
 30
0.0
 11
61.7745426351
 21
142.5841452482
 31
0.0
  0
LINE
  5
444
330
67
100
AcDbEntity
  8
DV1_Default
  6
Continuous
 62
     7
 48
25.4
100
AcDbLine
 10
61.9745426351
 20
144.5841452482
 30
0.0
 11
63.3745426351
 21
144.5841452482
 31
0.0
  0
LINE
  5
445
330
67
100
AcDbEntity
  8
DV1_Default
  6
Continuous
 62
     7
 48
25.4
100
AcDbLine
 10
63.3745426351
 20
142.5841452482
 30
0.0
 11
61.9745426351
 21
142.5841452482
 31
0.0
  0
LINE
  5
446
330
67
100
AcDbEntity
  8
DV1_Default
  6
Continuous
 62
     7
 48
25.4
100
AcDbLine
 10
61.9745426351
 20
142.5841452482
 30
0.0
 11
61.9745426351
 21
144.5841452482
 31
0.0
  0
LINE
  5
447
330
67
100
AcDbEntity
  8
DV1_Default
  6
Continuous
 62
     7
 48
25.4
100
AcDbLine
 10
63.3745426351
 20
144.5841452482
 30
0.0
 11
63.3745426351
 21
142.5841452482
 31
0.0
  0
LINE
  5
448
330
67
100
AcDbEntity
  8
DV1_Default
  6
Continuous
 62
     7
 48
25.4
100
AcDbLine
 10
63.5745426351
 20
144.5841452482
 30
0.0
 11
64.9745426351
 21
144.5841452482
 31
0.0
  0
LINE
  5
449
330
67
100
AcDbEntity
  8
DV1_Default
  6
Continuous
 62
     7
 48
25.4
100
AcDbLine
 10
64.9745426351
 20
142.5841452482
 30
0.0
 11
63.5745426351
 21
142.5841452482
 31
0.0
  0
LINE
  5
44A
330
67
100
AcDbEntity
  8
DV1_Default
  6
Continuous
 62
     7
 48
25.4
100
AcDbLine
 10
63.5745426351
 20
142.5841452482
 30
0.0
 11
63.5745426351
 21
144.5841452482
 31
0.0
  0
LINE
  5
44B
330
67
100
AcDbEntity
  8
DV1_Default
  6
Continuous
 62
     7
 48
25.4
100
AcDbLine
 10
64.9745426351
 20
144.5841452482
 30
0.0
 11
64.9745426351
 21
142.5841452482
 31
0.0
  0
LINE
  5
44C
330
67
100
AcDbEntity
  8
DV1_Default
  6
Continuous
 62
     7
 48
25.4
100
AcDbLine
 10
65.1745426351
 20
144.5841452482
 30
0.0
 11
66.5745426351
 21
144.5841452482
 31
0.0
  0
LINE
  5
44D
330
67
100
AcDbEntity
  8
DV1_Default
  6
Continuous
 62
     7
 48
25.4
100
AcDbLine
 10
66.5745426351
 20
142.5841452482
 30
0.0
 11
65.1745426351
 21
142.5841452482
 31
0.0
  0
LINE
  5
44E
330
67
100
AcDbEntity
  8
DV1_Default
  6
Continuous
 62
     7
 48
25.4
100
AcDbLine
 10
65.1745426351
 20
142.5841452482
 30
0.0
 11
65.1745426351
 21
144.5841452482
 31
0.0
  0
LINE
  5
44F
330
67
100
AcDbEntity
  8
DV1_Default
  6
Continuous
 62
     7
 48
25.4
100
AcDbLine
 10
66.5745426351
 20
144.5841452482
 30
0.0
 11
66.5745426351
 21
142.5841452482
 31
0.0
  0
LINE
  5
450
330
67
100
AcDbEntity
  8
DV1_Default
  6
Continuous
 62
     7
 48
25.4
100
AcDbLine
 10
66.7745426351
 20
144.5841452482
 30
0.0
 11
68.1745426351
 21
144.5841452482
 31
0.0
  0
LINE
  5
451
330
67
100
AcDbEntity
  8
DV1_Default
  6
Continuous
 62
     7
 48
25.4
100
AcDbLine
 10
68.1745426351
 20
142.5841452482
 30
0.0
 11
66.7745426351
 21
142.5841452482
 31
0.0
  0
LINE
  5
452
330
67
100
AcDbEntity
  8
DV1_Default
  6
Continuous
 62
     7
 48
25.4
100
AcDbLine
 10
66.7745426351
 20
142.5841452482
 30
0.0
 11
66.7745426351
 21
144.5841452482
 31
0.0
  0
LINE
  5
453
330
67
100
AcDbEntity
  8
DV1_Default
  6
Continuous
 62
     7
 48
25.4
100
AcDbLine
 10
68.1745426351
 20
144.5841452482
 30
0.0
 11
68.1745426351
 21
142.5841452482
 31
0.0
  0
LINE
  5
454
330
67
100
AcDbEntity
  8
DV1_Default
  6
Continuous
 62
     7
 48
25.4
100
AcDbLine
 10
68.3745426351
 20
144.5841452482
 30
0.0
 11
69.7745426351
 21
144.5841452482
 31
0.0
  0
LINE
  5
455
330
67
100
AcDbEntity
  8
DV1_Default
  6
Continuous
 62
     7
 48
25.4
100
AcDbLine
 10
69.7745426351
 20
142.5841452482
 30
0.0
 11
68.3745426351
 21
142.5841452482
 31
0.0
  0
LINE
  5
456
330
67
100
AcDbEntity
  8
DV1_Default
  6
Continuous
 62
     7
 48
25.4
100
AcDbLine
 10
68.3745426351
 20
142.5841452482
 30
0.0
 11
68.3745426351
 21
144.5841452482
 31
0.0
  0
LINE
  5
457
330
67
100
AcDbEntity
  8
DV1_Default
  6
Continuous
 62
     7
 48
25.4
100
AcDbLine
 10
69.7745426351
 20
144.5841452482
 30
0.0
 11
69.7745426351
 21
142.5841452482
 31
0.0
  0
LINE
  5
458
330
67
100
AcDbEntity
  8
DV1_Default
  6
Continuous
 62
     7
 48
25.4
100
AcDbLine
 10
69.9745426351
 20
144.5841452482
 30
0.0
 11
71.3745426351
 21
144.5841452482
 31
0.0
  0
LINE
  5
459
330
67
100
AcDbEntity
  8
DV1_Default
  6
Continuous
 62
     7
 48
25.4
100
AcDbLine
 10
71.3745426351
 20
142.5841452482
 30
0.0
 11
69.9745426351
 21
142.5841452482
 31
0.0
  0
LINE
  5
45A
330
67
100
AcDbEntity
  8
DV1_Default
  6
Continuous
 62
     7
 48
25.4
100
AcDbLine
 10
69.9745426351
 20
142.5841452482
 30
0.0
 11
69.9745426351
 21
144.5841452482
 31
0.0
  0
LINE
  5
45B
330
67
100
AcDbEntity
  8
DV1_Default
  6
Continuous
 62
     7
 48
25.4
100
AcDbLine
 10
71.3745426351
 20
144.5841452482
 30
0.0
 11
71.3745426351
 21
142.5841452482
 31
0.0
  0
LINE
  5
45C
330
67
100
AcDbEntity
  8
DV1_Default
  6
Continuous
 62
     7
 48
25.4
100
AcDbLine
 10
71.5745426351
 20
144.5841452482
 30
0.0
 11
72.9745426351
 21
144.5841452482
 31
0.0
  0
LINE
  5
45D
330
67
100
AcDbEntity
  8
DV1_Default
  6
Continuous
 62
     7
 48
25.4
100
AcDbLine
 10
72.9745426351
 20
142.5841452482
 30
0.0
 11
71.5745426351
 21
142.5841452482
 31
0.0
  0
LINE
  5
45E
330
67
100
AcDbEntity
  8
DV1_Default
  6
Continuous
 62
     7
 48
25.4
100
AcDbLine
 10
71.5745426351
 20
142.5841452482
 30
0.0
 11
71.5745426351
 21
144.5841452482
 31
0.0
  0
LINE
  5
45F
330
67
100
AcDbEntity
  8
DV1_Default
  6
Continuous
 62
     7
 48
25.4
100
AcDbLine
 10
72.9745426351
 20
144.5841452482
 30
0.0
 11
72.9745426351
 21
142.5841452482
 31
0.0
  0
LINE
  5
460
330
67
100
AcDbEntity
  8
DV1_Default
  6
Continuous
 62
     7
 48
25.4
100
AcDbLine
 10
73.1745426351
 20
144.5841452482
 30
0.0
 11
74.5745426351
 21
144.5841452482
 31
0.0
  0
LINE
  5
461
330
67
100
AcDbEntity
  8
DV1_Default
  6
Continuous
 62
     7
 48
25.4
100
AcDbLine
 10
74.5745426351
 20
142.5841452482
 30
0.0
 11
73.1745426351
 21
142.5841452482
 31
0.0
  0
LINE
  5
462
330
67
100
AcDbEntity
  8
DV1_Default
  6
Continuous
 62
     7
 48
25.4
100
AcDbLine
 10
73.1745426351
 20
142.5841452482
 30
0.0
 11
73.1745426351
 21
144.5841452482
 31
0.0
  0
LINE
  5
463
330
67
100
AcDbEntity
  8
DV1_Default
  6
Continuous
 62
     7
 48
25.4
100
AcDbLine
 10
74.5745426351
 20
144.5841452482
 30
0.0
 11
74.5745426351
 21
142.5841452482
 31
0.0
  0
LINE
  5
464
330
67
100
AcDbEntity
  8
DV1_Default
  6
Continuous
 62
     7
 48
25.4
100
AcDbLine
 10
74.7745426351
 20
144.5841452482
 30
0.0
 11
76.1745426351
 21
144.5841452482
 31
0.0
  0
LINE
  5
465
330
67
100
AcDbEntity
  8
DV1_Default
  6
Continuous
 62
     7
 48
25.4
100
AcDbLine
 10
76.1745426351
 20
142.5841452482
 30
0.0
 11
74.7745426351
 21
142.5841452482
 31
0.0
  0
LINE
  5
466
330
67
100
AcDbEntity
  8
DV1_Default
  6
Continuous
 62
     7
 48
25.4
100
AcDbLine
 10
74.7745426351
 20
142.5841452482
 30
0.0
 11
74.7745426351
 21
144.5841452482
 31
0.0
  0
LINE
  5
467
330
67
100
AcDbEntity
  8
DV1_Default
  6
Continuous
 62
     7
 48
25.4
100
AcDbLine
 10
76.1745426351
 20
144.5841452482
 30
0.0
 11
76.1745426351
 21
142.5841452482
 31
0.0
  0
LINE
  5
468
330
67
100
AcDbEntity
  8
DV1_Default
  6
Continuous
 62
     7
 48
25.4
100
AcDbLine
 10
76.3745426351
 20
144.5841452482
 30
0.0
 11
77.7745426351
 21
144.5841452482
 31
0.0
  0
LINE
  5
469
330
67
100
AcDbEntity
  8
DV1_Default
  6
Continuous
 62
     7
 48
25.4
100
AcDbLine
 10
77.7745426351
 20
142.5841452482
 30
0.0
 11
76.3745426351
 21
142.5841452482
 31
0.0
  0
LINE
  5
46A
330
67
100
AcDbEntity
  8
DV1_Default
  6
Continuous
 62
     7
 48
25.4
100
AcDbLine
 10
76.3745426351
 20
142.5841452482
 30
0.0
 11
76.3745426351
 21
144.5841452482
 31
0.0
  0
LINE
  5
46B
330
67
100
AcDbEntity
  8
DV1_Default
  6
Continuous
 62
     7
 48
25.4
100
AcDbLine
 10
77.7745426351
 20
144.5841452482
 30
0.0
 11
77.7745426351
 21
142.5841452482
 31
0.0
  0
LINE
  5
46C
330
67
100
AcDbEntity
  8
DV1_Default
  6
Continuous
 62
     7
 48
25.4
100
AcDbLine
 10
77.9745426351
 20
144.5841452482
 30
0.0
 11
79.3745426351
 21
144.5841452482
 31
0.0
  0
LINE
  5
46D
330
67
100
AcDbEntity
  8
DV1_Default
  6
Continuous
 62
     7
 48
25.4
100
AcDbLine
 10
79.3745426351
 20
142.5841452482
 30
0.0
 11
77.9745426351
 21
142.5841452482
 31
0.0
  0
LINE
  5
46E
330
67
100
AcDbEntity
  8
DV1_Default
  6
Continuous
 62
     7
 48
25.4
100
AcDbLine
 10
77.9745426351
 20
142.5841452482
 30
0.0
 11
77.9745426351
 21
144.5841452482
 31
0.0
  0
LINE
  5
46F
330
67
100
AcDbEntity
  8
DV1_Default
  6
Continuous
 62
     7
 48
25.4
100
AcDbLine
 10
79.3745426351
 20
144.5841452482
 30
0.0
 11
79.3745426351
 21
142.5841452482
 31
0.0
  0
LINE
  5
470
330
67
100
AcDbEntity
  8
DV1_Default
  6
Continuous
 62
     7
 48
25.4
100
AcDbLine
 10
79.5745426351
 20
144.5841452482
 30
0.0
 11
80.9745426351
 21
144.5841452482
 31
0.0
  0
LINE
  5
471
330
67
100
AcDbEntity
  8
DV1_Default
  6
Continuous
 62
     7
 48
25.4
100
AcDbLine
 10
80.9745426351
 20
142.5841452482
 30
0.0
 11
79.5745426351
 21
142.5841452482
 31
0.0
  0
LINE
  5
472
330
67
100
AcDbEntity
  8
DV1_Default
  6
Continuous
 62
     7
 48
25.4
100
AcDbLine
 10
79.5745426351
 20
142.5841452482
 30
0.0
 11
79.5745426351
 21
144.5841452482
 31
0.0
  0
LINE
  5
473
330
67
100
AcDbEntity
  8
DV1_Default
  6
Continuous
 62
     7
 48
25.4
100
AcDbLine
 10
80.9745426351
 20
144.5841452482
 30
0.0
 11
80.9745426351
 21
142.5841452482
 31
0.0
  0
LINE
  5
474
330
67
100
AcDbEntity
  8
DV1_Default
  6
Continuous
 62
     7
 48
25.4
100
AcDbLine
 10
81.1745426351
 20
144.5841452482
 30
0.0
 11
82.5745426351
 21
144.5841452482
 31
0.0
  0
LINE
  5
475
330
67
100
AcDbEntity
  8
DV1_Default
  6
Continuous
 62
     7
 48
25.4
100
AcDbLine
 10
82.5745426351
 20
142.5841452482
 30
0.0
 11
81.1745426351
 21
142.5841452482
 31
0.0
  0
LINE
  5
476
330
67
100
AcDbEntity
  8
DV1_Default
  6
Continuous
 62
     7
 48
25.4
100
AcDbLine
 10
81.1745426351
 20
142.5841452482
 30
0.0
 11
81.1745426351
 21
144.5841452482
 31
0.0
  0
LINE
  5
477
330
67
100
AcDbEntity
  8
DV1_Default
  6
Continuous
 62
     7
 48
25.4
100
AcDbLine
 10
82.5745426351
 20
144.5841452482
 30
0.0
 11
82.5745426351
 21
142.5841452482
 31
0.0
  0
LINE
  5
478
330
67
100
AcDbEntity
  8
DV1_Default
  6
Continuous
 62
     7
 48
25.4
100
AcDbLine
 10
82.7745426351
 20
144.5841452482
 30
0.0
 11
84.1745426351
 21
144.5841452482
 31
0.0
  0
LINE
  5
479
330
67
100
AcDbEntity
  8
DV1_Default
  6
Continuous
 62
     7
 48
25.4
100
AcDbLine
 10
84.1745426351
 20
142.5841452482
 30
0.0
 11
82.7745426351
 21
142.5841452482
 31
0.0
  0
LINE
  5
47A
330
67
100
AcDbEntity
  8
DV1_Default
  6
Continuous
 62
     7
 48
25.4
100
AcDbLine
 10
82.7745426351
 20
142.5841452482
 30
0.0
 11
82.7745426351
 21
144.5841452482
 31
0.0
  0
LINE
  5
47B
330
67
100
AcDbEntity
  8
DV1_Default
  6
Continuous
 62
     7
 48
25.4
100
AcDbLine
 10
84.1745426351
 20
144.5841452482
 30
0.0
 11
84.1745426351
 21
142.5841452482
 31
0.0
  0
LINE
  5
47C
330
67
100
AcDbEntity
  8
DV1_Default
  6
Continuous
 62
     7
 48
25.4
100
AcDbLine
 10
84.3745426351
 20
144.5841452482
 30
0.0
 11
85.7745426351
 21
144.5841452482
 31
0.0
  0
LINE
  5
47D
330
67
100
AcDbEntity
  8
DV1_Default
  6
Continuous
 62
     7
 48
25.4
100
AcDbLine
 10
85.7745426351
 20
142.5841452482
 30
0.0
 11
84.3745426351
 21
142.5841452482
 31
0.0
  0
LINE
  5
47E
330
67
100
AcDbEntity
  8
DV1_Default
  6
Continuous
 62
     7
 48
25.4
100
AcDbLine
 10
84.3745426351
 20
142.5841452482
 30
0.0
 11
84.3745426351
 21
144.5841452482
 31
0.0
  0
LINE
  5
47F
330
67
100
AcDbEntity
  8
DV1_Default
  6
Continuous
 62
     7
 48
25.4
100
AcDbLine
 10
85.7745426351
 20
144.5841452482
 30
0.0
 11
85.7745426351
 21
142.5841452482
 31
0.0
  0
LINE
  5
480
330
67
100
AcDbEntity
  8
DV1_Default
  6
Continuous
 62
     7
 48
25.4
100
AcDbLine
 10
85.9745426351
 20
144.5841452482
 30
0.0
 11
87.3745426351
 21
144.5841452482
 31
0.0
  0
LINE
  5
481
330
67
100
AcDbEntity
  8
DV1_Default
  6
Continuous
 62
     7
 48
25.4
100
AcDbLine
 10
87.3745426351
 20
142.5841452482
 30
0.0
 11
85.9745426351
 21
142.5841452482
 31
0.0
  0
LINE
  5
482
330
67
100
AcDbEntity
  8
DV1_Default
  6
Continuous
 62
     7
 48
25.4
100
AcDbLine
 10
85.9745426351
 20
142.5841452482
 30
0.0
 11
85.9745426351
 21
144.5841452482
 31
0.0
  0
LINE
  5
483
330
67
100
AcDbEntity
  8
DV1_Default
  6
Continuous
 62
     7
 48
25.4
100
AcDbLine
 10
87.3745426351
 20
144.5841452482
 30
0.0
 11
87.3745426351
 21
142.5841452482
 31
0.0
  0
LINE
  5
484
330
67
100
AcDbEntity
  8
DV1_Default
  6
Continuous
 62
     7
 48
25.4
100
AcDbLine
 10
87.5745426351
 20
144.5841452482
 30
0.0
 11
88.9745426351
 21
144.5841452482
 31
0.0
  0
LINE
  5
485
330
67
100
AcDbEntity
  8
DV1_Default
  6
Continuous
 62
     7
 48
25.4
100
AcDbLine
 10
88.9745426351
 20
142.5841452482
 30
0.0
 11
87.5745426351
 21
142.5841452482
 31
0.0
  0
LINE
  5
486
330
67
100
AcDbEntity
  8
DV1_Default
  6
Continuous
 62
     7
 48
25.4
100
AcDbLine
 10
87.5745426351
 20
142.5841452482
 30
0.0
 11
87.5745426351
 21
144.5841452482
 31
0.0
  0
LINE
  5
487
330
67
100
AcDbEntity
  8
DV1_Default
  6
Continuous
 62
     7
 48
25.4
100
AcDbLine
 10
88.9745426351
 20
144.5841452482
 30
0.0
 11
88.9745426351
 21
142.5841452482
 31
0.0
  0
LINE
  5
488
330
67
100
AcDbEntity
  8
DV1_Default
  6
Continuous
 62
     7
 48
25.4
100
AcDbLine
 10
89.1745426351
 20
144.5841452482
 30
0.0
 11
90.5745426351
 21
144.5841452482
 31
0.0
  0
LINE
  5
489
330
67
100
AcDbEntity
  8
DV1_Default
  6
Continuous
 62
     7
 48
25.4
100
AcDbLine
 10
90.5745426351
 20
142.5841452482
 30
0.0
 11
89.1745426351
 21
142.5841452482
 31
0.0
  0
LINE
  5
48A
330
67
100
AcDbEntity
  8
DV1_Default
  6
Continuous
 62
     7
 48
25.4
100
AcDbLine
 10
89.1745426351
 20
142.5841452482
 30
0.0
 11
89.1745426351
 21
144.5841452482
 31
0.0
  0
LINE
  5
48B
330
67
100
AcDbEntity
  8
DV1_Default
  6
Continuous
 62
     7
 48
25.4
100
AcDbLine
 10
90.5745426351
 20
144.5841452482
 30
0.0
 11
90.5745426351
 21
142.5841452482
 31
0.0
  0
LINE
  5
48C
330
67
100
AcDbEntity
  8
DV1_Default
  6
Continuous
 62
     7
 48
25.4
100
AcDbLine
 10
90.7745426351
 20
144.5841452482
 30
0.0
 11
92.1745426351
 21
144.5841452482
 31
0.0
  0
LINE
  5
48D
330
67
100
AcDbEntity
  8
DV1_Default
  6
Continuous
 62
     7
 48
25.4
100
AcDbLine
 10
92.1745426351
 20
142.5841452482
 30
0.0
 11
90.7745426351
 21
142.5841452482
 31
0.0
  0
LINE
  5
48E
330
67
100
AcDbEntity
  8
DV1_Default
  6
Continuous
 62
     7
 48
25.4
100
AcDbLine
 10
90.7745426351
 20
142.5841452482
 30
0.0
 11
90.7745426351
 21
144.5841452482
 31
0.0
  0
LINE
  5
48F
330
67
100
AcDbEntity
  8
DV1_Default
  6
Continuous
 62
     7
 48
25.4
100
AcDbLine
 10
92.1745426351
 20
144.5841452482
 30
0.0
 11
92.1745426351
 21
142.5841452482
 31
0.0
  0
LINE
  5
490
330
67
100
AcDbEntity
  8
DV1_Default
  6
Continuous
 62
     7
 48
25.4
100
AcDbLine
 10
92.3745426351
 20
144.5841452482
 30
0.0
 11
93.7745426351
 21
144.5841452482
 31
0.0
  0
LINE
  5
491
330
67
100
AcDbEntity
  8
DV1_Default
  6
Continuous
 62
     7
 48
25.4
100
AcDbLine
 10
93.7745426351
 20
142.5841452482
 30
0.0
 11
92.3745426351
 21
142.5841452482
 31
0.0
  0
LINE
  5
492
330
67
100
AcDbEntity
  8
DV1_Default
  6
Continuous
 62
     7
 48
25.4
100
AcDbLine
 10
92.3745426351
 20
142.5841452482
 30
0.0
 11
92.3745426351
 21
144.5841452482
 31
0.0
  0
LINE
  5
493
330
67
100
AcDbEntity
  8
DV1_Default
  6
Continuous
 62
     7
 48
25.4
100
AcDbLine
 10
93.7745426351
 20
144.5841452482
 30
0.0
 11
93.7745426351
 21
142.5841452482
 31
0.0
  0
LINE
  5
494
330
67
100
AcDbEntity
  8
DV1_Default
  6
Continuous
 62
     7
 48
25.4
100
AcDbLine
 10
57.1745426351
 20
146.9841452482
 30
0.0
 11
58.5745426351
 21
146.9841452482
 31
0.0
  0
LINE
  5
495
330
67
100
AcDbEntity
  8
DV1_Default
  6
Continuous
 62
     7
 48
25.4
100
AcDbLine
 10
58.5745426351
 20
144.9841452482
 30
0.0
 11
57.1745426351
 21
144.9841452482
 31
0.0
  0
LINE
  5
496
330
67
100
AcDbEntity
  8
DV1_Default
  6
Continuous
 62
     7
 48
25.4
100
AcDbLine
 10
57.1745426351
 20
144.9841452482
 30
0.0
 11
57.1745426351
 21
146.9841452482
 31
0.0
  0
LINE
  5
497
330
67
100
AcDbEntity
  8
DV1_Default
  6
Continuous
 62
     7
 48
25.4
100
AcDbLine
 10
58.5745426351
 20
146.9841452482
 30
0.0
 11
58.5745426351
 21
144.9841452482
 31
0.0
  0
LINE
  5
498
330
67
100
AcDbEntity
  8
DV1_Default
  6
Continuous
 62
     7
 48
25.4
100
AcDbLine
 10
58.7745426351
 20
146.9841452482
 30
0.0
 11
60.1745426351
 21
146.9841452482
 31
0.0
  0
LINE
  5
499
330
67
100
AcDbEntity
  8
DV1_Default
  6
Continuous
 62
     7
 48
25.4
100
AcDbLine
 10
60.1745426351
 20
144.9841452482
 30
0.0
 11
58.7745426351
 21
144.9841452482
 31
0.0
  0
LINE
  5
49A
330
67
100
AcDbEntity
  8
DV1_Default
  6
Continuous
 62
     7
 48
25.4
100
AcDbLine
 10
58.7745426351
 20
144.9841452482
 30
0.0
 11
58.7745426351
 21
146.9841452482
 31
0.0
  0
LINE
  5
49B
330
67
100
AcDbEntity
  8
DV1_Default
  6
Continuous
 62
     7
 48
25.4
100
AcDbLine
 10
60.1745426351
 20
146.9841452482
 30
0.0
 11
60.1745426351
 21
144.9841452482
 31
0.0
  0
LINE
  5
49C
330
67
100
AcDbEntity
  8
DV1_Default
  6
Continuous
 62
     7
 48
25.4
100
AcDbLine
 10
60.3745426351
 20
146.9841452482
 30
0.0
 11
61.7745426351
 21
146.9841452482
 31
0.0
  0
LINE
  5
49D
330
67
100
AcDbEntity
  8
DV1_Default
  6
Continuous
 62
     7
 48
25.4
100
AcDbLine
 10
61.7745426351
 20
144.9841452482
 30
0.0
 11
60.3745426351
 21
144.9841452482
 31
0.0
  0
LINE
  5
49E
330
67
100
AcDbEntity
  8
DV1_Default
  6
Continuous
 62
     7
 48
25.4
100
AcDbLine
 10
60.3745426351
 20
144.9841452482
 30
0.0
 11
60.3745426351
 21
146.9841452482
 31
0.0
  0
LINE
  5
49F
330
67
100
AcDbEntity
  8
DV1_Default
  6
Continuous
 62
     7
 48
25.4
100
AcDbLine
 10
61.7745426351
 20
146.9841452482
 30
0.0
 11
61.7745426351
 21
144.9841452482
 31
0.0
  0
LINE
  5
4A0
330
67
100
AcDbEntity
  8
DV1_Default
  6
Continuous
 62
     7
 48
25.4
100
AcDbLine
 10
61.9745426351
 20
146.9841452482
 30
0.0
 11
63.3745426351
 21
146.9841452482
 31
0.0
  0
LINE
  5
4A1
330
67
100
AcDbEntity
  8
DV1_Default
  6
Continuous
 62
     7
 48
25.4
100
AcDbLine
 10
63.3745426351
 20
144.9841452482
 30
0.0
 11
61.9745426351
 21
144.9841452482
 31
0.0
  0
LINE
  5
4A2
330
67
100
AcDbEntity
  8
DV1_Default
  6
Continuous
 62
     7
 48
25.4
100
AcDbLine
 10
61.9745426351
 20
144.9841452482
 30
0.0
 11
61.9745426351
 21
146.9841452482
 31
0.0
  0
LINE
  5
4A3
330
67
100
AcDbEntity
  8
DV1_Default
  6
Continuous
 62
     7
 48
25.4
100
AcDbLine
 10
63.3745426351
 20
146.9841452482
 30
0.0
 11
63.3745426351
 21
144.9841452482
 31
0.0
  0
LINE
  5
4A4
330
67
100
AcDbEntity
  8
DV1_Default
  6
Continuous
 62
     7
 48
25.4
100
AcDbLine
 10
63.5745426351
 20
146.9841452482
 30
0.0
 11
64.9745426351
 21
146.9841452482
 31
0.0
  0
LINE
  5
4A5
330
67
100
AcDbEntity
  8
DV1_Default
  6
Continuous
 62
     7
 48
25.4
100
AcDbLine
 10
64.9745426351
 20
144.9841452482
 30
0.0
 11
63.5745426351
 21
144.9841452482
 31
0.0
  0
LINE
  5
4A6
330
67
100
AcDbEntity
  8
DV1_Default
  6
Continuous
 62
     7
 48
25.4
100
AcDbLine
 10
63.5745426351
 20
144.9841452482
 30
0.0
 11
63.5745426351
 21
146.9841452482
 31
0.0
  0
LINE
  5
4A7
330
67
100
AcDbEntity
  8
DV1_Default
  6
Continuous
 62
     7
 48
25.4
100
AcDbLine
 10
64.9745426351
 20
146.9841452482
 30
0.0
 11
64.9745426351
 21
144.9841452482
 31
0.0
  0
LINE
  5
4A8
330
67
100
AcDbEntity
  8
DV1_Default
  6
Continuous
 62
     7
 48
25.4
100
AcDbLine
 10
65.1745426351
 20
146.9841452482
 30
0.0
 11
66.5745426351
 21
146.9841452482
 31
0.0
  0
LINE
  5
4A9
330
67
100
AcDbEntity
  8
DV1_Default
  6
Continuous
 62
     7
 48
25.4
100
AcDbLine
 10
66.5745426351
 20
144.9841452482
 30
0.0
 11
65.1745426351
 21
144.9841452482
 31
0.0
  0
LINE
  5
4AA
330
67
100
AcDbEntity
  8
DV1_Default
  6
Continuous
 62
     7
 48
25.4
100
AcDbLine
 10
65.1745426351
 20
144.9841452482
 30
0.0
 11
65.1745426351
 21
146.9841452482
 31
0.0
  0
LINE
  5
4AB
330
67
100
AcDbEntity
  8
DV1_Default
  6
Continuous
 62
     7
 48
25.4
100
AcDbLine
 10
66.5745426351
 20
146.9841452482
 30
0.0
 11
66.5745426351
 21
144.9841452482
 31
0.0
  0
LINE
  5
4AC
330
67
100
AcDbEntity
  8
DV1_Default
  6
Continuous
 62
     7
 48
25.4
100
AcDbLine
 10
66.7745426351
 20
146.9841452482
 30
0.0
 11
68.1745426351
 21
146.9841452482
 31
0.0
  0
LINE
  5
4AD
330
67
100
AcDbEntity
  8
DV1_Default
  6
Continuous
 62
     7
 48
25.4
100
AcDbLine
 10
68.1745426351
 20
144.9841452482
 30
0.0
 11
66.7745426351
 21
144.9841452482
 31
0.0
  0
LINE
  5
4AE
330
67
100
AcDbEntity
  8
DV1_Default
  6
Continuous
 62
     7
 48
25.4
100
AcDbLine
 10
66.7745426351
 20
144.9841452482
 30
0.0
 11
66.7745426351
 21
146.9841452482
 31
0.0
  0
LINE
  5
4AF
330
67
100
AcDbEntity
  8
DV1_Default
  6
Continuous
 62
     7
 48
25.4
100
AcDbLine
 10
68.1745426351
 20
146.9841452482
 30
0.0
 11
68.1745426351
 21
144.9841452482
 31
0.0
  0
LINE
  5
4B0
330
67
100
AcDbEntity
  8
DV1_Default
  6
Continuous
 62
     7
 48
25.4
100
AcDbLine
 10
68.3745426351
 20
146.9841452482
 30
0.0
 11
69.7745426351
 21
146.9841452482
 31
0.0
  0
LINE
  5
4B1
330
67
100
AcDbEntity
  8
DV1_Default
  6
Continuous
 62
     7
 48
25.4
100
AcDbLine
 10
69.7745426351
 20
144.9841452482
 30
0.0
 11
68.3745426351
 21
144.9841452482
 31
0.0
  0
LINE
  5
4B2
330
67
100
AcDbEntity
  8
DV1_Default
  6
Continuous
 62
     7
 48
25.4
100
AcDbLine
 10
68.3745426351
 20
144.9841452482
 30
0.0
 11
68.3745426351
 21
146.9841452482
 31
0.0
  0
LINE
  5
4B3
330
67
100
AcDbEntity
  8
DV1_Default
  6
Continuous
 62
     7
 48
25.4
100
AcDbLine
 10
69.7745426351
 20
146.9841452482
 30
0.0
 11
69.7745426351
 21
144.9841452482
 31
0.0
  0
LINE
  5
4B4
330
67
100
AcDbEntity
  8
DV1_Default
  6
Continuous
 62
     7
 48
25.4
100
AcDbLine
 10
69.9745426351
 20
146.9841452482
 30
0.0
 11
71.3745426351
 21
146.9841452482
 31
0.0
  0
LINE
  5
4B5
330
67
100
AcDbEntity
  8
DV1_Default
  6
Continuous
 62
     7
 48
25.4
100
AcDbLine
 10
71.3745426351
 20
144.9841452482
 30
0.0
 11
69.9745426351
 21
144.9841452482
 31
0.0
  0
LINE
  5
4B6
330
67
100
AcDbEntity
  8
DV1_Default
  6
Continuous
 62
     7
 48
25.4
100
AcDbLine
 10
69.9745426351
 20
144.9841452482
 30
0.0
 11
69.9745426351
 21
146.9841452482
 31
0.0
  0
LINE
  5
4B7
330
67
100
AcDbEntity
  8
DV1_Default
  6
Continuous
 62
     7
 48
25.4
100
AcDbLine
 10
71.3745426351
 20
146.9841452482
 30
0.0
 11
71.3745426351
 21
144.9841452482
 31
0.0
  0
LINE
  5
4B8
330
67
100
AcDbEntity
  8
DV1_Default
  6
Continuous
 62
     7
 48
25.4
100
AcDbLine
 10
71.5745426351
 20
146.9841452482
 30
0.0
 11
72.9745426351
 21
146.9841452482
 31
0.0
  0
LINE
  5
4B9
330
67
100
AcDbEntity
  8
DV1_Default
  6
Continuous
 62
     7
 48
25.4
100
AcDbLine
 10
72.9745426351
 20
144.9841452482
 30
0.0
 11
71.5745426351
 21
144.9841452482
 31
0.0
  0
LINE
  5
4BA
330
67
100
AcDbEntity
  8
DV1_Default
  6
Continuous
 62
     7
 48
25.4
100
AcDbLine
 10
71.5745426351
 20
144.9841452482
 30
0.0
 11
71.5745426351
 21
146.9841452482
 31
0.0
  0
LINE
  5
4BB
330
67
100
AcDbEntity
  8
DV1_Default
  6
Continuous
 62
     7
 48
25.4
100
AcDbLine
 10
72.9745426351
 20
146.9841452482
 30
0.0
 11
72.9745426351
 21
144.9841452482
 31
0.0
  0
LINE
  5
4BC
330
67
100
AcDbEntity
  8
DV1_Default
  6
Continuous
 62
     7
 48
25.4
100
AcDbLine
 10
73.1745426351
 20
146.9841452482
 30
0.0
 11
74.5745426351
 21
146.9841452482
 31
0.0
  0
LINE
  5
4BD
330
67
100
AcDbEntity
  8
DV1_Default
  6
Continuous
 62
     7
 48
25.4
100
AcDbLine
 10
74.5745426351
 20
144.9841452482
 30
0.0
 11
73.1745426351
 21
144.9841452482
 31
0.0
  0
LINE
  5
4BE
330
67
100
AcDbEntity
  8
DV1_Default
  6
Continuous
 62
     7
 48
25.4
100
AcDbLine
 10
73.1745426351
 20
144.9841452482
 30
0.0
 11
73.1745426351
 21
146.9841452482
 31
0.0
  0
LINE
  5
4BF
330
67
100
AcDbEntity
  8
DV1_Default
  6
Continuous
 62
     7
 48
25.4
100
AcDbLine
 10
74.5745426351
 20
146.9841452482
 30
0.0
 11
74.5745426351
 21
144.9841452482
 31
0.0
  0
LINE
  5
4C0
330
67
100
AcDbEntity
  8
DV1_Default
  6
Continuous
 62
     7
 48
25.4
100
AcDbLine
 10
74.7745426351
 20
146.9841452482
 30
0.0
 11
76.1745426351
 21
146.9841452482
 31
0.0
  0
LINE
  5
4C1
330
67
100
AcDbEntity
  8
DV1_Default
  6
Continuous
 62
     7
 48
25.4
100
AcDbLine
 10
76.1745426351
 20
144.9841452482
 30
0.0
 11
74.7745426351
 21
144.9841452482
 31
0.0
  0
LINE
  5
4C2
330
67
100
AcDbEntity
  8
DV1_Default
  6
Continuous
 62
     7
 48
25.4
100
AcDbLine
 10
74.7745426351
 20
144.9841452482
 30
0.0
 11
74.7745426351
 21
146.9841452482
 31
0.0
  0
LINE
  5
4C3
330
67
100
AcDbEntity
  8
DV1_Default
  6
Continuous
 62
     7
 48
25.4
100
AcDbLine
 10
76.1745426351
 20
146.9841452482
 30
0.0
 11
76.1745426351
 21
144.9841452482
 31
0.0
  0
LINE
  5
4C4
330
67
100
AcDbEntity
  8
DV1_Default
  6
Continuous
 62
     7
 48
25.4
100
AcDbLine
 10
76.3745426351
 20
146.9841452482
 30
0.0
 11
77.7745426351
 21
146.9841452482
 31
0.0
  0
LINE
  5
4C5
330
67
100
AcDbEntity
  8
DV1_Default
  6
Continuous
 62
     7
 48
25.4
100
AcDbLine
 10
77.7745426351
 20
144.9841452482
 30
0.0
 11
76.3745426351
 21
144.9841452482
 31
0.0
  0
LINE
  5
4C6
330
67
100
AcDbEntity
  8
DV1_Default
  6
Continuous
 62
     7
 48
25.4
100
AcDbLine
 10
76.3745426351
 20
144.9841452482
 30
0.0
 11
76.3745426351
 21
146.9841452482
 31
0.0
  0
LINE
  5
4C7
330
67
100
AcDbEntity
  8
DV1_Default
  6
Continuous
 62
     7
 48
25.4
100
AcDbLine
 10
77.7745426351
 20
146.9841452482
 30
0.0
 11
77.7745426351
 21
144.9841452482
 31
0.0
  0
LINE
  5
4C8
330
67
100
AcDbEntity
  8
DV1_Default
  6
Continuous
 62
     7
 48
25.4
100
AcDbLine
 10
77.9745426351
 20
146.9841452482
 30
0.0
 11
79.3745426351
 21
146.9841452482
 31
0.0
  0
LINE
  5
4C9
330
67
100
AcDbEntity
  8
DV1_Default
  6
Continuous
 62
     7
 48
25.4
100
AcDbLine
 10
79.3745426351
 20
144.9841452482
 30
0.0
 11
77.9745426351
 21
144.9841452482
 31
0.0
  0
LINE
  5
4CA
330
67
100
AcDbEntity
  8
DV1_Default
  6
Continuous
 62
     7
 48
25.4
100
AcDbLine
 10
77.9745426351
 20
144.9841452482
 30
0.0
 11
77.9745426351
 21
146.9841452482
 31
0.0
  0
LINE
  5
4CB
330
67
100
AcDbEntity
  8
DV1_Default
  6
Continuous
 62
     7
 48
25.4
100
AcDbLine
 10
79.3745426351
 20
146.9841452482
 30
0.0
 11
79.3745426351
 21
144.9841452482
 31
0.0
  0
LINE
  5
4CC
330
67
100
AcDbEntity
  8
DV1_Default
  6
Continuous
 62
     7
 48
25.4
100
AcDbLine
 10
79.5745426351
 20
146.9841452482
 30
0.0
 11
80.9745426351
 21
146.9841452482
 31
0.0
  0
LINE
  5
4CD
330
67
100
AcDbEntity
  8
DV1_Default
  6
Continuous
 62
     7
 48
25.4
100
AcDbLine
 10
80.9745426351
 20
144.9841452482
 30
0.0
 11
79.5745426351
 21
144.9841452482
 31
0.0
  0
LINE
  5
4CE
330
67
100
AcDbEntity
  8
DV1_Default
  6
Continuous
 62
     7
 48
25.4
100
AcDbLine
 10
79.5745426351
 20
144.9841452482
 30
0.0
 11
79.5745426351
 21
146.9841452482
 31
0.0
  0
LINE
  5
4CF
330
67
100
AcDbEntity
  8
DV1_Default
  6
Continuous
 62
     7
 48
25.4
100
AcDbLine
 10
80.9745426351
 20
146.9841452482
 30
0.0
 11
80.9745426351
 21
144.9841452482
 31
0.0
  0
LINE
  5
4D0
330
67
100
AcDbEntity
  8
DV1_Default
  6
Continuous
 62
     7
 48
25.4
100
AcDbLine
 10
81.1745426351
 20
146.9841452482
 30
0.0
 11
82.5745426351
 21
146.9841452482
 31
0.0
  0
LINE
  5
4D1
330
67
100
AcDbEntity
  8
DV1_Default
  6
Continuous
 62
     7
 48
25.4
100
AcDbLine
 10
82.5745426351
 20
144.9841452482
 30
0.0
 11
81.1745426351
 21
144.9841452482
 31
0.0
  0
LINE
  5
4D2
330
67
100
AcDbEntity
  8
DV1_Default
  6
Continuous
 62
     7
 48
25.4
100
AcDbLine
 10
81.1745426351
 20
144.9841452482
 30
0.0
 11
81.1745426351
 21
146.9841452482
 31
0.0
  0
LINE
  5
4D3
330
67
100
AcDbEntity
  8
DV1_Default
  6
Continuous
 62
     7
 48
25.4
100
AcDbLine
 10
82.5745426351
 20
146.9841452482
 30
0.0
 11
82.5745426351
 21
144.9841452482
 31
0.0
  0
LINE
  5
4D4
330
67
100
AcDbEntity
  8
DV1_Default
  6
Continuous
 62
     7
 48
25.4
100
AcDbLine
 10
82.7745426351
 20
146.9841452482
 30
0.0
 11
84.1745426351
 21
146.9841452482
 31
0.0
  0
LINE
  5
4D5
330
67
100
AcDbEntity
  8
DV1_Default
  6
Continuous
 62
     7
 48
25.4
100
AcDbLine
 10
84.1745426351
 20
144.9841452482
 30
0.0
 11
82.7745426351
 21
144.9841452482
 31
0.0
  0
LINE
  5
4D6
330
67
100
AcDbEntity
  8
DV1_Default
  6
Continuous
 62
     7
 48
25.4
100
AcDbLine
 10
82.7745426351
 20
144.9841452482
 30
0.0
 11
82.7745426351
 21
146.9841452482
 31
0.0
  0
LINE
  5
4D7
330
67
100
AcDbEntity
  8
DV1_Default
  6
Continuous
 62
     7
 48
25.4
100
AcDbLine
 10
84.1745426351
 20
146.9841452482
 30
0.0
 11
84.1745426351
 21
144.9841452482
 31
0.0
  0
LINE
  5
4D8
330
67
100
AcDbEntity
  8
DV1_Default
  6
Continuous
 62
     7
 48
25.4
100
AcDbLine
 10
84.3745426351
 20
146.9841452482
 30
0.0
 11
85.7745426351
 21
146.9841452482
 31
0.0
  0
LINE
  5
4D9
330
67
100
AcDbEntity
  8
DV1_Default
  6
Continuous
 62
     7
 48
25.4
100
AcDbLine
 10
85.7745426351
 20
144.9841452482
 30
0.0
 11
84.3745426351
 21
144.9841452482
 31
0.0
  0
LINE
  5
4DA
330
67
100
AcDbEntity
  8
DV1_Default
  6
Continuous
 62
     7
 48
25.4
100
AcDbLine
 10
84.3745426351
 20
144.9841452482
 30
0.0
 11
84.3745426351
 21
146.9841452482
 31
0.0
  0
LINE
  5
4DB
330
67
100
AcDbEntity
  8
DV1_Default
  6
Continuous
 62
     7
 48
25.4
100
AcDbLine
 10
85.7745426351
 20
146.9841452482
 30
0.0
 11
85.7745426351
 21
144.9841452482
 31
0.0
  0
LINE
  5
4DC
330
67
100
AcDbEntity
  8
DV1_Default
  6
Continuous
 62
     7
 48
25.4
100
AcDbLine
 10
85.9745426351
 20
146.9841452482
 30
0.0
 11
87.3745426351
 21
146.9841452482
 31
0.0
  0
LINE
  5
4DD
330
67
100
AcDbEntity
  8
DV1_Default
  6
Continuous
 62
     7
 48
25.4
100
AcDbLine
 10
87.3745426351
 20
144.9841452482
 30
0.0
 11
85.9745426351
 21
144.9841452482
 31
0.0
  0
LINE
  5
4DE
330
67
100
AcDbEntity
  8
DV1_Default
  6
Continuous
 62
     7
 48
25.4
100
AcDbLine
 10
85.9745426351
 20
144.9841452482
 30
0.0
 11
85.9745426351
 21
146.9841452482
 31
0.0
  0
LINE
  5
4DF
330
67
100
AcDbEntity
  8
DV1_Default
  6
Continuous
 62
     7
 48
25.4
100
AcDbLine
 10
87.3745426351
 20
146.9841452482
 30
0.0
 11
87.3745426351
 21
144.9841452482
 31
0.0
  0
LINE
  5
4E0
330
67
100
AcDbEntity
  8
DV1_Default
  6
Continuous
 62
     7
 48
25.4
100
AcDbLine
 10
87.5745426351
 20
146.9841452482
 30
0.0
 11
88.9745426351
 21
146.9841452482
 31
0.0
  0
LINE
  5
4E1
330
67
100
AcDbEntity
  8
DV1_Default
  6
Continuous
 62
     7
 48
25.4
100
AcDbLine
 10
88.9745426351
 20
144.9841452482
 30
0.0
 11
87.5745426351
 21
144.9841452482
 31
0.0
  0
LINE
  5
4E2
330
67
100
AcDbEntity
  8
DV1_Default
  6
Continuous
 62
     7
 48
25.4
100
AcDbLine
 10
87.5745426351
 20
144.9841452482
 30
0.0
 11
87.5745426351
 21
146.9841452482
 31
0.0
  0
LINE
  5
4E3
330
67
100
AcDbEntity
  8
DV1_Default
  6
Continuous
 62
     7
 48
25.4
100
AcDbLine
 10
88.9745426351
 20
146.9841452482
 30
0.0
 11
88.9745426351
 21
144.9841452482
 31
0.0
  0
LINE
  5
4E4
330
67
100
AcDbEntity
  8
DV1_Default
  6
Continuous
 62
     7
 48
25.4
100
AcDbLine
 10
89.1745426351
 20
146.9841452482
 30
0.0
 11
90.5745426351
 21
146.9841452482
 31
0.0
  0
LINE
  5
4E5
330
67
100
AcDbEntity
  8
DV1_Default
  6
Continuous
 62
     7
 48
25.4
100
AcDbLine
 10
90.5745426351
 20
144.9841452482
 30
0.0
 11
89.1745426351
 21
144.9841452482
 31
0.0
  0
LINE
  5
4E6
330
67
100
AcDbEntity
  8
DV1_Default
  6
Continuous
 62
     7
 48
25.4
100
AcDbLine
 10
89.1745426351
 20
144.9841452482
 30
0.0
 11
89.1745426351
 21
146.9841452482
 31
0.0
  0
LINE
  5
4E7
330
67
100
AcDbEntity
  8
DV1_Default
  6
Continuous
 62
     7
 48
25.4
100
AcDbLine
 10
90.5745426351
 20
146.9841452482
 30
0.0
 11
90.5745426351
 21
144.9841452482
 31
0.0
  0
LINE
  5
4E8
330
67
100
AcDbEntity
  8
DV1_Default
  6
Continuous
 62
     7
 48
25.4
100
AcDbLine
 10
90.7745426351
 20
146.9841452482
 30
0.0
 11
92.1745426351
 21
146.9841452482
 31
0.0
  0
LINE
  5
4E9
330
67
100
AcDbEntity
  8
DV1_Default
  6
Continuous
 62
     7
 48
25.4
100
AcDbLine
 10
92.1745426351
 20
144.9841452482
 30
0.0
 11
90.7745426351
 21
144.9841452482
 31
0.0
  0
LINE
  5
4EA
330
67
100
AcDbEntity
  8
DV1_Default
  6
Continuous
 62
     7
 48
25.4
100
AcDbLine
 10
90.7745426351
 20
144.9841452482
 30
0.0
 11
90.7745426351
 21
146.9841452482
 31
0.0
  0
LINE
  5
4EB
330
67
100
AcDbEntity
  8
DV1_Default
  6
Continuous
 62
     7
 48
25.4
100
AcDbLine
 10
92.1745426351
 20
146.9841452482
 30
0.0
 11
92.1745426351
 21
144.9841452482
 31
0.0
  0
LINE
  5
4EC
330
67
100
AcDbEntity
  8
DV1_Default
  6
Continuous
 62
     7
 48
25.4
100
AcDbLine
 10
92.3745426351
 20
146.9841452482
 30
0.0
 11
93.7745426351
 21
146.9841452482
 31
0.0
  0
LINE
  5
4ED
330
67
100
AcDbEntity
  8
DV1_Default
  6
Continuous
 62
     7
 48
25.4
100
AcDbLine
 10
93.7745426351
 20
144.9841452482
 30
0.0
 11
92.3745426351
 21
144.9841452482
 31
0.0
  0
LINE
  5
4EE
330
67
100
AcDbEntity
  8
DV1_Default
  6
Continuous
 62
     7
 48
25.4
100
AcDbLine
 10
92.3745426351
 20
144.9841452482
 30
0.0
 11
92.3745426351
 21
146.9841452482
 31
0.0
  0
LINE
  5
4EF
330
67
100
AcDbEntity
  8
DV1_Default
  6
Continuous
 62
     7
 48
25.4
100
AcDbLine
 10
93.7745426351
 20
146.9841452482
 30
0.0
 11
93.7745426351
 21
144.9841452482
 31
0.0
  0
LINE
  5
4F0
330
67
100
AcDbEntity
  8
DV1_Default
  6
Continuous
 62
     7
 48
25.4
100
AcDbLine
 10
57.1745426351
 20
149.3841452482
 30
0.0
 11
58.5745426351
 21
149.3841452482
 31
0.0
  0
LINE
  5
4F1
330
67
100
AcDbEntity
  8
DV1_Default
  6
Continuous
 62
     7
 48
25.4
100
AcDbLine
 10
58.5745426351
 20
147.3841452482
 30
0.0
 11
57.1745426351
 21
147.3841452482
 31
0.0
  0
LINE
  5
4F2
330
67
100
AcDbEntity
  8
DV1_Default
  6
Continuous
 62
     7
 48
25.4
100
AcDbLine
 10
57.1745426351
 20
147.3841452482
 30
0.0
 11
57.1745426351
 21
149.3841452482
 31
0.0
  0
LINE
  5
4F3
330
67
100
AcDbEntity
  8
DV1_Default
  6
Continuous
 62
     7
 48
25.4
100
AcDbLine
 10
58.5745426351
 20
149.3841452482
 30
0.0
 11
58.5745426351
 21
147.3841452482
 31
0.0
  0
LINE
  5
4F4
330
67
100
AcDbEntity
  8
DV1_Default
  6
Continuous
 62
     7
 48
25.4
100
AcDbLine
 10
58.7745426351
 20
149.3841452482
 30
0.0
 11
60.1745426351
 21
149.3841452482
 31
0.0
  0
LINE
  5
4F5
330
67
100
AcDbEntity
  8
DV1_Default
  6
Continuous
 62
     7
 48
25.4
100
AcDbLine
 10
60.1745426351
 20
147.3841452482
 30
0.0
 11
58.7745426351
 21
147.3841452482
 31
0.0
  0
LINE
  5
4F6
330
67
100
AcDbEntity
  8
DV1_Default
  6
Continuous
 62
     7
 48
25.4
100
AcDbLine
 10
58.7745426351
 20
147.3841452482
 30
0.0
 11
58.7745426351
 21
149.3841452482
 31
0.0
  0
LINE
  5
4F7
330
67
100
AcDbEntity
  8
DV1_Default
  6
Continuous
 62
     7
 48
25.4
100
AcDbLine
 10
60.1745426351
 20
149.3841452482
 30
0.0
 11
60.1745426351
 21
147.3841452482
 31
0.0
  0
LINE
  5
4F8
330
67
100
AcDbEntity
  8
DV1_Default
  6
Continuous
 62
     7
 48
25.4
100
AcDbLine
 10
60.3745426351
 20
149.3841452482
 30
0.0
 11
61.7745426351
 21
149.3841452482
 31
0.0
  0
LINE
  5
4F9
330
67
100
AcDbEntity
  8
DV1_Default
  6
Continuous
 62
     7
 48
25.4
100
AcDbLine
 10
61.7745426351
 20
147.3841452482
 30
0.0
 11
60.3745426351
 21
147.3841452482
 31
0.0
  0
LINE
  5
4FA
330
67
100
AcDbEntity
  8
DV1_Default
  6
Continuous
 62
     7
 48
25.4
100
AcDbLine
 10
60.3745426351
 20
147.3841452482
 30
0.0
 11
60.3745426351
 21
149.3841452482
 31
0.0
  0
LINE
  5
4FB
330
67
100
AcDbEntity
  8
DV1_Default
  6
Continuous
 62
     7
 48
25.4
100
AcDbLine
 10
61.7745426351
 20
149.3841452482
 30
0.0
 11
61.7745426351
 21
147.3841452482
 31
0.0
  0
LINE
  5
4FC
330
67
100
AcDbEntity
  8
DV1_Default
  6
Continuous
 62
     7
 48
25.4
100
AcDbLine
 10
61.9745426351
 20
149.3841452482
 30
0.0
 11
63.3745426351
 21
149.3841452482
 31
0.0
  0
LINE
  5
4FD
330
67
100
AcDbEntity
  8
DV1_Default
  6
Continuous
 62
     7
 48
25.4
100
AcDbLine
 10
63.3745426351
 20
147.3841452482
 30
0.0
 11
61.9745426351
 21
147.3841452482
 31
0.0
  0
LINE
  5
4FE
330
67
100
AcDbEntity
  8
DV1_Default
  6
Continuous
 62
     7
 48
25.4
100
AcDbLine
 10
61.9745426351
 20
147.3841452482
 30
0.0
 11
61.9745426351
 21
149.3841452482
 31
0.0
  0
LINE
  5
4FF
330
67
100
AcDbEntity
  8
DV1_Default
  6
Continuous
 62
     7
 48
25.4
100
AcDbLine
 10
63.3745426351
 20
149.3841452482
 30
0.0
 11
63.3745426351
 21
147.3841452482
 31
0.0
  0
LINE
  5
500
330
67
100
AcDbEntity
  8
DV1_Default
  6
Continuous
 62
     7
 48
25.4
100
AcDbLine
 10
63.5745426351
 20
149.3841452482
 30
0.0
 11
64.9745426351
 21
149.3841452482
 31
0.0
  0
LINE
  5
501
330
67
100
AcDbEntity
  8
DV1_Default
  6
Continuous
 62
     7
 48
25.4
100
AcDbLine
 10
64.9745426351
 20
147.3841452482
 30
0.0
 11
63.5745426351
 21
147.3841452482
 31
0.0
  0
LINE
  5
502
330
67
100
AcDbEntity
  8
DV1_Default
  6
Continuous
 62
     7
 48
25.4
100
AcDbLine
 10
63.5745426351
 20
147.3841452482
 30
0.0
 11
63.5745426351
 21
149.3841452482
 31
0.0
  0
LINE
  5
503
330
67
100
AcDbEntity
  8
DV1_Default
  6
Continuous
 62
     7
 48
25.4
100
AcDbLine
 10
64.9745426351
 20
149.3841452482
 30
0.0
 11
64.9745426351
 21
147.3841452482
 31
0.0
  0
LINE
  5
504
330
67
100
AcDbEntity
  8
DV1_Default
  6
Continuous
 62
     7
 48
25.4
100
AcDbLine
 10
65.1745426351
 20
149.3841452482
 30
0.0
 11
66.5745426351
 21
149.3841452482
 31
0.0
  0
LINE
  5
505
330
67
100
AcDbEntity
  8
DV1_Default
  6
Continuous
 62
     7
 48
25.4
100
AcDbLine
 10
66.5745426351
 20
147.3841452482
 30
0.0
 11
65.1745426351
 21
147.3841452482
 31
0.0
  0
LINE
  5
506
330
67
100
AcDbEntity
  8
DV1_Default
  6
Continuous
 62
     7
 48
25.4
100
AcDbLine
 10
65.1745426351
 20
147.3841452482
 30
0.0
 11
65.1745426351
 21
149.3841452482
 31
0.0
  0
LINE
  5
507
330
67
100
AcDbEntity
  8
DV1_Default
  6
Continuous
 62
     7
 48
25.4
100
AcDbLine
 10
66.5745426351
 20
149.3841452482
 30
0.0
 11
66.5745426351
 21
147.3841452482
 31
0.0
  0
LINE
  5
508
330
67
100
AcDbEntity
  8
DV1_Default
  6
Continuous
 62
     7
 48
25.4
100
AcDbLine
 10
66.7745426351
 20
149.3841452482
 30
0.0
 11
68.1745426351
 21
149.3841452482
 31
0.0
  0
LINE
  5
509
330
67
100
AcDbEntity
  8
DV1_Default
  6
Continuous
 62
     7
 48
25.4
100
AcDbLine
 10
68.1745426351
 20
147.3841452482
 30
0.0
 11
66.7745426351
 21
147.3841452482
 31
0.0
  0
LINE
  5
50A
330
67
100
AcDbEntity
  8
DV1_Default
  6
Continuous
 62
     7
 48
25.4
100
AcDbLine
 10
66.7745426351
 20
147.3841452482
 30
0.0
 11
66.7745426351
 21
149.3841452482
 31
0.0
  0
LINE
  5
50B
330
67
100
AcDbEntity
  8
DV1_Default
  6
Continuous
 62
     7
 48
25.4
100
AcDbLine
 10
68.1745426351
 20
149.3841452482
 30
0.0
 11
68.1745426351
 21
147.3841452482
 31
0.0
  0
LINE
  5
50C
330
67
100
AcDbEntity
  8
DV1_Default
  6
Continuous
 62
     7
 48
25.4
100
AcDbLine
 10
68.3745426351
 20
149.3841452482
 30
0.0
 11
69.7745426351
 21
149.3841452482
 31
0.0
  0
LINE
  5
50D
330
67
100
AcDbEntity
  8
DV1_Default
  6
Continuous
 62
     7
 48
25.4
100
AcDbLine
 10
69.7745426351
 20
147.3841452482
 30
0.0
 11
68.3745426351
 21
147.3841452482
 31
0.0
  0
LINE
  5
50E
330
67
100
AcDbEntity
  8
DV1_Default
  6
Continuous
 62
     7
 48
25.4
100
AcDbLine
 10
68.3745426351
 20
147.3841452482
 30
0.0
 11
68.3745426351
 21
149.3841452482
 31
0.0
  0
LINE
  5
50F
330
67
100
AcDbEntity
  8
DV1_Default
  6
Continuous
 62
     7
 48
25.4
100
AcDbLine
 10
69.7745426351
 20
149.3841452482
 30
0.0
 11
69.7745426351
 21
147.3841452482
 31
0.0
  0
LINE
  5
510
330
67
100
AcDbEntity
  8
DV1_Default
  6
Continuous
 62
     7
 48
25.4
100
AcDbLine
 10
69.9745426351
 20
149.3841452482
 30
0.0
 11
71.3745426351
 21
149.3841452482
 31
0.0
  0
LINE
  5
511
330
67
100
AcDbEntity
  8
DV1_Default
  6
Continuous
 62
     7
 48
25.4
100
AcDbLine
 10
71.3745426351
 20
147.3841452482
 30
0.0
 11
69.9745426351
 21
147.3841452482
 31
0.0
  0
LINE
  5
512
330
67
100
AcDbEntity
  8
DV1_Default
  6
Continuous
 62
     7
 48
25.4
100
AcDbLine
 10
69.9745426351
 20
147.3841452482
 30
0.0
 11
69.9745426351
 21
149.3841452482
 31
0.0
  0
LINE
  5
513
330
67
100
AcDbEntity
  8
DV1_Default
  6
Continuous
 62
     7
 48
25.4
100
AcDbLine
 10
71.3745426351
 20
149.3841452482
 30
0.0
 11
71.3745426351
 21
147.3841452482
 31
0.0
  0
LINE
  5
514
330
67
100
AcDbEntity
  8
DV1_Default
  6
Continuous
 62
     7
 48
25.4
100
AcDbLine
 10
71.5745426351
 20
149.3841452482
 30
0.0
 11
72.9745426351
 21
149.3841452482
 31
0.0
  0
LINE
  5
515
330
67
100
AcDbEntity
  8
DV1_Default
  6
Continuous
 62
     7
 48
25.4
100
AcDbLine
 10
72.9745426351
 20
147.3841452482
 30
0.0
 11
71.5745426351
 21
147.3841452482
 31
0.0
  0
LINE
  5
516
330
67
100
AcDbEntity
  8
DV1_Default
  6
Continuous
 62
     7
 48
25.4
100
AcDbLine
 10
71.5745426351
 20
147.3841452482
 30
0.0
 11
71.5745426351
 21
149.3841452482
 31
0.0
  0
LINE
  5
517
330
67
100
AcDbEntity
  8
DV1_Default
  6
Continuous
 62
     7
 48
25.4
100
AcDbLine
 10
72.9745426351
 20
149.3841452482
 30
0.0
 11
72.9745426351
 21
147.3841452482
 31
0.0
  0
LINE
  5
518
330
67
100
AcDbEntity
  8
DV1_Default
  6
Continuous
 62
     7
 48
25.4
100
AcDbLine
 10
73.1745426351
 20
149.3841452482
 30
0.0
 11
74.5745426351
 21
149.3841452482
 31
0.0
  0
LINE
  5
519
330
67
100
AcDbEntity
  8
DV1_Default
  6
Continuous
 62
     7
 48
25.4
100
AcDbLine
 10
74.5745426351
 20
147.3841452482
 30
0.0
 11
73.1745426351
 21
147.3841452482
 31
0.0
  0
LINE
  5
51A
330
67
100
AcDbEntity
  8
DV1_Default
  6
Continuous
 62
     7
 48
25.4
100
AcDbLine
 10
73.1745426351
 20
147.3841452482
 30
0.0
 11
73.1745426351
 21
149.3841452482
 31
0.0
  0
LINE
  5
51B
330
67
100
AcDbEntity
  8
DV1_Default
  6
Continuous
 62
     7
 48
25.4
100
AcDbLine
 10
74.5745426351
 20
149.3841452482
 30
0.0
 11
74.5745426351
 21
147.3841452482
 31
0.0
  0
LINE
  5
51C
330
67
100
AcDbEntity
  8
DV1_Default
  6
Continuous
 62
     7
 48
25.4
100
AcDbLine
 10
74.7745426351
 20
149.3841452482
 30
0.0
 11
76.1745426351
 21
149.3841452482
 31
0.0
  0
LINE
  5
51D
330
67
100
AcDbEntity
  8
DV1_Default
  6
Continuous
 62
     7
 48
25.4
100
AcDbLine
 10
76.1745426351
 20
147.3841452482
 30
0.0
 11
74.7745426351
 21
147.3841452482
 31
0.0
  0
LINE
  5
51E
330
67
100
AcDbEntity
  8
DV1_Default
  6
Continuous
 62
     7
 48
25.4
100
AcDbLine
 10
74.7745426351
 20
147.3841452482
 30
0.0
 11
74.7745426351
 21
149.3841452482
 31
0.0
  0
LINE
  5
51F
330
67
100
AcDbEntity
  8
DV1_Default
  6
Continuous
 62
     7
 48
25.4
100
AcDbLine
 10
76.1745426351
 20
149.3841452482
 30
0.0
 11
76.1745426351
 21
147.3841452482
 31
0.0
  0
LINE
  5
520
330
67
100
AcDbEntity
  8
DV1_Default
  6
Continuous
 62
     7
 48
25.4
100
AcDbLine
 10
76.3745426351
 20
149.3841452482
 30
0.0
 11
77.7745426351
 21
149.3841452482
 31
0.0
  0
LINE
  5
521
330
67
100
AcDbEntity
  8
DV1_Default
  6
Continuous
 62
     7
 48
25.4
100
AcDbLine
 10
77.7745426351
 20
147.3841452482
 30
0.0
 11
76.3745426351
 21
147.3841452482
 31
0.0
  0
LINE
  5
522
330
67
100
AcDbEntity
  8
DV1_Default
  6
Continuous
 62
     7
 48
25.4
100
AcDbLine
 10
76.3745426351
 20
147.3841452482
 30
0.0
 11
76.3745426351
 21
149.3841452482
 31
0.0
  0
LINE
  5
523
330
67
100
AcDbEntity
  8
DV1_Default
  6
Continuous
 62
     7
 48
25.4
100
AcDbLine
 10
77.7745426351
 20
149.3841452482
 30
0.0
 11
77.7745426351
 21
147.3841452482
 31
0.0
  0
LINE
  5
524
330
67
100
AcDbEntity
  8
DV1_Default
  6
Continuous
 62
     7
 48
25.4
100
AcDbLine
 10
77.9745426351
 20
149.3841452482
 30
0.0
 11
79.3745426351
 21
149.3841452482
 31
0.0
  0
LINE
  5
525
330
67
100
AcDbEntity
  8
DV1_Default
  6
Continuous
 62
     7
 48
25.4
100
AcDbLine
 10
79.3745426351
 20
147.3841452482
 30
0.0
 11
77.9745426351
 21
147.3841452482
 31
0.0
  0
LINE
  5
526
330
67
100
AcDbEntity
  8
DV1_Default
  6
Continuous
 62
     7
 48
25.4
100
AcDbLine
 10
77.9745426351
 20
147.3841452482
 30
0.0
 11
77.9745426351
 21
149.3841452482
 31
0.0
  0
LINE
  5
527
330
67
100
AcDbEntity
  8
DV1_Default
  6
Continuous
 62
     7
 48
25.4
100
AcDbLine
 10
79.3745426351
 20
149.3841452482
 30
0.0
 11
79.3745426351
 21
147.3841452482
 31
0.0
  0
LINE
  5
528
330
67
100
AcDbEntity
  8
DV1_Default
  6
Continuous
 62
     7
 48
25.4
100
AcDbLine
 10
79.5745426351
 20
149.3841452482
 30
0.0
 11
80.9745426351
 21
149.3841452482
 31
0.0
  0
LINE
  5
529
330
67
100
AcDbEntity
  8
DV1_Default
  6
Continuous
 62
     7
 48
25.4
100
AcDbLine
 10
80.9745426351
 20
147.3841452482
 30
0.0
 11
79.5745426351
 21
147.3841452482
 31
0.0
  0
LINE
  5
52A
330
67
100
AcDbEntity
  8
DV1_Default
  6
Continuous
 62
     7
 48
25.4
100
AcDbLine
 10
79.5745426351
 20
147.3841452482
 30
0.0
 11
79.5745426351
 21
149.3841452482
 31
0.0
  0
LINE
  5
52B
330
67
100
AcDbEntity
  8
DV1_Default
  6
Continuous
 62
     7
 48
25.4
100
AcDbLine
 10
80.9745426351
 20
149.3841452482
 30
0.0
 11
80.9745426351
 21
147.3841452482
 31
0.0
  0
LINE
  5
52C
330
67
100
AcDbEntity
  8
DV1_Default
  6
Continuous
 62
     7
 48
25.4
100
AcDbLine
 10
81.1745426351
 20
149.3841452482
 30
0.0
 11
82.5745426351
 21
149.3841452482
 31
0.0
  0
LINE
  5
52D
330
67
100
AcDbEntity
  8
DV1_Default
  6
Continuous
 62
     7
 48
25.4
100
AcDbLine
 10
82.5745426351
 20
147.3841452482
 30
0.0
 11
81.1745426351
 21
147.3841452482
 31
0.0
  0
LINE
  5
52E
330
67
100
AcDbEntity
  8
DV1_Default
  6
Continuous
 62
     7
 48
25.4
100
AcDbLine
 10
81.1745426351
 20
147.3841452482
 30
0.0
 11
81.1745426351
 21
149.3841452482
 31
0.0
  0
LINE
  5
52F
330
67
100
AcDbEntity
  8
DV1_Default
  6
Continuous
 62
     7
 48
25.4
100
AcDbLine
 10
82.5745426351
 20
149.3841452482
 30
0.0
 11
82.5745426351
 21
147.3841452482
 31
0.0
  0
LINE
  5
530
330
67
100
AcDbEntity
  8
DV1_Default
  6
Continuous
 62
     7
 48
25.4
100
AcDbLine
 10
82.7745426351
 20
149.3841452482
 30
0.0
 11
84.1745426351
 21
149.3841452482
 31
0.0
  0
LINE
  5
531
330
67
100
AcDbEntity
  8
DV1_Default
  6
Continuous
 62
     7
 48
25.4
100
AcDbLine
 10
84.1745426351
 20
147.3841452482
 30
0.0
 11
82.7745426351
 21
147.3841452482
 31
0.0
  0
LINE
  5
532
330
67
100
AcDbEntity
  8
DV1_Default
  6
Continuous
 62
     7
 48
25.4
100
AcDbLine
 10
82.7745426351
 20
147.3841452482
 30
0.0
 11
82.7745426351
 21
149.3841452482
 31
0.0
  0
LINE
  5
533
330
67
100
AcDbEntity
  8
DV1_Default
  6
Continuous
 62
     7
 48
25.4
100
AcDbLine
 10
84.1745426351
 20
149.3841452482
 30
0.0
 11
84.1745426351
 21
147.3841452482
 31
0.0
  0
LINE
  5
534
330
67
100
AcDbEntity
  8
DV1_Default
  6
Continuous
 62
     7
 48
25.4
100
AcDbLine
 10
84.3745426351
 20
149.3841452482
 30
0.0
 11
85.7745426351
 21
149.3841452482
 31
0.0
  0
LINE
  5
535
330
67
100
AcDbEntity
  8
DV1_Default
  6
Continuous
 62
     7
 48
25.4
100
AcDbLine
 10
85.7745426351
 20
147.3841452482
 30
0.0
 11
84.3745426351
 21
147.3841452482
 31
0.0
  0
LINE
  5
536
330
67
100
AcDbEntity
  8
DV1_Default
  6
Continuous
 62
     7
 48
25.4
100
AcDbLine
 10
84.3745426351
 20
147.3841452482
 30
0.0
 11
84.3745426351
 21
149.3841452482
 31
0.0
  0
LINE
  5
537
330
67
100
AcDbEntity
  8
DV1_Default
  6
Continuous
 62
     7
 48
25.4
100
AcDbLine
 10
85.7745426351
 20
149.3841452482
 30
0.0
 11
85.7745426351
 21
147.3841452482
 31
0.0
  0
LINE
  5
538
330
67
100
AcDbEntity
  8
DV1_Default
  6
Continuous
 62
     7
 48
25.4
100
AcDbLine
 10
85.9745426351
 20
149.3841452482
 30
0.0
 11
87.3745426351
 21
149.3841452482
 31
0.0
  0
LINE
  5
539
330
67
100
AcDbEntity
  8
DV1_Default
  6
Continuous
 62
     7
 48
25.4
100
AcDbLine
 10
87.3745426351
 20
147.3841452482
 30
0.0
 11
85.9745426351
 21
147.3841452482
 31
0.0
  0
LINE
  5
53A
330
67
100
AcDbEntity
  8
DV1_Default
  6
Continuous
 62
     7
 48
25.4
100
AcDbLine
 10
85.9745426351
 20
147.3841452482
 30
0.0
 11
85.9745426351
 21
149.3841452482
 31
0.0
  0
LINE
  5
53B
330
67
100
AcDbEntity
  8
DV1_Default
  6
Continuous
 62
     7
 48
25.4
100
AcDbLine
 10
87.3745426351
 20
149.3841452482
 30
0.0
 11
87.3745426351
 21
147.3841452482
 31
0.0
  0
LINE
  5
53C
330
67
100
AcDbEntity
  8
DV1_Default
  6
Continuous
 62
     7
 48
25.4
100
AcDbLine
 10
87.5745426351
 20
149.3841452482
 30
0.0
 11
88.9745426351
 21
149.3841452482
 31
0.0
  0
LINE
  5
53D
330
67
100
AcDbEntity
  8
DV1_Default
  6
Continuous
 62
     7
 48
25.4
100
AcDbLine
 10
88.9745426351
 20
147.3841452482
 30
0.0
 11
87.5745426351
 21
147.3841452482
 31
0.0
  0
LINE
  5
53E
330
67
100
AcDbEntity
  8
DV1_Default
  6
Continuous
 62
     7
 48
25.4
100
AcDbLine
 10
87.5745426351
 20
147.3841452482
 30
0.0
 11
87.5745426351
 21
149.3841452482
 31
0.0
  0
LINE
  5
53F
330
67
100
AcDbEntity
  8
DV1_Default
  6
Continuous
 62
     7
 48
25.4
100
AcDbLine
 10
88.9745426351
 20
149.3841452482
 30
0.0
 11
88.9745426351
 21
147.3841452482
 31
0.0
  0
LINE
  5
540
330
67
100
AcDbEntity
  8
DV1_Default
  6
Continuous
 62
     7
 48
25.4
100
AcDbLine
 10
89.1745426351
 20
149.3841452482
 30
0.0
 11
90.5745426351
 21
149.3841452482
 31
0.0
  0
LINE
  5
541
330
67
100
AcDbEntity
  8
DV1_Default
  6
Continuous
 62
     7
 48
25.4
100
AcDbLine
 10
90.5745426351
 20
147.3841452482
 30
0.0
 11
89.1745426351
 21
147.3841452482
 31
0.0
  0
LINE
  5
542
330
67
100
AcDbEntity
  8
DV1_Default
  6
Continuous
 62
     7
 48
25.4
100
AcDbLine
 10
89.1745426351
 20
147.3841452482
 30
0.0
 11
89.1745426351
 21
149.3841452482
 31
0.0
  0
LINE
  5
543
330
67
100
AcDbEntity
  8
DV1_Default
  6
Continuous
 62
     7
 48
25.4
100
AcDbLine
 10
90.5745426351
 20
149.3841452482
 30
0.0
 11
90.5745426351
 21
147.3841452482
 31
0.0
  0
LINE
  5
544
330
67
100
AcDbEntity
  8
DV1_Default
  6
Continuous
 62
     7
 48
25.4
100
AcDbLine
 10
90.7745426351
 20
149.3841452482
 30
0.0
 11
92.1745426351
 21
149.3841452482
 31
0.0
  0
LINE
  5
545
330
67
100
AcDbEntity
  8
DV1_Default
  6
Continuous
 62
     7
 48
25.4
100
AcDbLine
 10
92.1745426351
 20
147.3841452482
 30
0.0
 11
90.7745426351
 21
147.3841452482
 31
0.0
  0
LINE
  5
546
330
67
100
AcDbEntity
  8
DV1_Default
  6
Continuous
 62
     7
 48
25.4
100
AcDbLine
 10
90.7745426351
 20
147.3841452482
 30
0.0
 11
90.7745426351
 21
149.3841452482
 31
0.0
  0
LINE
  5
547
330
67
100
AcDbEntity
  8
DV1_Default
  6
Continuous
 62
     7
 48
25.4
100
AcDbLine
 10
92.1745426351
 20
149.3841452482
 30
0.0
 11
92.1745426351
 21
147.3841452482
 31
0.0
  0
LINE
  5
548
330
67
100
AcDbEntity
  8
DV1_Default
  6
Continuous
 62
     7
 48
25.4
100
AcDbLine
 10
92.3745426351
 20
149.3841452482
 30
0.0
 11
93.7745426351
 21
149.3841452482
 31
0.0
  0
LINE
  5
549
330
67
100
AcDbEntity
  8
DV1_Default
  6
Continuous
 62
     7
 48
25.4
100
AcDbLine
 10
93.7745426351
 20
147.3841452482
 30
0.0
 11
92.3745426351
 21
147.3841452482
 31
0.0
  0
LINE
  5
54A
330
67
100
AcDbEntity
  8
DV1_Default
  6
Continuous
 62
     7
 48
25.4
100
AcDbLine
 10
92.3745426351
 20
147.3841452482
 30
0.0
 11
92.3745426351
 21
149.3841452482
 31
0.0
  0
LINE
  5
54B
330
67
100
AcDbEntity
  8
DV1_Default
  6
Continuous
 62
     7
 48
25.4
100
AcDbLine
 10
93.7745426351
 20
149.3841452482
 30
0.0
 11
93.7745426351
 21
147.3841452482
 31
0.0
  0
LINE
  5
54C
330
67
100
AcDbEntity
  8
DV1_Default
  6
Continuous
 62
     7
 48
25.4
100
AcDbLine
 10
57.1745426351
 20
151.7841452482
 30
0.0
 11
58.5745426351
 21
151.7841452482
 31
0.0
  0
LINE
  5
54D
330
67
100
AcDbEntity
  8
DV1_Default
  6
Continuous
 62
     7
 48
25.4
100
AcDbLine
 10
58.5745426351
 20
149.7841452482
 30
0.0
 11
57.1745426351
 21
149.7841452482
 31
0.0
  0
LINE
  5
54E
330
67
100
AcDbEntity
  8
DV1_Default
  6
Continuous
 62
     7
 48
25.4
100
AcDbLine
 10
57.1745426351
 20
149.7841452482
 30
0.0
 11
57.1745426351
 21
151.7841452482
 31
0.0
  0
LINE
  5
54F
330
67
100
AcDbEntity
  8
DV1_Default
  6
Continuous
 62
     7
 48
25.4
100
AcDbLine
 10
58.5745426351
 20
151.7841452482
 30
0.0
 11
58.5745426351
 21
149.7841452482
 31
0.0
  0
LINE
  5
550
330
67
100
AcDbEntity
  8
DV1_Default
  6
Continuous
 62
     7
 48
25.4
100
AcDbLine
 10
58.7745426351
 20
151.7841452482
 30
0.0
 11
60.1745426351
 21
151.7841452482
 31
0.0
  0
LINE
  5
551
330
67
100
AcDbEntity
  8
DV1_Default
  6
Continuous
 62
     7
 48
25.4
100
AcDbLine
 10
60.1745426351
 20
149.7841452482
 30
0.0
 11
58.7745426351
 21
149.7841452482
 31
0.0
  0
LINE
  5
552
330
67
100
AcDbEntity
  8
DV1_Default
  6
Continuous
 62
     7
 48
25.4
100
AcDbLine
 10
58.7745426351
 20
149.7841452482
 30
0.0
 11
58.7745426351
 21
151.7841452482
 31
0.0
  0
LINE
  5
553
330
67
100
AcDbEntity
  8
DV1_Default
  6
Continuous
 62
     7
 48
25.4
100
AcDbLine
 10
60.1745426351
 20
151.7841452482
 30
0.0
 11
60.1745426351
 21
149.7841452482
 31
0.0
  0
LINE
  5
554
330
67
100
AcDbEntity
  8
DV1_Default
  6
Continuous
 62
     7
 48
25.4
100
AcDbLine
 10
60.3745426351
 20
151.7841452482
 30
0.0
 11
61.7745426351
 21
151.7841452482
 31
0.0
  0
LINE
  5
555
330
67
100
AcDbEntity
  8
DV1_Default
  6
Continuous
 62
     7
 48
25.4
100
AcDbLine
 10
61.7745426351
 20
149.7841452482
 30
0.0
 11
60.3745426351
 21
149.7841452482
 31
0.0
  0
LINE
  5
556
330
67
100
AcDbEntity
  8
DV1_Default
  6
Continuous
 62
     7
 48
25.4
100
AcDbLine
 10
60.3745426351
 20
149.7841452482
 30
0.0
 11
60.3745426351
 21
151.7841452482
 31
0.0
  0
LINE
  5
557
330
67
100
AcDbEntity
  8
DV1_Default
  6
Continuous
 62
     7
 48
25.4
100
AcDbLine
 10
61.7745426351
 20
151.7841452482
 30
0.0
 11
61.7745426351
 21
149.7841452482
 31
0.0
  0
LINE
  5
558
330
67
100
AcDbEntity
  8
DV1_Default
  6
Continuous
 62
     7
 48
25.4
100
AcDbLine
 10
61.9745426351
 20
151.7841452482
 30
0.0
 11
63.3745426351
 21
151.7841452482
 31
0.0
  0
LINE
  5
559
330
67
100
AcDbEntity
  8
DV1_Default
  6
Continuous
 62
     7
 48
25.4
100
AcDbLine
 10
63.3745426351
 20
149.7841452482
 30
0.0
 11
61.9745426351
 21
149.7841452482
 31
0.0
  0
LINE
  5
55A
330
67
100
AcDbEntity
  8
DV1_Default
  6
Continuous
 62
     7
 48
25.4
100
AcDbLine
 10
61.9745426351
 20
149.7841452482
 30
0.0
 11
61.9745426351
 21
151.7841452482
 31
0.0
  0
LINE
  5
55B
330
67
100
AcDbEntity
  8
DV1_Default
  6
Continuous
 62
     7
 48
25.4
100
AcDbLine
 10
63.3745426351
 20
151.7841452482
 30
0.0
 11
63.3745426351
 21
149.7841452482
 31
0.0
  0
LINE
  5
55C
330
67
100
AcDbEntity
  8
DV1_Default
  6
Continuous
 62
     7
 48
25.4
100
AcDbLine
 10
63.5745426351
 20
151.7841452482
 30
0.0
 11
64.9745426351
 21
151.7841452482
 31
0.0
  0
LINE
  5
55D
330
67
100
AcDbEntity
  8
DV1_Default
  6
Continuous
 62
     7
 48
25.4
100
AcDbLine
 10
64.9745426351
 20
149.7841452482
 30
0.0
 11
63.5745426351
 21
149.7841452482
 31
0.0
  0
LINE
  5
55E
330
67
100
AcDbEntity
  8
DV1_Default
  6
Continuous
 62
     7
 48
25.4
100
AcDbLine
 10
63.5745426351
 20
149.7841452482
 30
0.0
 11
63.5745426351
 21
151.7841452482
 31
0.0
  0
LINE
  5
55F
330
67
100
AcDbEntity
  8
DV1_Default
  6
Continuous
 62
     7
 48
25.4
100
AcDbLine
 10
64.9745426351
 20
151.7841452482
 30
0.0
 11
64.9745426351
 21
149.7841452482
 31
0.0
  0
LINE
  5
560
330
67
100
AcDbEntity
  8
DV1_Default
  6
Continuous
 62
     7
 48
25.4
100
AcDbLine
 10
65.1745426351
 20
151.7841452482
 30
0.0
 11
66.5745426351
 21
151.7841452482
 31
0.0
  0
LINE
  5
561
330
67
100
AcDbEntity
  8
DV1_Default
  6
Continuous
 62
     7
 48
25.4
100
AcDbLine
 10
66.5745426351
 20
149.7841452482
 30
0.0
 11
65.1745426351
 21
149.7841452482
 31
0.0
  0
LINE
  5
562
330
67
100
AcDbEntity
  8
DV1_Default
  6
Continuous
 62
     7
 48
25.4
100
AcDbLine
 10
65.1745426351
 20
149.7841452482
 30
0.0
 11
65.1745426351
 21
151.7841452482
 31
0.0
  0
LINE
  5
563
330
67
100
AcDbEntity
  8
DV1_Default
  6
Continuous
 62
     7
 48
25.4
100
AcDbLine
 10
66.5745426351
 20
151.7841452482
 30
0.0
 11
66.5745426351
 21
149.7841452482
 31
0.0
  0
LINE
  5
564
330
67
100
AcDbEntity
  8
DV1_Default
  6
Continuous
 62
     7
 48
25.4
100
AcDbLine
 10
66.7745426351
 20
151.7841452482
 30
0.0
 11
68.1745426351
 21
151.7841452482
 31
0.0
  0
LINE
  5
565
330
67
100
AcDbEntity
  8
DV1_Default
  6
Continuous
 62
     7
 48
25.4
100
AcDbLine
 10
68.1745426351
 20
149.7841452482
 30
0.0
 11
66.7745426351
 21
149.7841452482
 31
0.0
  0
LINE
  5
566
330
67
100
AcDbEntity
  8
DV1_Default
  6
Continuous
 62
     7
 48
25.4
100
AcDbLine
 10
66.7745426351
 20
149.7841452482
 30
0.0
 11
66.7745426351
 21
151.7841452482
 31
0.0
  0
LINE
  5
567
330
67
100
AcDbEntity
  8
DV1_Default
  6
Continuous
 62
     7
 48
25.4
100
AcDbLine
 10
68.1745426351
 20
151.7841452482
 30
0.0
 11
68.1745426351
 21
149.7841452482
 31
0.0
  0
LINE
  5
568
330
67
100
AcDbEntity
  8
DV1_Default
  6
Continuous
 62
     7
 48
25.4
100
AcDbLine
 10
68.3745426351
 20
151.7841452482
 30
0.0
 11
69.7745426351
 21
151.7841452482
 31
0.0
  0
LINE
  5
569
330
67
100
AcDbEntity
  8
DV1_Default
  6
Continuous
 62
     7
 48
25.4
100
AcDbLine
 10
69.7745426351
 20
149.7841452482
 30
0.0
 11
68.3745426351
 21
149.7841452482
 31
0.0
  0
LINE
  5
56A
330
67
100
AcDbEntity
  8
DV1_Default
  6
Continuous
 62
     7
 48
25.4
100
AcDbLine
 10
68.3745426351
 20
149.7841452482
 30
0.0
 11
68.3745426351
 21
151.7841452482
 31
0.0
  0
LINE
  5
56B
330
67
100
AcDbEntity
  8
DV1_Default
  6
Continuous
 62
     7
 48
25.4
100
AcDbLine
 10
69.7745426351
 20
151.7841452482
 30
0.0
 11
69.7745426351
 21
149.7841452482
 31
0.0
  0
LINE
  5
56C
330
67
100
AcDbEntity
  8
DV1_Default
  6
Continuous
 62
     7
 48
25.4
100
AcDbLine
 10
69.9745426351
 20
151.7841452482
 30
0.0
 11
71.3745426351
 21
151.7841452482
 31
0.0
  0
LINE
  5
56D
330
67
100
AcDbEntity
  8
DV1_Default
  6
Continuous
 62
     7
 48
25.4
100
AcDbLine
 10
71.3745426351
 20
149.7841452482
 30
0.0
 11
69.9745426351
 21
149.7841452482
 31
0.0
  0
LINE
  5
56E
330
67
100
AcDbEntity
  8
DV1_Default
  6
Continuous
 62
     7
 48
25.4
100
AcDbLine
 10
69.9745426351
 20
149.7841452482
 30
0.0
 11
69.9745426351
 21
151.7841452482
 31
0.0
  0
LINE
  5
56F
330
67
100
AcDbEntity
  8
DV1_Default
  6
Continuous
 62
     7
 48
25.4
100
AcDbLine
 10
71.3745426351
 20
151.7841452482
 30
0.0
 11
71.3745426351
 21
149.7841452482
 31
0.0
  0
LINE
  5
570
330
67
100
AcDbEntity
  8
DV1_Default
  6
Continuous
 62
     7
 48
25.4
100
AcDbLine
 10
71.5745426351
 20
151.7841452482
 30
0.0
 11
72.9745426351
 21
151.7841452482
 31
0.0
  0
LINE
  5
571
330
67
100
AcDbEntity
  8
DV1_Default
  6
Continuous
 62
     7
 48
25.4
100
AcDbLine
 10
72.9745426351
 20
149.7841452482
 30
0.0
 11
71.5745426351
 21
149.7841452482
 31
0.0
  0
LINE
  5
572
330
67
100
AcDbEntity
  8
DV1_Default
  6
Continuous
 62
     7
 48
25.4
100
AcDbLine
 10
71.5745426351
 20
149.7841452482
 30
0.0
 11
71.5745426351
 21
151.7841452482
 31
0.0
  0
LINE
  5
573
330
67
100
AcDbEntity
  8
DV1_Default
  6
Continuous
 62
     7
 48
25.4
100
AcDbLine
 10
72.9745426351
 20
151.7841452482
 30
0.0
 11
72.9745426351
 21
149.7841452482
 31
0.0
  0
LINE
  5
574
330
67
100
AcDbEntity
  8
DV1_Default
  6
Continuous
 62
     7
 48
25.4
100
AcDbLine
 10
73.1745426351
 20
151.7841452482
 30
0.0
 11
74.5745426351
 21
151.7841452482
 31
0.0
  0
LINE
  5
575
330
67
100
AcDbEntity
  8
DV1_Default
  6
Continuous
 62
     7
 48
25.4
100
AcDbLine
 10
74.5745426351
 20
149.7841452482
 30
0.0
 11
73.1745426351
 21
149.7841452482
 31
0.0
  0
LINE
  5
576
330
67
100
AcDbEntity
  8
DV1_Default
  6
Continuous
 62
     7
 48
25.4
100
AcDbLine
 10
73.1745426351
 20
149.7841452482
 30
0.0
 11
73.1745426351
 21
151.7841452482
 31
0.0
  0
LINE
  5
577
330
67
100
AcDbEntity
  8
DV1_Default
  6
Continuous
 62
     7
 48
25.4
100
AcDbLine
 10
74.5745426351
 20
151.7841452482
 30
0.0
 11
74.5745426351
 21
149.7841452482
 31
0.0
  0
LINE
  5
578
330
67
100
AcDbEntity
  8
DV1_Default
  6
Continuous
 62
     7
 48
25.4
100
AcDbLine
 10
74.7745426351
 20
151.7841452482
 30
0.0
 11
76.1745426351
 21
151.7841452482
 31
0.0
  0
LINE
  5
579
330
67
100
AcDbEntity
  8
DV1_Default
  6
Continuous
 62
     7
 48
25.4
100
AcDbLine
 10
76.1745426351
 20
149.7841452482
 30
0.0
 11
74.7745426351
 21
149.7841452482
 31
0.0
  0
LINE
  5
57A
330
67
100
AcDbEntity
  8
DV1_Default
  6
Continuous
 62
     7
 48
25.4
100
AcDbLine
 10
74.7745426351
 20
149.7841452482
 30
0.0
 11
74.7745426351
 21
151.7841452482
 31
0.0
  0
LINE
  5
57B
330
67
100
AcDbEntity
  8
DV1_Default
  6
Continuous
 62
     7
 48
25.4
100
AcDbLine
 10
76.1745426351
 20
151.7841452482
 30
0.0
 11
76.1745426351
 21
149.7841452482
 31
0.0
  0
LINE
  5
57C
330
67
100
AcDbEntity
  8
DV1_Default
  6
Continuous
 62
     7
 48
25.4
100
AcDbLine
 10
76.3745426351
 20
151.7841452482
 30
0.0
 11
77.7745426351
 21
151.7841452482
 31
0.0
  0
LINE
  5
57D
330
67
100
AcDbEntity
  8
DV1_Default
  6
Continuous
 62
     7
 48
25.4
100
AcDbLine
 10
77.7745426351
 20
149.7841452482
 30
0.0
 11
76.3745426351
 21
149.7841452482
 31
0.0
  0
LINE
  5
57E
330
67
100
AcDbEntity
  8
DV1_Default
  6
Continuous
 62
     7
 48
25.4
100
AcDbLine
 10
76.3745426351
 20
149.7841452482
 30
0.0
 11
76.3745426351
 21
151.7841452482
 31
0.0
  0
LINE
  5
57F
330
67
100
AcDbEntity
  8
DV1_Default
  6
Continuous
 62
     7
 48
25.4
100
AcDbLine
 10
77.7745426351
 20
151.7841452482
 30
0.0
 11
77.7745426351
 21
149.7841452482
 31
0.0
  0
LINE
  5
580
330
67
100
AcDbEntity
  8
DV1_Default
  6
Continuous
 62
     7
 48
25.4
100
AcDbLine
 10
77.9745426351
 20
151.7841452482
 30
0.0
 11
79.3745426351
 21
151.7841452482
 31
0.0
  0
LINE
  5
581
330
67
100
AcDbEntity
  8
DV1_Default
  6
Continuous
 62
     7
 48
25.4
100
AcDbLine
 10
79.3745426351
 20
149.7841452482
 30
0.0
 11
77.9745426351
 21
149.7841452482
 31
0.0
  0
LINE
  5
582
330
67
100
AcDbEntity
  8
DV1_Default
  6
Continuous
 62
     7
 48
25.4
100
AcDbLine
 10
77.9745426351
 20
149.7841452482
 30
0.0
 11
77.9745426351
 21
151.7841452482
 31
0.0
  0
LINE
  5
583
330
67
100
AcDbEntity
  8
DV1_Default
  6
Continuous
 62
     7
 48
25.4
100
AcDbLine
 10
79.3745426351
 20
151.7841452482
 30
0.0
 11
79.3745426351
 21
149.7841452482
 31
0.0
  0
LINE
  5
584
330
67
100
AcDbEntity
  8
DV1_Default
  6
Continuous
 62
     7
 48
25.4
100
AcDbLine
 10
79.5745426351
 20
151.7841452482
 30
0.0
 11
80.9745426351
 21
151.7841452482
 31
0.0
  0
LINE
  5
585
330
67
100
AcDbEntity
  8
DV1_Default
  6
Continuous
 62
     7
 48
25.4
100
AcDbLine
 10
80.9745426351
 20
149.7841452482
 30
0.0
 11
79.5745426351
 21
149.7841452482
 31
0.0
  0
LINE
  5
586
330
67
100
AcDbEntity
  8
DV1_Default
  6
Continuous
 62
     7
 48
25.4
100
AcDbLine
 10
79.5745426351
 20
149.7841452482
 30
0.0
 11
79.5745426351
 21
151.7841452482
 31
0.0
  0
LINE
  5
587
330
67
100
AcDbEntity
  8
DV1_Default
  6
Continuous
 62
     7
 48
25.4
100
AcDbLine
 10
80.9745426351
 20
151.7841452482
 30
0.0
 11
80.9745426351
 21
149.7841452482
 31
0.0
  0
LINE
  5
588
330
67
100
AcDbEntity
  8
DV1_Default
  6
Continuous
 62
     7
 48
25.4
100
AcDbLine
 10
81.1745426351
 20
151.7841452482
 30
0.0
 11
82.5745426351
 21
151.7841452482
 31
0.0
  0
LINE
  5
589
330
67
100
AcDbEntity
  8
DV1_Default
  6
Continuous
 62
     7
 48
25.4
100
AcDbLine
 10
82.5745426351
 20
149.7841452482
 30
0.0
 11
81.1745426351
 21
149.7841452482
 31
0.0
  0
LINE
  5
58A
330
67
100
AcDbEntity
  8
DV1_Default
  6
Continuous
 62
     7
 48
25.4
100
AcDbLine
 10
81.1745426351
 20
149.7841452482
 30
0.0
 11
81.1745426351
 21
151.7841452482
 31
0.0
  0
LINE
  5
58B
330
67
100
AcDbEntity
  8
DV1_Default
  6
Continuous
 62
     7
 48
25.4
100
AcDbLine
 10
82.5745426351
 20
151.7841452482
 30
0.0
 11
82.5745426351
 21
149.7841452482
 31
0.0
  0
LINE
  5
58C
330
67
100
AcDbEntity
  8
DV1_Default
  6
Continuous
 62
     7
 48
25.4
100
AcDbLine
 10
82.7745426351
 20
151.7841452482
 30
0.0
 11
84.1745426351
 21
151.7841452482
 31
0.0
  0
LINE
  5
58D
330
67
100
AcDbEntity
  8
DV1_Default
  6
Continuous
 62
     7
 48
25.4
100
AcDbLine
 10
84.1745426351
 20
149.7841452482
 30
0.0
 11
82.7745426351
 21
149.7841452482
 31
0.0
  0
LINE
  5
58E
330
67
100
AcDbEntity
  8
DV1_Default
  6
Continuous
 62
     7
 48
25.4
100
AcDbLine
 10
82.7745426351
 20
149.7841452482
 30
0.0
 11
82.7745426351
 21
151.7841452482
 31
0.0
  0
LINE
  5
58F
330
67
100
AcDbEntity
  8
DV1_Default
  6
Continuous
 62
     7
 48
25.4
100
AcDbLine
 10
84.1745426351
 20
151.7841452482
 30
0.0
 11
84.1745426351
 21
149.7841452482
 31
0.0
  0
LINE
  5
590
330
67
100
AcDbEntity
  8
DV1_Default
  6
Continuous
 62
     7
 48
25.4
100
AcDbLine
 10
84.3745426351
 20
151.7841452482
 30
0.0
 11
85.7745426351
 21
151.7841452482
 31
0.0
  0
LINE
  5
591
330
67
100
AcDbEntity
  8
DV1_Default
  6
Continuous
 62
     7
 48
25.4
100
AcDbLine
 10
85.7745426351
 20
149.7841452482
 30
0.0
 11
84.3745426351
 21
149.7841452482
 31
0.0
  0
LINE
  5
592
330
67
100
AcDbEntity
  8
DV1_Default
  6
Continuous
 62
     7
 48
25.4
100
AcDbLine
 10
84.3745426351
 20
149.7841452482
 30
0.0
 11
84.3745426351
 21
151.7841452482
 31
0.0
  0
LINE
  5
593
330
67
100
AcDbEntity
  8
DV1_Default
  6
Continuous
 62
     7
 48
25.4
100
AcDbLine
 10
85.7745426351
 20
151.7841452482
 30
0.0
 11
85.7745426351
 21
149.7841452482
 31
0.0
  0
LINE
  5
594
330
67
100
AcDbEntity
  8
DV1_Default
  6
Continuous
 62
     7
 48
25.4
100
AcDbLine
 10
85.9745426351
 20
151.7841452482
 30
0.0
 11
87.3745426351
 21
151.7841452482
 31
0.0
  0
LINE
  5
595
330
67
100
AcDbEntity
  8
DV1_Default
  6
Continuous
 62
     7
 48
25.4
100
AcDbLine
 10
87.3745426351
 20
149.7841452482
 30
0.0
 11
85.9745426351
 21
149.7841452482
 31
0.0
  0
LINE
  5
596
330
67
100
AcDbEntity
  8
DV1_Default
  6
Continuous
 62
     7
 48
25.4
100
AcDbLine
 10
85.9745426351
 20
149.7841452482
 30
0.0
 11
85.9745426351
 21
151.7841452482
 31
0.0
  0
LINE
  5
597
330
67
100
AcDbEntity
  8
DV1_Default
  6
Continuous
 62
     7
 48
25.4
100
AcDbLine
 10
87.3745426351
 20
151.7841452482
 30
0.0
 11
87.3745426351
 21
149.7841452482
 31
0.0
  0
LINE
  5
598
330
67
100
AcDbEntity
  8
DV1_Default
  6
Continuous
 62
     7
 48
25.4
100
AcDbLine
 10
87.5745426351
 20
151.7841452482
 30
0.0
 11
88.9745426351
 21
151.7841452482
 31
0.0
  0
LINE
  5
599
330
67
100
AcDbEntity
  8
DV1_Default
  6
Continuous
 62
     7
 48
25.4
100
AcDbLine
 10
88.9745426351
 20
149.7841452482
 30
0.0
 11
87.5745426351
 21
149.7841452482
 31
0.0
  0
LINE
  5
59A
330
67
100
AcDbEntity
  8
DV1_Default
  6
Continuous
 62
     7
 48
25.4
100
AcDbLine
 10
87.5745426351
 20
149.7841452482
 30
0.0
 11
87.5745426351
 21
151.7841452482
 31
0.0
  0
LINE
  5
59B
330
67
100
AcDbEntity
  8
DV1_Default
  6
Continuous
 62
     7
 48
25.4
100
AcDbLine
 10
88.9745426351
 20
151.7841452482
 30
0.0
 11
88.9745426351
 21
149.7841452482
 31
0.0
  0
LINE
  5
59C
330
67
100
AcDbEntity
  8
DV1_Default
  6
Continuous
 62
     7
 48
25.4
100
AcDbLine
 10
89.1745426351
 20
151.7841452482
 30
0.0
 11
90.5745426351
 21
151.7841452482
 31
0.0
  0
LINE
  5
59D
330
67
100
AcDbEntity
  8
DV1_Default
  6
Continuous
 62
     7
 48
25.4
100
AcDbLine
 10
90.5745426351
 20
149.7841452482
 30
0.0
 11
89.1745426351
 21
149.7841452482
 31
0.0
  0
LINE
  5
59E
330
67
100
AcDbEntity
  8
DV1_Default
  6
Continuous
 62
     7
 48
25.4
100
AcDbLine
 10
89.1745426351
 20
149.7841452482
 30
0.0
 11
89.1745426351
 21
151.7841452482
 31
0.0
  0
LINE
  5
59F
330
67
100
AcDbEntity
  8
DV1_Default
  6
Continuous
 62
     7
 48
25.4
100
AcDbLine
 10
90.5745426351
 20
151.7841452482
 30
0.0
 11
90.5745426351
 21
149.7841452482
 31
0.0
  0
LINE
  5
5A0
330
67
100
AcDbEntity
  8
DV1_Default
  6
Continuous
 62
     7
 48
25.4
100
AcDbLine
 10
90.7745426351
 20
151.7841452482
 30
0.0
 11
92.1745426351
 21
151.7841452482
 31
0.0
  0
LINE
  5
5A1
330
67
100
AcDbEntity
  8
DV1_Default
  6
Continuous
 62
     7
 48
25.4
100
AcDbLine
 10
92.1745426351
 20
149.7841452482
 30
0.0
 11
90.7745426351
 21
149.7841452482
 31
0.0
  0
LINE
  5
5A2
330
67
100
AcDbEntity
  8
DV1_Default
  6
Continuous
 62
     7
 48
25.4
100
AcDbLine
 10
90.7745426351
 20
149.7841452482
 30
0.0
 11
90.7745426351
 21
151.7841452482
 31
0.0
  0
LINE
  5
5A3
330
67
100
AcDbEntity
  8
DV1_Default
  6
Continuous
 62
     7
 48
25.4
100
AcDbLine
 10
92.1745426351
 20
151.7841452482
 30
0.0
 11
92.1745426351
 21
149.7841452482
 31
0.0
  0
LINE
  5
5A4
330
67
100
AcDbEntity
  8
DV1_Default
  6
Continuous
 62
     7
 48
25.4
100
AcDbLine
 10
92.3745426351
 20
151.7841452482
 30
0.0
 11
93.7745426351
 21
151.7841452482
 31
0.0
  0
LINE
  5
5A5
330
67
100
AcDbEntity
  8
DV1_Default
  6
Continuous
 62
     7
 48
25.4
100
AcDbLine
 10
93.7745426351
 20
149.7841452482
 30
0.0
 11
92.3745426351
 21
149.7841452482
 31
0.0
  0
LINE
  5
5A6
330
67
100
AcDbEntity
  8
DV1_Default
  6
Continuous
 62
     7
 48
25.4
100
AcDbLine
 10
92.3745426351
 20
149.7841452482
 30
0.0
 11
92.3745426351
 21
151.7841452482
 31
0.0
  0
LINE
  5
5A7
330
67
100
AcDbEntity
  8
DV1_Default
  6
Continuous
 62
     7
 48
25.4
100
AcDbLine
 10
93.7745426351
 20
151.7841452482
 30
0.0
 11
93.7745426351
 21
149.7841452482
 31
0.0
  0
LINE
  5
5A8
330
67
100
AcDbEntity
  8
DV1_Default
  6
Continuous
 62
     7
 48
25.4
100
AcDbLine
 10
57.1745426351
 20
154.1841452482
 30
0.0
 11
58.5745426351
 21
154.1841452482
 31
0.0
  0
LINE
  5
5A9
330
67
100
AcDbEntity
  8
DV1_Default
  6
Continuous
 62
     7
 48
25.4
100
AcDbLine
 10
58.5745426351
 20
152.1841452482
 30
0.0
 11
57.1745426351
 21
152.1841452482
 31
0.0
  0
LINE
  5
5AA
330
67
100
AcDbEntity
  8
DV1_Default
  6
Continuous
 62
     7
 48
25.4
100
AcDbLine
 10
57.1745426351
 20
152.1841452482
 30
0.0
 11
57.1745426351
 21
154.1841452482
 31
0.0
  0
LINE
  5
5AB
330
67
100
AcDbEntity
  8
DV1_Default
  6
Continuous
 62
     7
 48
25.4
100
AcDbLine
 10
58.5745426351
 20
154.1841452482
 30
0.0
 11
58.5745426351
 21
152.1841452482
 31
0.0
  0
LINE
  5
5AC
330
67
100
AcDbEntity
  8
DV1_Default
  6
Continuous
 62
     7
 48
25.4
100
AcDbLine
 10
58.7745426351
 20
154.1841452482
 30
0.0
 11
60.1745426351
 21
154.1841452482
 31
0.0
  0
LINE
  5
5AD
330
67
100
AcDbEntity
  8
DV1_Default
  6
Continuous
 62
     7
 48
25.4
100
AcDbLine
 10
60.1745426351
 20
152.1841452482
 30
0.0
 11
58.7745426351
 21
152.1841452482
 31
0.0
  0
LINE
  5
5AE
330
67
100
AcDbEntity
  8
DV1_Default
  6
Continuous
 62
     7
 48
25.4
100
AcDbLine
 10
58.7745426351
 20
152.1841452482
 30
0.0
 11
58.7745426351
 21
154.1841452482
 31
0.0
  0
LINE
  5
5AF
330
67
100
AcDbEntity
  8
DV1_Default
  6
Continuous
 62
     7
 48
25.4
100
AcDbLine
 10
60.1745426351
 20
154.1841452482
 30
0.0
 11
60.1745426351
 21
152.1841452482
 31
0.0
  0
LINE
  5
5B0
330
67
100
AcDbEntity
  8
DV1_Default
  6
Continuous
 62
     7
 48
25.4
100
AcDbLine
 10
60.3745426351
 20
154.1841452482
 30
0.0
 11
61.7745426351
 21
154.1841452482
 31
0.0
  0
LINE
  5
5B1
330
67
100
AcDbEntity
  8
DV1_Default
  6
Continuous
 62
     7
 48
25.4
100
AcDbLine
 10
61.7745426351
 20
152.1841452482
 30
0.0
 11
60.3745426351
 21
152.1841452482
 31
0.0
  0
LINE
  5
5B2
330
67
100
AcDbEntity
  8
DV1_Default
  6
Continuous
 62
     7
 48
25.4
100
AcDbLine
 10
60.3745426351
 20
152.1841452482
 30
0.0
 11
60.3745426351
 21
154.1841452482
 31
0.0
  0
LINE
  5
5B3
330
67
100
AcDbEntity
  8
DV1_Default
  6
Continuous
 62
     7
 48
25.4
100
AcDbLine
 10
61.7745426351
 20
154.1841452482
 30
0.0
 11
61.7745426351
 21
152.1841452482
 31
0.0
  0
LINE
  5
5B4
330
67
100
AcDbEntity
  8
DV1_Default
  6
Continuous
 62
     7
 48
25.4
100
AcDbLine
 10
61.9745426351
 20
154.1841452482
 30
0.0
 11
63.3745426351
 21
154.1841452482
 31
0.0
  0
LINE
  5
5B5
330
67
100
AcDbEntity
  8
DV1_Default
  6
Continuous
 62
     7
 48
25.4
100
AcDbLine
 10
63.3745426351
 20
152.1841452482
 30
0.0
 11
61.9745426351
 21
152.1841452482
 31
0.0
  0
LINE
  5
5B6
330
67
100
AcDbEntity
  8
DV1_Default
  6
Continuous
 62
     7
 48
25.4
100
AcDbLine
 10
61.9745426351
 20
152.1841452482
 30
0.0
 11
61.9745426351
 21
154.1841452482
 31
0.0
  0
LINE
  5
5B7
330
67
100
AcDbEntity
  8
DV1_Default
  6
Continuous
 62
     7
 48
25.4
100
AcDbLine
 10
63.3745426351
 20
154.1841452482
 30
0.0
 11
63.3745426351
 21
152.1841452482
 31
0.0
  0
LINE
  5
5B8
330
67
100
AcDbEntity
  8
DV1_Default
  6
Continuous
 62
     7
 48
25.4
100
AcDbLine
 10
63.5745426351
 20
154.1841452482
 30
0.0
 11
64.9745426351
 21
154.1841452482
 31
0.0
  0
LINE
  5
5B9
330
67
100
AcDbEntity
  8
DV1_Default
  6
Continuous
 62
     7
 48
25.4
100
AcDbLine
 10
64.9745426351
 20
152.1841452482
 30
0.0
 11
63.5745426351
 21
152.1841452482
 31
0.0
  0
LINE
  5
5BA
330
67
100
AcDbEntity
  8
DV1_Default
  6
Continuous
 62
     7
 48
25.4
100
AcDbLine
 10
63.5745426351
 20
152.1841452482
 30
0.0
 11
63.5745426351
 21
154.1841452482
 31
0.0
  0
LINE
  5
5BB
330
67
100
AcDbEntity
  8
DV1_Default
  6
Continuous
 62
     7
 48
25.4
100
AcDbLine
 10
64.9745426351
 20
154.1841452482
 30
0.0
 11
64.9745426351
 21
152.1841452482
 31
0.0
  0
LINE
  5
5BC
330
67
100
AcDbEntity
  8
DV1_Default
  6
Continuous
 62
     7
 48
25.4
100
AcDbLine
 10
65.1745426351
 20
154.1841452482
 30
0.0
 11
66.5745426351
 21
154.1841452482
 31
0.0
  0
LINE
  5
5BD
330
67
100
AcDbEntity
  8
DV1_Default
  6
Continuous
 62
     7
 48
25.4
100
AcDbLine
 10
66.5745426351
 20
152.1841452482
 30
0.0
 11
65.1745426351
 21
152.1841452482
 31
0.0
  0
LINE
  5
5BE
330
67
100
AcDbEntity
  8
DV1_Default
  6
Continuous
 62
     7
 48
25.4
100
AcDbLine
 10
65.1745426351
 20
152.1841452482
 30
0.0
 11
65.1745426351
 21
154.1841452482
 31
0.0
  0
LINE
  5
5BF
330
67
100
AcDbEntity
  8
DV1_Default
  6
Continuous
 62
     7
 48
25.4
100
AcDbLine
 10
66.5745426351
 20
154.1841452482
 30
0.0
 11
66.5745426351
 21
152.1841452482
 31
0.0
  0
LINE
  5
5C0
330
67
100
AcDbEntity
  8
DV1_Default
  6
Continuous
 62
     7
 48
25.4
100
AcDbLine
 10
66.7745426351
 20
154.1841452482
 30
0.0
 11
68.1745426351
 21
154.1841452482
 31
0.0
  0
LINE
  5
5C1
330
67
100
AcDbEntity
  8
DV1_Default
  6
Continuous
 62
     7
 48
25.4
100
AcDbLine
 10
68.1745426351
 20
152.1841452482
 30
0.0
 11
66.7745426351
 21
152.1841452482
 31
0.0
  0
LINE
  5
5C2
330
67
100
AcDbEntity
  8
DV1_Default
  6
Continuous
 62
     7
 48
25.4
100
AcDbLine
 10
66.7745426351
 20
152.1841452482
 30
0.0
 11
66.7745426351
 21
154.1841452482
 31
0.0
  0
LINE
  5
5C3
330
67
100
AcDbEntity
  8
DV1_Default
  6
Continuous
 62
     7
 48
25.4
100
AcDbLine
 10
68.1745426351
 20
154.1841452482
 30
0.0
 11
68.1745426351
 21
152.1841452482
 31
0.0
  0
LINE
  5
5C4
330
67
100
AcDbEntity
  8
DV1_Default
  6
Continuous
 62
     7
 48
25.4
100
AcDbLine
 10
68.3745426351
 20
154.1841452482
 30
0.0
 11
69.7745426351
 21
154.1841452482
 31
0.0
  0
LINE
  5
5C5
330
67
100
AcDbEntity
  8
DV1_Default
  6
Continuous
 62
     7
 48
25.4
100
AcDbLine
 10
69.7745426351
 20
152.1841452482
 30
0.0
 11
68.3745426351
 21
152.1841452482
 31
0.0
  0
LINE
  5
5C6
330
67
100
AcDbEntity
  8
DV1_Default
  6
Continuous
 62
     7
 48
25.4
100
AcDbLine
 10
68.3745426351
 20
152.1841452482
 30
0.0
 11
68.3745426351
 21
154.1841452482
 31
0.0
  0
LINE
  5
5C7
330
67
100
AcDbEntity
  8
DV1_Default
  6
Continuous
 62
     7
 48
25.4
100
AcDbLine
 10
69.7745426351
 20
154.1841452482
 30
0.0
 11
69.7745426351
 21
152.1841452482
 31
0.0
  0
LINE
  5
5C8
330
67
100
AcDbEntity
  8
DV1_Default
  6
Continuous
 62
     7
 48
25.4
100
AcDbLine
 10
69.9745426351
 20
154.1841452482
 30
0.0
 11
71.3745426351
 21
154.1841452482
 31
0.0
  0
LINE
  5
5C9
330
67
100
AcDbEntity
  8
DV1_Default
  6
Continuous
 62
     7
 48
25.4
100
AcDbLine
 10
71.3745426351
 20
152.1841452482
 30
0.0
 11
69.9745426351
 21
152.1841452482
 31
0.0
  0
LINE
  5
5CA
330
67
100
AcDbEntity
  8
DV1_Default
  6
Continuous
 62
     7
 48
25.4
100
AcDbLine
 10
69.9745426351
 20
152.1841452482
 30
0.0
 11
69.9745426351
 21
154.1841452482
 31
0.0
  0
LINE
  5
5CB
330
67
100
AcDbEntity
  8
DV1_Default
  6
Continuous
 62
     7
 48
25.4
100
AcDbLine
 10
71.3745426351
 20
154.1841452482
 30
0.0
 11
71.3745426351
 21
152.1841452482
 31
0.0
  0
LINE
  5
5CC
330
67
100
AcDbEntity
  8
DV1_Default
  6
Continuous
 62
     7
 48
25.4
100
AcDbLine
 10
71.5745426351
 20
154.1841452482
 30
0.0
 11
72.9745426351
 21
154.1841452482
 31
0.0
  0
LINE
  5
5CD
330
67
100
AcDbEntity
  8
DV1_Default
  6
Continuous
 62
     7
 48
25.4
100
AcDbLine
 10
72.9745426351
 20
152.1841452482
 30
0.0
 11
71.5745426351
 21
152.1841452482
 31
0.0
  0
LINE
  5
5CE
330
67
100
AcDbEntity
  8
DV1_Default
  6
Continuous
 62
     7
 48
25.4
100
AcDbLine
 10
71.5745426351
 20
152.1841452482
 30
0.0
 11
71.5745426351
 21
154.1841452482
 31
0.0
  0
LINE
  5
5CF
330
67
100
AcDbEntity
  8
DV1_Default
  6
Continuous
 62
     7
 48
25.4
100
AcDbLine
 10
72.9745426351
 20
154.1841452482
 30
0.0
 11
72.9745426351
 21
152.1841452482
 31
0.0
  0
LINE
  5
5D0
330
67
100
AcDbEntity
  8
DV1_Default
  6
Continuous
 62
     7
 48
25.4
100
AcDbLine
 10
73.1745426351
 20
154.1841452482
 30
0.0
 11
74.5745426351
 21
154.1841452482
 31
0.0
  0
LINE
  5
5D1
330
67
100
AcDbEntity
  8
DV1_Default
  6
Continuous
 62
     7
 48
25.4
100
AcDbLine
 10
74.5745426351
 20
152.1841452482
 30
0.0
 11
73.1745426351
 21
152.1841452482
 31
0.0
  0
LINE
  5
5D2
330
67
100
AcDbEntity
  8
DV1_Default
  6
Continuous
 62
     7
 48
25.4
100
AcDbLine
 10
73.1745426351
 20
152.1841452482
 30
0.0
 11
73.1745426351
 21
154.1841452482
 31
0.0
  0
LINE
  5
5D3
330
67
100
AcDbEntity
  8
DV1_Default
  6
Continuous
 62
     7
 48
25.4
100
AcDbLine
 10
74.5745426351
 20
154.1841452482
 30
0.0
 11
74.5745426351
 21
152.1841452482
 31
0.0
  0
LINE
  5
5D4
330
67
100
AcDbEntity
  8
DV1_Default
  6
Continuous
 62
     7
 48
25.4
100
AcDbLine
 10
74.7745426351
 20
154.1841452482
 30
0.0
 11
76.1745426351
 21
154.1841452482
 31
0.0
  0
LINE
  5
5D5
330
67
100
AcDbEntity
  8
DV1_Default
  6
Continuous
 62
     7
 48
25.4
100
AcDbLine
 10
76.1745426351
 20
152.1841452482
 30
0.0
 11
74.7745426351
 21
152.1841452482
 31
0.0
  0
LINE
  5
5D6
330
67
100
AcDbEntity
  8
DV1_Default
  6
Continuous
 62
     7
 48
25.4
100
AcDbLine
 10
74.7745426351
 20
152.1841452482
 30
0.0
 11
74.7745426351
 21
154.1841452482
 31
0.0
  0
LINE
  5
5D7
330
67
100
AcDbEntity
  8
DV1_Default
  6
Continuous
 62
     7
 48
25.4
100
AcDbLine
 10
76.1745426351
 20
154.1841452482
 30
0.0
 11
76.1745426351
 21
152.1841452482
 31
0.0
  0
LINE
  5
5D8
330
67
100
AcDbEntity
  8
DV1_Default
  6
Continuous
 62
     7
 48
25.4
100
AcDbLine
 10
76.3745426351
 20
154.1841452482
 30
0.0
 11
77.7745426351
 21
154.1841452482
 31
0.0
  0
LINE
  5
5D9
330
67
100
AcDbEntity
  8
DV1_Default
  6
Continuous
 62
     7
 48
25.4
100
AcDbLine
 10
77.7745426351
 20
152.1841452482
 30
0.0
 11
76.3745426351
 21
152.1841452482
 31
0.0
  0
LINE
  5
5DA
330
67
100
AcDbEntity
  8
DV1_Default
  6
Continuous
 62
     7
 48
25.4
100
AcDbLine
 10
76.3745426351
 20
152.1841452482
 30
0.0
 11
76.3745426351
 21
154.1841452482
 31
0.0
  0
LINE
  5
5DB
330
67
100
AcDbEntity
  8
DV1_Default
  6
Continuous
 62
     7
 48
25.4
100
AcDbLine
 10
77.7745426351
 20
154.1841452482
 30
0.0
 11
77.7745426351
 21
152.1841452482
 31
0.0
  0
LINE
  5
5DC
330
67
100
AcDbEntity
  8
DV1_Default
  6
Continuous
 62
     7
 48
25.4
100
AcDbLine
 10
77.9745426351
 20
154.1841452482
 30
0.0
 11
79.3745426351
 21
154.1841452482
 31
0.0
  0
LINE
  5
5DD
330
67
100
AcDbEntity
  8
DV1_Default
  6
Continuous
 62
     7
 48
25.4
100
AcDbLine
 10
79.3745426351
 20
152.1841452482
 30
0.0
 11
77.9745426351
 21
152.1841452482
 31
0.0
  0
LINE
  5
5DE
330
67
100
AcDbEntity
  8
DV1_Default
  6
Continuous
 62
     7
 48
25.4
100
AcDbLine
 10
77.9745426351
 20
152.1841452482
 30
0.0
 11
77.9745426351
 21
154.1841452482
 31
0.0
  0
LINE
  5
5DF
330
67
100
AcDbEntity
  8
DV1_Default
  6
Continuous
 62
     7
 48
25.4
100
AcDbLine
 10
79.3745426351
 20
154.1841452482
 30
0.0
 11
79.3745426351
 21
152.1841452482
 31
0.0
  0
LINE
  5
5E0
330
67
100
AcDbEntity
  8
DV1_Default
  6
Continuous
 62
     7
 48
25.4
100
AcDbLine
 10
79.5745426351
 20
154.1841452482
 30
0.0
 11
80.9745426351
 21
154.1841452482
 31
0.0
  0
LINE
  5
5E1
330
67
100
AcDbEntity
  8
DV1_Default
  6
Continuous
 62
     7
 48
25.4
100
AcDbLine
 10
80.9745426351
 20
152.1841452482
 30
0.0
 11
79.5745426351
 21
152.1841452482
 31
0.0
  0
LINE
  5
5E2
330
67
100
AcDbEntity
  8
DV1_Default
  6
Continuous
 62
     7
 48
25.4
100
AcDbLine
 10
79.5745426351
 20
152.1841452482
 30
0.0
 11
79.5745426351
 21
154.1841452482
 31
0.0
  0
LINE
  5
5E3
330
67
100
AcDbEntity
  8
DV1_Default
  6
Continuous
 62
     7
 48
25.4
100
AcDbLine
 10
80.9745426351
 20
154.1841452482
 30
0.0
 11
80.9745426351
 21
152.1841452482
 31
0.0
  0
LINE
  5
5E4
330
67
100
AcDbEntity
  8
DV1_Default
  6
Continuous
 62
     7
 48
25.4
100
AcDbLine
 10
81.1745426351
 20
154.1841452482
 30
0.0
 11
82.5745426351
 21
154.1841452482
 31
0.0
  0
LINE
  5
5E5
330
67
100
AcDbEntity
  8
DV1_Default
  6
Continuous
 62
     7
 48
25.4
100
AcDbLine
 10
82.5745426351
 20
152.1841452482
 30
0.0
 11
81.1745426351
 21
152.1841452482
 31
0.0
  0
LINE
  5
5E6
330
67
100
AcDbEntity
  8
DV1_Default
  6
Continuous
 62
     7
 48
25.4
100
AcDbLine
 10
81.1745426351
 20
152.1841452482
 30
0.0
 11
81.1745426351
 21
154.1841452482
 31
0.0
  0
LINE
  5
5E7
330
67
100
AcDbEntity
  8
DV1_Default
  6
Continuous
 62
     7
 48
25.4
100
AcDbLine
 10
82.5745426351
 20
154.1841452482
 30
0.0
 11
82.5745426351
 21
152.1841452482
 31
0.0
  0
LINE
  5
5E8
330
67
100
AcDbEntity
  8
DV1_Default
  6
Continuous
 62
     7
 48
25.4
100
AcDbLine
 10
82.7745426351
 20
154.1841452482
 30
0.0
 11
84.1745426351
 21
154.1841452482
 31
0.0
  0
LINE
  5
5E9
330
67
100
AcDbEntity
  8
DV1_Default
  6
Continuous
 62
     7
 48
25.4
100
AcDbLine
 10
84.1745426351
 20
152.1841452482
 30
0.0
 11
82.7745426351
 21
152.1841452482
 31
0.0
  0
LINE
  5
5EA
330
67
100
AcDbEntity
  8
DV1_Default
  6
Continuous
 62
     7
 48
25.4
100
AcDbLine
 10
82.7745426351
 20
152.1841452482
 30
0.0
 11
82.7745426351
 21
154.1841452482
 31
0.0
  0
LINE
  5
5EB
330
67
100
AcDbEntity
  8
DV1_Default
  6
Continuous
 62
     7
 48
25.4
100
AcDbLine
 10
84.1745426351
 20
154.1841452482
 30
0.0
 11
84.1745426351
 21
152.1841452482
 31
0.0
  0
LINE
  5
5EC
330
67
100
AcDbEntity
  8
DV1_Default
  6
Continuous
 62
     7
 48
25.4
100
AcDbLine
 10
84.3745426351
 20
154.1841452482
 30
0.0
 11
85.7745426351
 21
154.1841452482
 31
0.0
  0
LINE
  5
5ED
330
67
100
AcDbEntity
  8
DV1_Default
  6
Continuous
 62
     7
 48
25.4
100
AcDbLine
 10
85.7745426351
 20
152.1841452482
 30
0.0
 11
84.3745426351
 21
152.1841452482
 31
0.0
  0
LINE
  5
5EE
330
67
100
AcDbEntity
  8
DV1_Default
  6
Continuous
 62
     7
 48
25.4
100
AcDbLine
 10
84.3745426351
 20
152.1841452482
 30
0.0
 11
84.3745426351
 21
154.1841452482
 31
0.0
  0
LINE
  5
5EF
330
67
100
AcDbEntity
  8
DV1_Default
  6
Continuous
 62
     7
 48
25.4
100
AcDbLine
 10
85.7745426351
 20
154.1841452482
 30
0.0
 11
85.7745426351
 21
152.1841452482
 31
0.0
  0
LINE
  5
5F0
330
67
100
AcDbEntity
  8
DV1_Default
  6
Continuous
 62
     7
 48
25.4
100
AcDbLine
 10
85.9745426351
 20
154.1841452482
 30
0.0
 11
87.3745426351
 21
154.1841452482
 31
0.0
  0
LINE
  5
5F1
330
67
100
AcDbEntity
  8
DV1_Default
  6
Continuous
 62
     7
 48
25.4
100
AcDbLine
 10
87.3745426351
 20
152.1841452482
 30
0.0
 11
85.9745426351
 21
152.1841452482
 31
0.0
  0
LINE
  5
5F2
330
67
100
AcDbEntity
  8
DV1_Default
  6
Continuous
 62
     7
 48
25.4
100
AcDbLine
 10
85.9745426351
 20
152.1841452482
 30
0.0
 11
85.9745426351
 21
154.1841452482
 31
0.0
  0
LINE
  5
5F3
330
67
100
AcDbEntity
  8
DV1_Default
  6
Continuous
 62
     7
 48
25.4
100
AcDbLine
 10
87.3745426351
 20
154.1841452482
 30
0.0
 11
87.3745426351
 21
152.1841452482
 31
0.0
  0
LINE
  5
5F4
330
67
100
AcDbEntity
  8
DV1_Default
  6
Continuous
 62
     7
 48
25.4
100
AcDbLine
 10
87.5745426351
 20
154.1841452482
 30
0.0
 11
88.9745426351
 21
154.1841452482
 31
0.0
  0
LINE
  5
5F5
330
67
100
AcDbEntity
  8
DV1_Default
  6
Continuous
 62
     7
 48
25.4
100
AcDbLine
 10
88.9745426351
 20
152.1841452482
 30
0.0
 11
87.5745426351
 21
152.1841452482
 31
0.0
  0
LINE
  5
5F6
330
67
100
AcDbEntity
  8
DV1_Default
  6
Continuous
 62
     7
 48
25.4
100
AcDbLine
 10
87.5745426351
 20
152.1841452482
 30
0.0
 11
87.5745426351
 21
154.1841452482
 31
0.0
  0
LINE
  5
5F7
330
67
100
AcDbEntity
  8
DV1_Default
  6
Continuous
 62
     7
 48
25.4
100
AcDbLine
 10
88.9745426351
 20
154.1841452482
 30
0.0
 11
88.9745426351
 21
152.1841452482
 31
0.0
  0
LINE
  5
5F8
330
67
100
AcDbEntity
  8
DV1_Default
  6
Continuous
 62
     7
 48
25.4
100
AcDbLine
 10
89.1745426351
 20
154.1841452482
 30
0.0
 11
90.5745426351
 21
154.1841452482
 31
0.0
  0
LINE
  5
5F9
330
67
100
AcDbEntity
  8
DV1_Default
  6
Continuous
 62
     7
 48
25.4
100
AcDbLine
 10
90.5745426351
 20
152.1841452482
 30
0.0
 11
89.1745426351
 21
152.1841452482
 31
0.0
  0
LINE
  5
5FA
330
67
100
AcDbEntity
  8
DV1_Default
  6
Continuous
 62
     7
 48
25.4
100
AcDbLine
 10
89.1745426351
 20
152.1841452482
 30
0.0
 11
89.1745426351
 21
154.1841452482
 31
0.0
  0
LINE
  5
5FB
330
67
100
AcDbEntity
  8
DV1_Default
  6
Continuous
 62
     7
 48
25.4
100
AcDbLine
 10
90.5745426351
 20
154.1841452482
 30
0.0
 11
90.5745426351
 21
152.1841452482
 31
0.0
  0
LINE
  5
5FC
330
67
100
AcDbEntity
  8
DV1_Default
  6
Continuous
 62
     7
 48
25.4
100
AcDbLine
 10
90.7745426351
 20
154.1841452482
 30
0.0
 11
92.1745426351
 21
154.1841452482
 31
0.0
  0
LINE
  5
5FD
330
67
100
AcDbEntity
  8
DV1_Default
  6
Continuous
 62
     7
 48
25.4
100
AcDbLine
 10
92.1745426351
 20
152.1841452482
 30
0.0
 11
90.7745426351
 21
152.1841452482
 31
0.0
  0
LINE
  5
5FE
330
67
100
AcDbEntity
  8
DV1_Default
  6
Continuous
 62
     7
 48
25.4
100
AcDbLine
 10
90.7745426351
 20
152.1841452482
 30
0.0
 11
90.7745426351
 21
154.1841452482
 31
0.0
  0
LINE
  5
5FF
330
67
100
AcDbEntity
  8
DV1_Default
  6
Continuous
 62
     7
 48
25.4
100
AcDbLine
 10
92.1745426351
 20
154.1841452482
 30
0.0
 11
92.1745426351
 21
152.1841452482
 31
0.0
  0
LINE
  5
600
330
67
100
AcDbEntity
  8
DV1_Default
  6
Continuous
 62
     7
 48
25.4
100
AcDbLine
 10
92.3745426351
 20
154.1841452482
 30
0.0
 11
93.7745426351
 21
154.1841452482
 31
0.0
  0
LINE
  5
601
330
67
100
AcDbEntity
  8
DV1_Default
  6
Continuous
 62
     7
 48
25.4
100
AcDbLine
 10
93.7745426351
 20
152.1841452482
 30
0.0
 11
92.3745426351
 21
152.1841452482
 31
0.0
  0
LINE
  5
602
330
67
100
AcDbEntity
  8
DV1_Default
  6
Continuous
 62
     7
 48
25.4
100
AcDbLine
 10
92.3745426351
 20
152.1841452482
 30
0.0
 11
92.3745426351
 21
154.1841452482
 31
0.0
  0
LINE
  5
603
330
67
100
AcDbEntity
  8
DV1_Default
  6
Continuous
 62
     7
 48
25.4
100
AcDbLine
 10
93.7745426351
 20
154.1841452482
 30
0.0
 11
93.7745426351
 21
152.1841452482
 31
0.0
  0
LINE
  5
604
330
67
100
AcDbEntity
  8
DV1_Default
  6
Continuous
 62
     7
 48
25.4
100
AcDbLine
 10
57.1745426351
 20
156.5841452482
 30
0.0
 11
58.5745426351
 21
156.5841452482
 31
0.0
  0
LINE
  5
605
330
67
100
AcDbEntity
  8
DV1_Default
  6
Continuous
 62
     7
 48
25.4
100
AcDbLine
 10
58.5745426351
 20
154.5841452482
 30
0.0
 11
57.1745426351
 21
154.5841452482
 31
0.0
  0
LINE
  5
606
330
67
100
AcDbEntity
  8
DV1_Default
  6
Continuous
 62
     7
 48
25.4
100
AcDbLine
 10
57.1745426351
 20
154.5841452482
 30
0.0
 11
57.1745426351
 21
156.5841452482
 31
0.0
  0
LINE
  5
607
330
67
100
AcDbEntity
  8
DV1_Default
  6
Continuous
 62
     7
 48
25.4
100
AcDbLine
 10
58.5745426351
 20
156.5841452482
 30
0.0
 11
58.5745426351
 21
154.5841452482
 31
0.0
  0
LINE
  5
608
330
67
100
AcDbEntity
  8
DV1_Default
  6
Continuous
 62
     7
 48
25.4
100
AcDbLine
 10
58.7745426351
 20
156.5841452482
 30
0.0
 11
60.1745426351
 21
156.5841452482
 31
0.0
  0
LINE
  5
609
330
67
100
AcDbEntity
  8
DV1_Default
  6
Continuous
 62
     7
 48
25.4
100
AcDbLine
 10
60.1745426351
 20
154.5841452482
 30
0.0
 11
58.7745426351
 21
154.5841452482
 31
0.0
  0
LINE
  5
60A
330
67
100
AcDbEntity
  8
DV1_Default
  6
Continuous
 62
     7
 48
25.4
100
AcDbLine
 10
58.7745426351
 20
154.5841452482
 30
0.0
 11
58.7745426351
 21
156.5841452482
 31
0.0
  0
LINE
  5
60B
330
67
100
AcDbEntity
  8
DV1_Default
  6
Continuous
 62
     7
 48
25.4
100
AcDbLine
 10
60.1745426351
 20
156.5841452482
 30
0.0
 11
60.1745426351
 21
154.5841452482
 31
0.0
  0
LINE
  5
60C
330
67
100
AcDbEntity
  8
DV1_Default
  6
Continuous
 62
     7
 48
25.4
100
AcDbLine
 10
60.3745426351
 20
156.5841452482
 30
0.0
 11
61.7745426351
 21
156.5841452482
 31
0.0
  0
LINE
  5
60D
330
67
100
AcDbEntity
  8
DV1_Default
  6
Continuous
 62
     7
 48
25.4
100
AcDbLine
 10
61.7745426351
 20
154.5841452482
 30
0.0
 11
60.3745426351
 21
154.5841452482
 31
0.0
  0
LINE
  5
60E
330
67
100
AcDbEntity
  8
DV1_Default
  6
Continuous
 62
     7
 48
25.4
100
AcDbLine
 10
60.3745426351
 20
154.5841452482
 30
0.0
 11
60.3745426351
 21
156.5841452482
 31
0.0
  0
LINE
  5
60F
330
67
100
AcDbEntity
  8
DV1_Default
  6
Continuous
 62
     7
 48
25.4
100
AcDbLine
 10
61.7745426351
 20
156.5841452482
 30
0.0
 11
61.7745426351
 21
154.5841452482
 31
0.0
  0
LINE
  5
610
330
67
100
AcDbEntity
  8
DV1_Default
  6
Continuous
 62
     7
 48
25.4
100
AcDbLine
 10
61.9745426351
 20
156.5841452482
 30
0.0
 11
63.3745426351
 21
156.5841452482
 31
0.0
  0
LINE
  5
611
330
67
100
AcDbEntity
  8
DV1_Default
  6
Continuous
 62
     7
 48
25.4
100
AcDbLine
 10
63.3745426351
 20
154.5841452482
 30
0.0
 11
61.9745426351
 21
154.5841452482
 31
0.0
  0
LINE
  5
612
330
67
100
AcDbEntity
  8
DV1_Default
  6
Continuous
 62
     7
 48
25.4
100
AcDbLine
 10
61.9745426351
 20
154.5841452482
 30
0.0
 11
61.9745426351
 21
156.5841452482
 31
0.0
  0
LINE
  5
613
330
67
100
AcDbEntity
  8
DV1_Default
  6
Continuous
 62
     7
 48
25.4
100
AcDbLine
 10
63.3745426351
 20
156.5841452482
 30
0.0
 11
63.3745426351
 21
154.5841452482
 31
0.0
  0
LINE
  5
614
330
67
100
AcDbEntity
  8
DV1_Default
  6
Continuous
 62
     7
 48
25.4
100
AcDbLine
 10
63.5745426351
 20
156.5841452482
 30
0.0
 11
64.9745426351
 21
156.5841452482
 31
0.0
  0
LINE
  5
615
330
67
100
AcDbEntity
  8
DV1_Default
  6
Continuous
 62
     7
 48
25.4
100
AcDbLine
 10
64.9745426351
 20
154.5841452482
 30
0.0
 11
63.5745426351
 21
154.5841452482
 31
0.0
  0
LINE
  5
616
330
67
100
AcDbEntity
  8
DV1_Default
  6
Continuous
 62
     7
 48
25.4
100
AcDbLine
 10
63.5745426351
 20
154.5841452482
 30
0.0
 11
63.5745426351
 21
156.5841452482
 31
0.0
  0
LINE
  5
617
330
67
100
AcDbEntity
  8
DV1_Default
  6
Continuous
 62
     7
 48
25.4
100
AcDbLine
 10
64.9745426351
 20
156.5841452482
 30
0.0
 11
64.9745426351
 21
154.5841452482
 31
0.0
  0
LINE
  5
618
330
67
100
AcDbEntity
  8
DV1_Default
  6
Continuous
 62
     7
 48
25.4
100
AcDbLine
 10
65.1745426351
 20
156.5841452482
 30
0.0
 11
66.5745426351
 21
156.5841452482
 31
0.0
  0
LINE
  5
619
330
67
100
AcDbEntity
  8
DV1_Default
  6
Continuous
 62
     7
 48
25.4
100
AcDbLine
 10
66.5745426351
 20
154.5841452482
 30
0.0
 11
65.1745426351
 21
154.5841452482
 31
0.0
  0
LINE
  5
61A
330
67
100
AcDbEntity
  8
DV1_Default
  6
Continuous
 62
     7
 48
25.4
100
AcDbLine
 10
65.1745426351
 20
154.5841452482
 30
0.0
 11
65.1745426351
 21
156.5841452482
 31
0.0
  0
LINE
  5
61B
330
67
100
AcDbEntity
  8
DV1_Default
  6
Continuous
 62
     7
 48
25.4
100
AcDbLine
 10
66.5745426351
 20
156.5841452482
 30
0.0
 11
66.5745426351
 21
154.5841452482
 31
0.0
  0
LINE
  5
61C
330
67
100
AcDbEntity
  8
DV1_Default
  6
Continuous
 62
     7
 48
25.4
100
AcDbLine
 10
66.7745426351
 20
156.5841452482
 30
0.0
 11
68.1745426351
 21
156.5841452482
 31
0.0
  0
LINE
  5
61D
330
67
100
AcDbEntity
  8
DV1_Default
  6
Continuous
 62
     7
 48
25.4
100
AcDbLine
 10
68.1745426351
 20
154.5841452482
 30
0.0
 11
66.7745426351
 21
154.5841452482
 31
0.0
  0
LINE
  5
61E
330
67
100
AcDbEntity
  8
DV1_Default
  6
Continuous
 62
     7
 48
25.4
100
AcDbLine
 10
66.7745426351
 20
154.5841452482
 30
0.0
 11
66.7745426351
 21
156.5841452482
 31
0.0
  0
LINE
  5
61F
330
67
100
AcDbEntity
  8
DV1_Default
  6
Continuous
 62
     7
 48
25.4
100
AcDbLine
 10
68.1745426351
 20
156.5841452482
 30
0.0
 11
68.1745426351
 21
154.5841452482
 31
0.0
  0
LINE
  5
620
330
67
100
AcDbEntity
  8
DV1_Default
  6
Continuous
 62
     7
 48
25.4
100
AcDbLine
 10
68.3745426351
 20
156.5841452482
 30
0.0
 11
69.7745426351
 21
156.5841452482
 31
0.0
  0
LINE
  5
621
330
67
100
AcDbEntity
  8
DV1_Default
  6
Continuous
 62
     7
 48
25.4
100
AcDbLine
 10
69.7745426351
 20
154.5841452482
 30
0.0
 11
68.3745426351
 21
154.5841452482
 31
0.0
  0
LINE
  5
622
330
67
100
AcDbEntity
  8
DV1_Default
  6
Continuous
 62
     7
 48
25.4
100
AcDbLine
 10
68.3745426351
 20
154.5841452482
 30
0.0
 11
68.3745426351
 21
156.5841452482
 31
0.0
  0
LINE
  5
623
330
67
100
AcDbEntity
  8
DV1_Default
  6
Continuous
 62
     7
 48
25.4
100
AcDbLine
 10
69.7745426351
 20
156.5841452482
 30
0.0
 11
69.7745426351
 21
154.5841452482
 31
0.0
  0
LINE
  5
624
330
67
100
AcDbEntity
  8
DV1_Default
  6
Continuous
 62
     7
 48
25.4
100
AcDbLine
 10
69.9745426351
 20
156.5841452482
 30
0.0
 11
71.3745426351
 21
156.5841452482
 31
0.0
  0
LINE
  5
625
330
67
100
AcDbEntity
  8
DV1_Default
  6
Continuous
 62
     7
 48
25.4
100
AcDbLine
 10
71.3745426351
 20
154.5841452482
 30
0.0
 11
69.9745426351
 21
154.5841452482
 31
0.0
  0
LINE
  5
626
330
67
100
AcDbEntity
  8
DV1_Default
  6
Continuous
 62
     7
 48
25.4
100
AcDbLine
 10
69.9745426351
 20
154.5841452482
 30
0.0
 11
69.9745426351
 21
156.5841452482
 31
0.0
  0
LINE
  5
627
330
67
100
AcDbEntity
  8
DV1_Default
  6
Continuous
 62
     7
 48
25.4
100
AcDbLine
 10
71.3745426351
 20
156.5841452482
 30
0.0
 11
71.3745426351
 21
154.5841452482
 31
0.0
  0
LINE
  5
628
330
67
100
AcDbEntity
  8
DV1_Default
  6
Continuous
 62
     7
 48
25.4
100
AcDbLine
 10
71.5745426351
 20
156.5841452482
 30
0.0
 11
72.9745426351
 21
156.5841452482
 31
0.0
  0
LINE
  5
629
330
67
100
AcDbEntity
  8
DV1_Default
  6
Continuous
 62
     7
 48
25.4
100
AcDbLine
 10
72.9745426351
 20
154.5841452482
 30
0.0
 11
71.5745426351
 21
154.5841452482
 31
0.0
  0
LINE
  5
62A
330
67
100
AcDbEntity
  8
DV1_Default
  6
Continuous
 62
     7
 48
25.4
100
AcDbLine
 10
71.5745426351
 20
154.5841452482
 30
0.0
 11
71.5745426351
 21
156.5841452482
 31
0.0
  0
LINE
  5
62B
330
67
100
AcDbEntity
  8
DV1_Default
  6
Continuous
 62
     7
 48
25.4
100
AcDbLine
 10
72.9745426351
 20
156.5841452482
 30
0.0
 11
72.9745426351
 21
154.5841452482
 31
0.0
  0
LINE
  5
62C
330
67
100
AcDbEntity
  8
DV1_Default
  6
Continuous
 62
     7
 48
25.4
100
AcDbLine
 10
73.1745426351
 20
156.5841452482
 30
0.0
 11
74.5745426351
 21
156.5841452482
 31
0.0
  0
LINE
  5
62D
330
67
100
AcDbEntity
  8
DV1_Default
  6
Continuous
 62
     7
 48
25.4
100
AcDbLine
 10
74.5745426351
 20
154.5841452482
 30
0.0
 11
73.1745426351
 21
154.5841452482
 31
0.0
  0
LINE
  5
62E
330
67
100
AcDbEntity
  8
DV1_Default
  6
Continuous
 62
     7
 48
25.4
100
AcDbLine
 10
73.1745426351
 20
154.5841452482
 30
0.0
 11
73.1745426351
 21
156.5841452482
 31
0.0
  0
LINE
  5
62F
330
67
100
AcDbEntity
  8
DV1_Default
  6
Continuous
 62
     7
 48
25.4
100
AcDbLine
 10
74.5745426351
 20
156.5841452482
 30
0.0
 11
74.5745426351
 21
154.5841452482
 31
0.0
  0
LINE
  5
630
330
67
100
AcDbEntity
  8
DV1_Default
  6
Continuous
 62
     7
 48
25.4
100
AcDbLine
 10
74.7745426351
 20
156.5841452482
 30
0.0
 11
76.1745426351
 21
156.5841452482
 31
0.0
  0
LINE
  5
631
330
67
100
AcDbEntity
  8
DV1_Default
  6
Continuous
 62
     7
 48
25.4
100
AcDbLine
 10
76.1745426351
 20
154.5841452482
 30
0.0
 11
74.7745426351
 21
154.5841452482
 31
0.0
  0
LINE
  5
632
330
67
100
AcDbEntity
  8
DV1_Default
  6
Continuous
 62
     7
 48
25.4
100
AcDbLine
 10
74.7745426351
 20
154.5841452482
 30
0.0
 11
74.7745426351
 21
156.5841452482
 31
0.0
  0
LINE
  5
633
330
67
100
AcDbEntity
  8
DV1_Default
  6
Continuous
 62
     7
 48
25.4
100
AcDbLine
 10
76.1745426351
 20
156.5841452482
 30
0.0
 11
76.1745426351
 21
154.5841452482
 31
0.0
  0
LINE
  5
634
330
67
100
AcDbEntity
  8
DV1_Default
  6
Continuous
 62
     7
 48
25.4
100
AcDbLine
 10
76.3745426351
 20
156.5841452482
 30
0.0
 11
77.7745426351
 21
156.5841452482
 31
0.0
  0
LINE
  5
635
330
67
100
AcDbEntity
  8
DV1_Default
  6
Continuous
 62
     7
 48
25.4
100
AcDbLine
 10
77.7745426351
 20
154.5841452482
 30
0.0
 11
76.3745426351
 21
154.5841452482
 31
0.0
  0
LINE
  5
636
330
67
100
AcDbEntity
  8
DV1_Default
  6
Continuous
 62
     7
 48
25.4
100
AcDbLine
 10
76.3745426351
 20
154.5841452482
 30
0.0
 11
76.3745426351
 21
156.5841452482
 31
0.0
  0
LINE
  5
637
330
67
100
AcDbEntity
  8
DV1_Default
  6
Continuous
 62
     7
 48
25.4
100
AcDbLine
 10
77.7745426351
 20
156.5841452482
 30
0.0
 11
77.7745426351
 21
154.5841452482
 31
0.0
  0
LINE
  5
638
330
67
100
AcDbEntity
  8
DV1_Default
  6
Continuous
 62
     7
 48
25.4
100
AcDbLine
 10
77.9745426351
 20
156.5841452482
 30
0.0
 11
79.3745426351
 21
156.5841452482
 31
0.0
  0
LINE
  5
639
330
67
100
AcDbEntity
  8
DV1_Default
  6
Continuous
 62
     7
 48
25.4
100
AcDbLine
 10
79.3745426351
 20
154.5841452482
 30
0.0
 11
77.9745426351
 21
154.5841452482
 31
0.0
  0
LINE
  5
63A
330
67
100
AcDbEntity
  8
DV1_Default
  6
Continuous
 62
     7
 48
25.4
100
AcDbLine
 10
77.9745426351
 20
154.5841452482
 30
0.0
 11
77.9745426351
 21
156.5841452482
 31
0.0
  0
LINE
  5
63B
330
67
100
AcDbEntity
  8
DV1_Default
  6
Continuous
 62
     7
 48
25.4
100
AcDbLine
 10
79.3745426351
 20
156.5841452482
 30
0.0
 11
79.3745426351
 21
154.5841452482
 31
0.0
  0
LINE
  5
63C
330
67
100
AcDbEntity
  8
DV1_Default
  6
Continuous
 62
     7
 48
25.4
100
AcDbLine
 10
79.5745426351
 20
156.5841452482
 30
0.0
 11
80.9745426351
 21
156.5841452482
 31
0.0
  0
LINE
  5
63D
330
67
100
AcDbEntity
  8
DV1_Default
  6
Continuous
 62
     7
 48
25.4
100
AcDbLine
 10
80.9745426351
 20
154.5841452482
 30
0.0
 11
79.5745426351
 21
154.5841452482
 31
0.0
  0
LINE
  5
63E
330
67
100
AcDbEntity
  8
DV1_Default
  6
Continuous
 62
     7
 48
25.4
100
AcDbLine
 10
79.5745426351
 20
154.5841452482
 30
0.0
 11
79.5745426351
 21
156.5841452482
 31
0.0
  0
LINE
  5
63F
330
67
100
AcDbEntity
  8
DV1_Default
  6
Continuous
 62
     7
 48
25.4
100
AcDbLine
 10
80.9745426351
 20
156.5841452482
 30
0.0
 11
80.9745426351
 21
154.5841452482
 31
0.0
  0
LINE
  5
640
330
67
100
AcDbEntity
  8
DV1_Default
  6
Continuous
 62
     7
 48
25.4
100
AcDbLine
 10
81.1745426351
 20
156.5841452482
 30
0.0
 11
82.5745426351
 21
156.5841452482
 31
0.0
  0
LINE
  5
641
330
67
100
AcDbEntity
  8
DV1_Default
  6
Continuous
 62
     7
 48
25.4
100
AcDbLine
 10
82.5745426351
 20
154.5841452482
 30
0.0
 11
81.1745426351
 21
154.5841452482
 31
0.0
  0
LINE
  5
642
330
67
100
AcDbEntity
  8
DV1_Default
  6
Continuous
 62
     7
 48
25.4
100
AcDbLine
 10
81.1745426351
 20
154.5841452482
 30
0.0
 11
81.1745426351
 21
156.5841452482
 31
0.0
  0
LINE
  5
643
330
67
100
AcDbEntity
  8
DV1_Default
  6
Continuous
 62
     7
 48
25.4
100
AcDbLine
 10
82.5745426351
 20
156.5841452482
 30
0.0
 11
82.5745426351
 21
154.5841452482
 31
0.0
  0
LINE
  5
644
330
67
100
AcDbEntity
  8
DV1_Default
  6
Continuous
 62
     7
 48
25.4
100
AcDbLine
 10
82.7745426351
 20
156.5841452482
 30
0.0
 11
84.1745426351
 21
156.5841452482
 31
0.0
  0
LINE
  5
645
330
67
100
AcDbEntity
  8
DV1_Default
  6
Continuous
 62
     7
 48
25.4
100
AcDbLine
 10
84.1745426351
 20
154.5841452482
 30
0.0
 11
82.7745426351
 21
154.5841452482
 31
0.0
  0
LINE
  5
646
330
67
100
AcDbEntity
  8
DV1_Default
  6
Continuous
 62
     7
 48
25.4
100
AcDbLine
 10
82.7745426351
 20
154.5841452482
 30
0.0
 11
82.7745426351
 21
156.5841452482
 31
0.0
  0
LINE
  5
647
330
67
100
AcDbEntity
  8
DV1_Default
  6
Continuous
 62
     7
 48
25.4
100
AcDbLine
 10
84.1745426351
 20
156.5841452482
 30
0.0
 11
84.1745426351
 21
154.5841452482
 31
0.0
  0
LINE
  5
648
330
67
100
AcDbEntity
  8
DV1_Default
  6
Continuous
 62
     7
 48
25.4
100
AcDbLine
 10
84.3745426351
 20
156.5841452482
 30
0.0
 11
85.7745426351
 21
156.5841452482
 31
0.0
  0
LINE
  5
649
330
67
100
AcDbEntity
  8
DV1_Default
  6
Continuous
 62
     7
 48
25.4
100
AcDbLine
 10
85.7745426351
 20
154.5841452482
 30
0.0
 11
84.3745426351
 21
154.5841452482
 31
0.0
  0
LINE
  5
64A
330
67
100
AcDbEntity
  8
DV1_Default
  6
Continuous
 62
     7
 48
25.4
100
AcDbLine
 10
84.3745426351
 20
154.5841452482
 30
0.0
 11
84.3745426351
 21
156.5841452482
 31
0.0
  0
LINE
  5
64B
330
67
100
AcDbEntity
  8
DV1_Default
  6
Continuous
 62
     7
 48
25.4
100
AcDbLine
 10
85.7745426351
 20
156.5841452482
 30
0.0
 11
85.7745426351
 21
154.5841452482
 31
0.0
  0
LINE
  5
64C
330
67
100
AcDbEntity
  8
DV1_Default
  6
Continuous
 62
     7
 48
25.4
100
AcDbLine
 10
85.9745426351
 20
156.5841452482
 30
0.0
 11
87.3745426351
 21
156.5841452482
 31
0.0
  0
LINE
  5
64D
330
67
100
AcDbEntity
  8
DV1_Default
  6
Continuous
 62
     7
 48
25.4
100
AcDbLine
 10
87.3745426351
 20
154.5841452482
 30
0.0
 11
85.9745426351
 21
154.5841452482
 31
0.0
  0
LINE
  5
64E
330
67
100
AcDbEntity
  8
DV1_Default
  6
Continuous
 62
     7
 48
25.4
100
AcDbLine
 10
85.9745426351
 20
154.5841452482
 30
0.0
 11
85.9745426351
 21
156.5841452482
 31
0.0
  0
LINE
  5
64F
330
67
100
AcDbEntity
  8
DV1_Default
  6
Continuous
 62
     7
 48
25.4
100
AcDbLine
 10
87.3745426351
 20
156.5841452482
 30
0.0
 11
87.3745426351
 21
154.5841452482
 31
0.0
  0
LINE
  5
650
330
67
100
AcDbEntity
  8
DV1_Default
  6
Continuous
 62
     7
 48
25.4
100
AcDbLine
 10
87.5745426351
 20
156.5841452482
 30
0.0
 11
88.9745426351
 21
156.5841452482
 31
0.0
  0
LINE
  5
651
330
67
100
AcDbEntity
  8
DV1_Default
  6
Continuous
 62
     7
 48
25.4
100
AcDbLine
 10
88.9745426351
 20
154.5841452482
 30
0.0
 11
87.5745426351
 21
154.5841452482
 31
0.0
  0
LINE
  5
652
330
67
100
AcDbEntity
  8
DV1_Default
  6
Continuous
 62
     7
 48
25.4
100
AcDbLine
 10
87.5745426351
 20
154.5841452482
 30
0.0
 11
87.5745426351
 21
156.5841452482
 31
0.0
  0
LINE
  5
653
330
67
100
AcDbEntity
  8
DV1_Default
  6
Continuous
 62
     7
 48
25.4
100
AcDbLine
 10
88.9745426351
 20
156.5841452482
 30
0.0
 11
88.9745426351
 21
154.5841452482
 31
0.0
  0
LINE
  5
654
330
67
100
AcDbEntity
  8
DV1_Default
  6
Continuous
 62
     7
 48
25.4
100
AcDbLine
 10
89.1745426351
 20
156.5841452482
 30
0.0
 11
90.5745426351
 21
156.5841452482
 31
0.0
  0
LINE
  5
655
330
67
100
AcDbEntity
  8
DV1_Default
  6
Continuous
 62
     7
 48
25.4
100
AcDbLine
 10
90.5745426351
 20
154.5841452482
 30
0.0
 11
89.1745426351
 21
154.5841452482
 31
0.0
  0
LINE
  5
656
330
67
100
AcDbEntity
  8
DV1_Default
  6
Continuous
 62
     7
 48
25.4
100
AcDbLine
 10
89.1745426351
 20
154.5841452482
 30
0.0
 11
89.1745426351
 21
156.5841452482
 31
0.0
  0
LINE
  5
657
330
67
100
AcDbEntity
  8
DV1_Default
  6
Continuous
 62
     7
 48
25.4
100
AcDbLine
 10
90.5745426351
 20
156.5841452482
 30
0.0
 11
90.5745426351
 21
154.5841452482
 31
0.0
  0
LINE
  5
658
330
67
100
AcDbEntity
  8
DV1_Default
  6
Continuous
 62
     7
 48
25.4
100
AcDbLine
 10
90.7745426351
 20
156.5841452482
 30
0.0
 11
92.1745426351
 21
156.5841452482
 31
0.0
  0
LINE
  5
659
330
67
100
AcDbEntity
  8
DV1_Default
  6
Continuous
 62
     7
 48
25.4
100
AcDbLine
 10
92.1745426351
 20
154.5841452482
 30
0.0
 11
90.7745426351
 21
154.5841452482
 31
0.0
  0
LINE
  5
65A
330
67
100
AcDbEntity
  8
DV1_Default
  6
Continuous
 62
     7
 48
25.4
100
AcDbLine
 10
90.7745426351
 20
154.5841452482
 30
0.0
 11
90.7745426351
 21
156.5841452482
 31
0.0
  0
LINE
  5
65B
330
67
100
AcDbEntity
  8
DV1_Default
  6
Continuous
 62
     7
 48
25.4
100
AcDbLine
 10
92.1745426351
 20
156.5841452482
 30
0.0
 11
92.1745426351
 21
154.5841452482
 31
0.0
  0
LINE
  5
65C
330
67
100
AcDbEntity
  8
DV1_Default
  6
Continuous
 62
     7
 48
25.4
100
AcDbLine
 10
92.3745426351
 20
156.5841452482
 30
0.0
 11
93.7745426351
 21
156.5841452482
 31
0.0
  0
LINE
  5
65D
330
67
100
AcDbEntity
  8
DV1_Default
  6
Continuous
 62
     7
 48
25.4
100
AcDbLine
 10
93.7745426351
 20
154.5841452482
 30
0.0
 11
92.3745426351
 21
154.5841452482
 31
0.0
  0
LINE
  5
65E
330
67
100
AcDbEntity
  8
DV1_Default
  6
Continuous
 62
     7
 48
25.4
100
AcDbLine
 10
92.3745426351
 20
154.5841452482
 30
0.0
 11
92.3745426351
 21
156.5841452482
 31
0.0
  0
LINE
  5
65F
330
67
100
AcDbEntity
  8
DV1_Default
  6
Continuous
 62
     7
 48
25.4
100
AcDbLine
 10
93.7745426351
 20
156.5841452482
 30
0.0
 11
93.7745426351
 21
154.5841452482
 31
0.0
  0
LINE
  5
660
330
67
100
AcDbEntity
  8
DV1_Default
  6
Continuous
 62
     7
 48
25.4
100
AcDbLine
 10
57.1745426351
 20
158.9841452482
 30
0.0
 11
58.5745426351
 21
158.9841452482
 31
0.0
  0
LINE
  5
661
330
67
100
AcDbEntity
  8
DV1_Default
  6
Continuous
 62
     7
 48
25.4
100
AcDbLine
 10
58.5745426351
 20
156.9841452482
 30
0.0
 11
57.1745426351
 21
156.9841452482
 31
0.0
  0
LINE
  5
662
330
67
100
AcDbEntity
  8
DV1_Default
  6
Continuous
 62
     7
 48
25.4
100
AcDbLine
 10
57.1745426351
 20
156.9841452482
 30
0.0
 11
57.1745426351
 21
158.9841452482
 31
0.0
  0
LINE
  5
663
330
67
100
AcDbEntity
  8
DV1_Default
  6
Continuous
 62
     7
 48
25.4
100
AcDbLine
 10
58.5745426351
 20
158.9841452482
 30
0.0
 11
58.5745426351
 21
156.9841452482
 31
0.0
  0
LINE
  5
664
330
67
100
AcDbEntity
  8
DV1_Default
  6
Continuous
 62
     7
 48
25.4
100
AcDbLine
 10
58.7745426351
 20
158.9841452482
 30
0.0
 11
60.1745426351
 21
158.9841452482
 31
0.0
  0
LINE
  5
665
330
67
100
AcDbEntity
  8
DV1_Default
  6
Continuous
 62
     7
 48
25.4
100
AcDbLine
 10
60.1745426351
 20
156.9841452482
 30
0.0
 11
58.7745426351
 21
156.9841452482
 31
0.0
  0
LINE
  5
666
330
67
100
AcDbEntity
  8
DV1_Default
  6
Continuous
 62
     7
 48
25.4
100
AcDbLine
 10
58.7745426351
 20
156.9841452482
 30
0.0
 11
58.7745426351
 21
158.9841452482
 31
0.0
  0
LINE
  5
667
330
67
100
AcDbEntity
  8
DV1_Default
  6
Continuous
 62
     7
 48
25.4
100
AcDbLine
 10
60.1745426351
 20
158.9841452482
 30
0.0
 11
60.1745426351
 21
156.9841452482
 31
0.0
  0
LINE
  5
668
330
67
100
AcDbEntity
  8
DV1_Default
  6
Continuous
 62
     7
 48
25.4
100
AcDbLine
 10
60.3745426351
 20
158.9841452482
 30
0.0
 11
61.7745426351
 21
158.9841452482
 31
0.0
  0
LINE
  5
669
330
67
100
AcDbEntity
  8
DV1_Default
  6
Continuous
 62
     7
 48
25.4
100
AcDbLine
 10
61.7745426351
 20
156.9841452482
 30
0.0
 11
60.3745426351
 21
156.9841452482
 31
0.0
  0
LINE
  5
66A
330
67
100
AcDbEntity
  8
DV1_Default
  6
Continuous
 62
     7
 48
25.4
100
AcDbLine
 10
60.3745426351
 20
156.9841452482
 30
0.0
 11
60.3745426351
 21
158.9841452482
 31
0.0
  0
LINE
  5
66B
330
67
100
AcDbEntity
  8
DV1_Default
  6
Continuous
 62
     7
 48
25.4
100
AcDbLine
 10
61.7745426351
 20
158.9841452482
 30
0.0
 11
61.7745426351
 21
156.9841452482
 31
0.0
  0
LINE
  5
66C
330
67
100
AcDbEntity
  8
DV1_Default
  6
Continuous
 62
     7
 48
25.4
100
AcDbLine
 10
61.9745426351
 20
158.9841452482
 30
0.0
 11
63.3745426351
 21
158.9841452482
 31
0.0
  0
LINE
  5
66D
330
67
100
AcDbEntity
  8
DV1_Default
  6
Continuous
 62
     7
 48
25.4
100
AcDbLine
 10
63.3745426351
 20
156.9841452482
 30
0.0
 11
61.9745426351
 21
156.9841452482
 31
0.0
  0
LINE
  5
66E
330
67
100
AcDbEntity
  8
DV1_Default
  6
Continuous
 62
     7
 48
25.4
100
AcDbLine
 10
61.9745426351
 20
156.9841452482
 30
0.0
 11
61.9745426351
 21
158.9841452482
 31
0.0
  0
LINE
  5
66F
330
67
100
AcDbEntity
  8
DV1_Default
  6
Continuous
 62
     7
 48
25.4
100
AcDbLine
 10
63.3745426351
 20
158.9841452482
 30
0.0
 11
63.3745426351
 21
156.9841452482
 31
0.0
  0
LINE
  5
670
330
67
100
AcDbEntity
  8
DV1_Default
  6
Continuous
 62
     7
 48
25.4
100
AcDbLine
 10
63.5745426351
 20
158.9841452482
 30
0.0
 11
64.9745426351
 21
158.9841452482
 31
0.0
  0
LINE
  5
671
330
67
100
AcDbEntity
  8
DV1_Default
  6
Continuous
 62
     7
 48
25.4
100
AcDbLine
 10
64.9745426351
 20
156.9841452482
 30
0.0
 11
63.5745426351
 21
156.9841452482
 31
0.0
  0
LINE
  5
672
330
67
100
AcDbEntity
  8
DV1_Default
  6
Continuous
 62
     7
 48
25.4
100
AcDbLine
 10
63.5745426351
 20
156.9841452482
 30
0.0
 11
63.5745426351
 21
158.9841452482
 31
0.0
  0
LINE
  5
673
330
67
100
AcDbEntity
  8
DV1_Default
  6
Continuous
 62
     7
 48
25.4
100
AcDbLine
 10
64.9745426351
 20
158.9841452482
 30
0.0
 11
64.9745426351
 21
156.9841452482
 31
0.0
  0
LINE
  5
674
330
67
100
AcDbEntity
  8
DV1_Default
  6
Continuous
 62
     7
 48
25.4
100
AcDbLine
 10
65.1745426351
 20
158.9841452482
 30
0.0
 11
66.5745426351
 21
158.9841452482
 31
0.0
  0
LINE
  5
675
330
67
100
AcDbEntity
  8
DV1_Default
  6
Continuous
 62
     7
 48
25.4
100
AcDbLine
 10
66.5745426351
 20
156.9841452482
 30
0.0
 11
65.1745426351
 21
156.9841452482
 31
0.0
  0
LINE
  5
676
330
67
100
AcDbEntity
  8
DV1_Default
  6
Continuous
 62
     7
 48
25.4
100
AcDbLine
 10
65.1745426351
 20
156.9841452482
 30
0.0
 11
65.1745426351
 21
158.9841452482
 31
0.0
  0
LINE
  5
677
330
67
100
AcDbEntity
  8
DV1_Default
  6
Continuous
 62
     7
 48
25.4
100
AcDbLine
 10
66.5745426351
 20
158.9841452482
 30
0.0
 11
66.5745426351
 21
156.9841452482
 31
0.0
  0
LINE
  5
678
330
67
100
AcDbEntity
  8
DV1_Default
  6
Continuous
 62
     7
 48
25.4
100
AcDbLine
 10
66.7745426351
 20
158.9841452482
 30
0.0
 11
68.1745426351
 21
158.9841452482
 31
0.0
  0
LINE
  5
679
330
67
100
AcDbEntity
  8
DV1_Default
  6
Continuous
 62
     7
 48
25.4
100
AcDbLine
 10
68.1745426351
 20
156.9841452482
 30
0.0
 11
66.7745426351
 21
156.9841452482
 31
0.0
  0
LINE
  5
67A
330
67
100
AcDbEntity
  8
DV1_Default
  6
Continuous
 62
     7
 48
25.4
100
AcDbLine
 10
66.7745426351
 20
156.9841452482
 30
0.0
 11
66.7745426351
 21
158.9841452482
 31
0.0
  0
LINE
  5
67B
330
67
100
AcDbEntity
  8
DV1_Default
  6
Continuous
 62
     7
 48
25.4
100
AcDbLine
 10
68.1745426351
 20
158.9841452482
 30
0.0
 11
68.1745426351
 21
156.9841452482
 31
0.0
  0
LINE
  5
67C
330
67
100
AcDbEntity
  8
DV1_Default
  6
Continuous
 62
     7
 48
25.4
100
AcDbLine
 10
68.3745426351
 20
158.9841452482
 30
0.0
 11
69.7745426351
 21
158.9841452482
 31
0.0
  0
LINE
  5
67D
330
67
100
AcDbEntity
  8
DV1_Default
  6
Continuous
 62
     7
 48
25.4
100
AcDbLine
 10
69.7745426351
 20
156.9841452482
 30
0.0
 11
68.3745426351
 21
156.9841452482
 31
0.0
  0
LINE
  5
67E
330
67
100
AcDbEntity
  8
DV1_Default
  6
Continuous
 62
     7
 48
25.4
100
AcDbLine
 10
68.3745426351
 20
156.9841452482
 30
0.0
 11
68.3745426351
 21
158.9841452482
 31
0.0
  0
LINE
  5
67F
330
67
100
AcDbEntity
  8
DV1_Default
  6
Continuous
 62
     7
 48
25.4
100
AcDbLine
 10
69.7745426351
 20
158.9841452482
 30
0.0
 11
69.7745426351
 21
156.9841452482
 31
0.0
  0
LINE
  5
680
330
67
100
AcDbEntity
  8
DV1_Default
  6
Continuous
 62
     7
 48
25.4
100
AcDbLine
 10
69.9745426351
 20
158.9841452482
 30
0.0
 11
71.3745426351
 21
158.9841452482
 31
0.0
  0
LINE
  5
681
330
67
100
AcDbEntity
  8
DV1_Default
  6
Continuous
 62
     7
 48
25.4
100
AcDbLine
 10
71.3745426351
 20
156.9841452482
 30
0.0
 11
69.9745426351
 21
156.9841452482
 31
0.0
  0
LINE
  5
682
330
67
100
AcDbEntity
  8
DV1_Default
  6
Continuous
 62
     7
 48
25.4
100
AcDbLine
 10
69.9745426351
 20
156.9841452482
 30
0.0
 11
69.9745426351
 21
158.9841452482
 31
0.0
  0
LINE
  5
683
330
67
100
AcDbEntity
  8
DV1_Default
  6
Continuous
 62
     7
 48
25.4
100
AcDbLine
 10
71.3745426351
 20
158.9841452482
 30
0.0
 11
71.3745426351
 21
156.9841452482
 31
0.0
  0
LINE
  5
684
330
67
100
AcDbEntity
  8
DV1_Default
  6
Continuous
 62
     7
 48
25.4
100
AcDbLine
 10
71.5745426351
 20
158.9841452482
 30
0.0
 11
72.9745426351
 21
158.9841452482
 31
0.0
  0
LINE
  5
685
330
67
100
AcDbEntity
  8
DV1_Default
  6
Continuous
 62
     7
 48
25.4
100
AcDbLine
 10
72.9745426351
 20
156.9841452482
 30
0.0
 11
71.5745426351
 21
156.9841452482
 31
0.0
  0
LINE
  5
686
330
67
100
AcDbEntity
  8
DV1_Default
  6
Continuous
 62
     7
 48
25.4
100
AcDbLine
 10
71.5745426351
 20
156.9841452482
 30
0.0
 11
71.5745426351
 21
158.9841452482
 31
0.0
  0
LINE
  5
687
330
67
100
AcDbEntity
  8
DV1_Default
  6
Continuous
 62
     7
 48
25.4
100
AcDbLine
 10
72.9745426351
 20
158.9841452482
 30
0.0
 11
72.9745426351
 21
156.9841452482
 31
0.0
  0
LINE
  5
688
330
67
100
AcDbEntity
  8
DV1_Default
  6
Continuous
 62
     7
 48
25.4
100
AcDbLine
 10
73.1745426351
 20
158.9841452482
 30
0.0
 11
74.5745426351
 21
158.9841452482
 31
0.0
  0
LINE
  5
689
330
67
100
AcDbEntity
  8
DV1_Default
  6
Continuous
 62
     7
 48
25.4
100
AcDbLine
 10
74.5745426351
 20
156.9841452482
 30
0.0
 11
73.1745426351
 21
156.9841452482
 31
0.0
  0
LINE
  5
68A
330
67
100
AcDbEntity
  8
DV1_Default
  6
Continuous
 62
     7
 48
25.4
100
AcDbLine
 10
73.1745426351
 20
156.9841452482
 30
0.0
 11
73.1745426351
 21
158.9841452482
 31
0.0
  0
LINE
  5
68B
330
67
100
AcDbEntity
  8
DV1_Default
  6
Continuous
 62
     7
 48
25.4
100
AcDbLine
 10
74.5745426351
 20
158.9841452482
 30
0.0
 11
74.5745426351
 21
156.9841452482
 31
0.0
  0
LINE
  5
68C
330
67
100
AcDbEntity
  8
DV1_Default
  6
Continuous
 62
     7
 48
25.4
100
AcDbLine
 10
74.7745426351
 20
158.9841452482
 30
0.0
 11
76.1745426351
 21
158.9841452482
 31
0.0
  0
LINE
  5
68D
330
67
100
AcDbEntity
  8
DV1_Default
  6
Continuous
 62
     7
 48
25.4
100
AcDbLine
 10
76.1745426351
 20
156.9841452482
 30
0.0
 11
74.7745426351
 21
156.9841452482
 31
0.0
  0
LINE
  5
68E
330
67
100
AcDbEntity
  8
DV1_Default
  6
Continuous
 62
     7
 48
25.4
100
AcDbLine
 10
74.7745426351
 20
156.9841452482
 30
0.0
 11
74.7745426351
 21
158.9841452482
 31
0.0
  0
LINE
  5
68F
330
67
100
AcDbEntity
  8
DV1_Default
  6
Continuous
 62
     7
 48
25.4
100
AcDbLine
 10
76.1745426351
 20
158.9841452482
 30
0.0
 11
76.1745426351
 21
156.9841452482
 31
0.0
  0
LINE
  5
690
330
67
100
AcDbEntity
  8
DV1_Default
  6
Continuous
 62
     7
 48
25.4
100
AcDbLine
 10
76.3745426351
 20
158.9841452482
 30
0.0
 11
77.7745426351
 21
158.9841452482
 31
0.0
  0
LINE
  5
691
330
67
100
AcDbEntity
  8
DV1_Default
  6
Continuous
 62
     7
 48
25.4
100
AcDbLine
 10
77.7745426351
 20
156.9841452482
 30
0.0
 11
76.3745426351
 21
156.9841452482
 31
0.0
  0
LINE
  5
692
330
67
100
AcDbEntity
  8
DV1_Default
  6
Continuous
 62
     7
 48
25.4
100
AcDbLine
 10
76.3745426351
 20
156.9841452482
 30
0.0
 11
76.3745426351
 21
158.9841452482
 31
0.0
  0
LINE
  5
693
330
67
100
AcDbEntity
  8
DV1_Default
  6
Continuous
 62
     7
 48
25.4
100
AcDbLine
 10
77.7745426351
 20
158.9841452482
 30
0.0
 11
77.7745426351
 21
156.9841452482
 31
0.0
  0
LINE
  5
694
330
67
100
AcDbEntity
  8
DV1_Default
  6
Continuous
 62
     7
 48
25.4
100
AcDbLine
 10
77.9745426351
 20
158.9841452482
 30
0.0
 11
79.3745426351
 21
158.9841452482
 31
0.0
  0
LINE
  5
695
330
67
100
AcDbEntity
  8
DV1_Default
  6
Continuous
 62
     7
 48
25.4
100
AcDbLine
 10
79.3745426351
 20
156.9841452482
 30
0.0
 11
77.9745426351
 21
156.9841452482
 31
0.0
  0
LINE
  5
696
330
67
100
AcDbEntity
  8
DV1_Default
  6
Continuous
 62
     7
 48
25.4
100
AcDbLine
 10
77.9745426351
 20
156.9841452482
 30
0.0
 11
77.9745426351
 21
158.9841452482
 31
0.0
  0
LINE
  5
697
330
67
100
AcDbEntity
  8
DV1_Default
  6
Continuous
 62
     7
 48
25.4
100
AcDbLine
 10
79.3745426351
 20
158.9841452482
 30
0.0
 11
79.3745426351
 21
156.9841452482
 31
0.0
  0
LINE
  5
698
330
67
100
AcDbEntity
  8
DV1_Default
  6
Continuous
 62
     7
 48
25.4
100
AcDbLine
 10
79.5745426351
 20
158.9841452482
 30
0.0
 11
80.9745426351
 21
158.9841452482
 31
0.0
  0
LINE
  5
699
330
67
100
AcDbEntity
  8
DV1_Default
  6
Continuous
 62
     7
 48
25.4
100
AcDbLine
 10
80.9745426351
 20
156.9841452482
 30
0.0
 11
79.5745426351
 21
156.9841452482
 31
0.0
  0
LINE
  5
69A
330
67
100
AcDbEntity
  8
DV1_Default
  6
Continuous
 62
     7
 48
25.4
100
AcDbLine
 10
79.5745426351
 20
156.9841452482
 30
0.0
 11
79.5745426351
 21
158.9841452482
 31
0.0
  0
LINE
  5
69B
330
67
100
AcDbEntity
  8
DV1_Default
  6
Continuous
 62
     7
 48
25.4
100
AcDbLine
 10
80.9745426351
 20
158.9841452482
 30
0.0
 11
80.9745426351
 21
156.9841452482
 31
0.0
  0
LINE
  5
69C
330
67
100
AcDbEntity
  8
DV1_Default
  6
Continuous
 62
     7
 48
25.4
100
AcDbLine
 10
81.1745426351
 20
158.9841452482
 30
0.0
 11
82.5745426351
 21
158.9841452482
 31
0.0
  0
LINE
  5
69D
330
67
100
AcDbEntity
  8
DV1_Default
  6
Continuous
 62
     7
 48
25.4
100
AcDbLine
 10
82.5745426351
 20
156.9841452482
 30
0.0
 11
81.1745426351
 21
156.9841452482
 31
0.0
  0
LINE
  5
69E
330
67
100
AcDbEntity
  8
DV1_Default
  6
Continuous
 62
     7
 48
25.4
100
AcDbLine
 10
81.1745426351
 20
156.9841452482
 30
0.0
 11
81.1745426351
 21
158.9841452482
 31
0.0
  0
LINE
  5
69F
330
67
100
AcDbEntity
  8
DV1_Default
  6
Continuous
 62
     7
 48
25.4
100
AcDbLine
 10
82.5745426351
 20
158.9841452482
 30
0.0
 11
82.5745426351
 21
156.9841452482
 31
0.0
  0
LINE
  5
6A0
330
67
100
AcDbEntity
  8
DV1_Default
  6
Continuous
 62
     7
 48
25.4
100
AcDbLine
 10
82.7745426351
 20
158.9841452482
 30
0.0
 11
84.1745426351
 21
158.9841452482
 31
0.0
  0
LINE
  5
6A1
330
67
100
AcDbEntity
  8
DV1_Default
  6
Continuous
 62
     7
 48
25.4
100
AcDbLine
 10
84.1745426351
 20
156.9841452482
 30
0.0
 11
82.7745426351
 21
156.9841452482
 31
0.0
  0
LINE
  5
6A2
330
67
100
AcDbEntity
  8
DV1_Default
  6
Continuous
 62
     7
 48
25.4
100
AcDbLine
 10
82.7745426351
 20
156.9841452482
 30
0.0
 11
82.7745426351
 21
158.9841452482
 31
0.0
  0
LINE
  5
6A3
330
67
100
AcDbEntity
  8
DV1_Default
  6
Continuous
 62
     7
 48
25.4
100
AcDbLine
 10
84.1745426351
 20
158.9841452482
 30
0.0
 11
84.1745426351
 21
156.9841452482
 31
0.0
  0
LINE
  5
6A4
330
67
100
AcDbEntity
  8
DV1_Default
  6
Continuous
 62
     7
 48
25.4
100
AcDbLine
 10
84.3745426351
 20
158.9841452482
 30
0.0
 11
85.7745426351
 21
158.9841452482
 31
0.0
  0
LINE
  5
6A5
330
67
100
AcDbEntity
  8
DV1_Default
  6
Continuous
 62
     7
 48
25.4
100
AcDbLine
 10
85.7745426351
 20
156.9841452482
 30
0.0
 11
84.3745426351
 21
156.9841452482
 31
0.0
  0
LINE
  5
6A6
330
67
100
AcDbEntity
  8
DV1_Default
  6
Continuous
 62
     7
 48
25.4
100
AcDbLine
 10
84.3745426351
 20
156.9841452482
 30
0.0
 11
84.3745426351
 21
158.9841452482
 31
0.0
  0
LINE
  5
6A7
330
67
100
AcDbEntity
  8
DV1_Default
  6
Continuous
 62
     7
 48
25.4
100
AcDbLine
 10
85.7745426351
 20
158.9841452482
 30
0.0
 11
85.7745426351
 21
156.9841452482
 31
0.0
  0
LINE
  5
6A8
330
67
100
AcDbEntity
  8
DV1_Default
  6
Continuous
 62
     7
 48
25.4
100
AcDbLine
 10
85.9745426351
 20
158.9841452482
 30
0.0
 11
87.3745426351
 21
158.9841452482
 31
0.0
  0
LINE
  5
6A9
330
67
100
AcDbEntity
  8
DV1_Default
  6
Continuous
 62
     7
 48
25.4
100
AcDbLine
 10
87.3745426351
 20
156.9841452482
 30
0.0
 11
85.9745426351
 21
156.9841452482
 31
0.0
  0
LINE
  5
6AA
330
67
100
AcDbEntity
  8
DV1_Default
  6
Continuous
 62
     7
 48
25.4
100
AcDbLine
 10
85.9745426351
 20
156.9841452482
 30
0.0
 11
85.9745426351
 21
158.9841452482
 31
0.0
  0
LINE
  5
6AB
330
67
100
AcDbEntity
  8
DV1_Default
  6
Continuous
 62
     7
 48
25.4
100
AcDbLine
 10
87.3745426351
 20
158.9841452482
 30
0.0
 11
87.3745426351
 21
156.9841452482
 31
0.0
  0
LINE
  5
6AC
330
67
100
AcDbEntity
  8
DV1_Default
  6
Continuous
 62
     7
 48
25.4
100
AcDbLine
 10
87.5745426351
 20
158.9841452482
 30
0.0
 11
88.9745426351
 21
158.9841452482
 31
0.0
  0
LINE
  5
6AD
330
67
100
AcDbEntity
  8
DV1_Default
  6
Continuous
 62
     7
 48
25.4
100
AcDbLine
 10
88.9745426351
 20
156.9841452482
 30
0.0
 11
87.5745426351
 21
156.9841452482
 31
0.0
  0
LINE
  5
6AE
330
67
100
AcDbEntity
  8
DV1_Default
  6
Continuous
 62
     7
 48
25.4
100
AcDbLine
 10
87.5745426351
 20
156.9841452482
 30
0.0
 11
87.5745426351
 21
158.9841452482
 31
0.0
  0
LINE
  5
6AF
330
67
100
AcDbEntity
  8
DV1_Default
  6
Continuous
 62
     7
 48
25.4
100
AcDbLine
 10
88.9745426351
 20
158.9841452482
 30
0.0
 11
88.9745426351
 21
156.9841452482
 31
0.0
  0
LINE
  5
6B0
330
67
100
AcDbEntity
  8
DV1_Default
  6
Continuous
 62
     7
 48
25.4
100
AcDbLine
 10
89.1745426351
 20
158.9841452482
 30
0.0
 11
90.5745426351
 21
158.9841452482
 31
0.0
  0
LINE
  5
6B1
330
67
100
AcDbEntity
  8
DV1_Default
  6
Continuous
 62
     7
 48
25.4
100
AcDbLine
 10
90.5745426351
 20
156.9841452482
 30
0.0
 11
89.1745426351
 21
156.9841452482
 31
0.0
  0
LINE
  5
6B2
330
67
100
AcDbEntity
  8
DV1_Default
  6
Continuous
 62
     7
 48
25.4
100
AcDbLine
 10
89.1745426351
 20
156.9841452482
 30
0.0
 11
89.1745426351
 21
158.9841452482
 31
0.0
  0
LINE
  5
6B3
330
67
100
AcDbEntity
  8
DV1_Default
  6
Continuous
 62
     7
 48
25.4
100
AcDbLine
 10
90.5745426351
 20
158.9841452482
 30
0.0
 11
90.5745426351
 21
156.9841452482
 31
0.0
  0
LINE
  5
6B4
330
67
100
AcDbEntity
  8
DV1_Default
  6
Continuous
 62
     7
 48
25.4
100
AcDbLine
 10
90.7745426351
 20
158.9841452482
 30
0.0
 11
92.1745426351
 21
158.9841452482
 31
0.0
  0
LINE
  5
6B5
330
67
100
AcDbEntity
  8
DV1_Default
  6
Continuous
 62
     7
 48
25.4
100
AcDbLine
 10
92.1745426351
 20
156.9841452482
 30
0.0
 11
90.7745426351
 21
156.9841452482
 31
0.0
  0
LINE
  5
6B6
330
67
100
AcDbEntity
  8
DV1_Default
  6
Continuous
 62
     7
 48
25.4
100
AcDbLine
 10
90.7745426351
 20
156.9841452482
 30
0.0
 11
90.7745426351
 21
158.9841452482
 31
0.0
  0
LINE
  5
6B7
330
67
100
AcDbEntity
  8
DV1_Default
  6
Continuous
 62
     7
 48
25.4
100
AcDbLine
 10
92.1745426351
 20
158.9841452482
 30
0.0
 11
92.1745426351
 21
156.9841452482
 31
0.0
  0
LINE
  5
6B8
330
67
100
AcDbEntity
  8
DV1_Default
  6
Continuous
 62
     7
 48
25.4
100
AcDbLine
 10
92.3745426351
 20
158.9841452482
 30
0.0
 11
93.7745426351
 21
158.9841452482
 31
0.0
  0
LINE
  5
6B9
330
67
100
AcDbEntity
  8
DV1_Default
  6
Continuous
 62
     7
 48
25.4
100
AcDbLine
 10
93.7745426351
 20
156.9841452482
 30
0.0
 11
92.3745426351
 21
156.9841452482
 31
0.0
  0
LINE
  5
6BA
330
67
100
AcDbEntity
  8
DV1_Default
  6
Continuous
 62
     7
 48
25.4
100
AcDbLine
 10
92.3745426351
 20
156.9841452482
 30
0.0
 11
92.3745426351
 21
158.9841452482
 31
0.0
  0
LINE
  5
6BB
330
67
100
AcDbEntity
  8
DV1_Default
  6
Continuous
 62
     7
 48
25.4
100
AcDbLine
 10
93.7745426351
 20
158.9841452482
 30
0.0
 11
93.7745426351
 21
156.9841452482
 31
0.0
  0
LINE
  5
6BC
330
67
100
AcDbEntity
  8
DV1_Default
  6
Continuous
 62
     7
 48
25.4
100
AcDbLine
 10
57.1745426351
 20
161.3841452482
 30
0.0
 11
58.5745426351
 21
161.3841452482
 31
0.0
  0
LINE
  5
6BD
330
67
100
AcDbEntity
  8
DV1_Default
  6
Continuous
 62
     7
 48
25.4
100
AcDbLine
 10
58.5745426351
 20
159.3841452482
 30
0.0
 11
57.1745426351
 21
159.3841452482
 31
0.0
  0
LINE
  5
6BE
330
67
100
AcDbEntity
  8
DV1_Default
  6
Continuous
 62
     7
 48
25.4
100
AcDbLine
 10
57.1745426351
 20
159.3841452482
 30
0.0
 11
57.1745426351
 21
161.3841452482
 31
0.0
  0
LINE
  5
6BF
330
67
100
AcDbEntity
  8
DV1_Default
  6
Continuous
 62
     7
 48
25.4
100
AcDbLine
 10
58.5745426351
 20
161.3841452482
 30
0.0
 11
58.5745426351
 21
159.3841452482
 31
0.0
  0
LINE
  5
6C0
330
67
100
AcDbEntity
  8
DV1_Default
  6
Continuous
 62
     7
 48
25.4
100
AcDbLine
 10
58.7745426351
 20
161.3841452482
 30
0.0
 11
60.1745426351
 21
161.3841452482
 31
0.0
  0
LINE
  5
6C1
330
67
100
AcDbEntity
  8
DV1_Default
  6
Continuous
 62
     7
 48
25.4
100
AcDbLine
 10
60.1745426351
 20
159.3841452482
 30
0.0
 11
58.7745426351
 21
159.3841452482
 31
0.0
  0
LINE
  5
6C2
330
67
100
AcDbEntity
  8
DV1_Default
  6
Continuous
 62
     7
 48
25.4
100
AcDbLine
 10
58.7745426351
 20
159.3841452482
 30
0.0
 11
58.7745426351
 21
161.3841452482
 31
0.0
  0
LINE
  5
6C3
330
67
100
AcDbEntity
  8
DV1_Default
  6
Continuous
 62
     7
 48
25.4
100
AcDbLine
 10
60.1745426351
 20
161.3841452482
 30
0.0
 11
60.1745426351
 21
159.3841452482
 31
0.0
  0
LINE
  5
6C4
330
67
100
AcDbEntity
  8
DV1_Default
  6
Continuous
 62
     7
 48
25.4
100
AcDbLine
 10
60.3745426351
 20
161.3841452482
 30
0.0
 11
61.7745426351
 21
161.3841452482
 31
0.0
  0
LINE
  5
6C5
330
67
100
AcDbEntity
  8
DV1_Default
  6
Continuous
 62
     7
 48
25.4
100
AcDbLine
 10
61.7745426351
 20
159.3841452482
 30
0.0
 11
60.3745426351
 21
159.3841452482
 31
0.0
  0
LINE
  5
6C6
330
67
100
AcDbEntity
  8
DV1_Default
  6
Continuous
 62
     7
 48
25.4
100
AcDbLine
 10
60.3745426351
 20
159.3841452482
 30
0.0
 11
60.3745426351
 21
161.3841452482
 31
0.0
  0
LINE
  5
6C7
330
67
100
AcDbEntity
  8
DV1_Default
  6
Continuous
 62
     7
 48
25.4
100
AcDbLine
 10
61.7745426351
 20
161.3841452482
 30
0.0
 11
61.7745426351
 21
159.3841452482
 31
0.0
  0
LINE
  5
6C8
330
67
100
AcDbEntity
  8
DV1_Default
  6
Continuous
 62
     7
 48
25.4
100
AcDbLine
 10
61.9745426351
 20
161.3841452482
 30
0.0
 11
63.3745426351
 21
161.3841452482
 31
0.0
  0
LINE
  5
6C9
330
67
100
AcDbEntity
  8
DV1_Default
  6
Continuous
 62
     7
 48
25.4
100
AcDbLine
 10
63.3745426351
 20
159.3841452482
 30
0.0
 11
61.9745426351
 21
159.3841452482
 31
0.0
  0
LINE
  5
6CA
330
67
100
AcDbEntity
  8
DV1_Default
  6
Continuous
 62
     7
 48
25.4
100
AcDbLine
 10
61.9745426351
 20
159.3841452482
 30
0.0
 11
61.9745426351
 21
161.3841452482
 31
0.0
  0
LINE
  5
6CB
330
67
100
AcDbEntity
  8
DV1_Default
  6
Continuous
 62
     7
 48
25.4
100
AcDbLine
 10
63.3745426351
 20
161.3841452482
 30
0.0
 11
63.3745426351
 21
159.3841452482
 31
0.0
  0
LINE
  5
6CC
330
67
100
AcDbEntity
  8
DV1_Default
  6
Continuous
 62
     7
 48
25.4
100
AcDbLine
 10
63.5745426351
 20
161.3841452482
 30
0.0
 11
64.9745426351
 21
161.3841452482
 31
0.0
  0
LINE
  5
6CD
330
67
100
AcDbEntity
  8
DV1_Default
  6
Continuous
 62
     7
 48
25.4
100
AcDbLine
 10
64.9745426351
 20
159.3841452482
 30
0.0
 11
63.5745426351
 21
159.3841452482
 31
0.0
  0
LINE
  5
6CE
330
67
100
AcDbEntity
  8
DV1_Default
  6
Continuous
 62
     7
 48
25.4
100
AcDbLine
 10
63.5745426351
 20
159.3841452482
 30
0.0
 11
63.5745426351
 21
161.3841452482
 31
0.0
  0
LINE
  5
6CF
330
67
100
AcDbEntity
  8
DV1_Default
  6
Continuous
 62
     7
 48
25.4
100
AcDbLine
 10
64.9745426351
 20
161.3841452482
 30
0.0
 11
64.9745426351
 21
159.3841452482
 31
0.0
  0
LINE
  5
6D0
330
67
100
AcDbEntity
  8
DV1_Default
  6
Continuous
 62
     7
 48
25.4
100
AcDbLine
 10
65.1745426351
 20
161.3841452482
 30
0.0
 11
66.5745426351
 21
161.3841452482
 31
0.0
  0
LINE
  5
6D1
330
67
100
AcDbEntity
  8
DV1_Default
  6
Continuous
 62
     7
 48
25.4
100
AcDbLine
 10
66.5745426351
 20
159.3841452482
 30
0.0
 11
65.1745426351
 21
159.3841452482
 31
0.0
  0
LINE
  5
6D2
330
67
100
AcDbEntity
  8
DV1_Default
  6
Continuous
 62
     7
 48
25.4
100
AcDbLine
 10
65.1745426351
 20
159.3841452482
 30
0.0
 11
65.1745426351
 21
161.3841452482
 31
0.0
  0
LINE
  5
6D3
330
67
100
AcDbEntity
  8
DV1_Default
  6
Continuous
 62
     7
 48
25.4
100
AcDbLine
 10
66.5745426351
 20
161.3841452482
 30
0.0
 11
66.5745426351
 21
159.3841452482
 31
0.0
  0
LINE
  5
6D4
330
67
100
AcDbEntity
  8
DV1_Default
  6
Continuous
 62
     7
 48
25.4
100
AcDbLine
 10
66.7745426351
 20
161.3841452482
 30
0.0
 11
68.1745426351
 21
161.3841452482
 31
0.0
  0
LINE
  5
6D5
330
67
100
AcDbEntity
  8
DV1_Default
  6
Continuous
 62
     7
 48
25.4
100
AcDbLine
 10
68.1745426351
 20
159.3841452482
 30
0.0
 11
66.7745426351
 21
159.3841452482
 31
0.0
  0
LINE
  5
6D6
330
67
100
AcDbEntity
  8
DV1_Default
  6
Continuous
 62
     7
 48
25.4
100
AcDbLine
 10
66.7745426351
 20
159.3841452482
 30
0.0
 11
66.7745426351
 21
161.3841452482
 31
0.0
  0
LINE
  5
6D7
330
67
100
AcDbEntity
  8
DV1_Default
  6
Continuous
 62
     7
 48
25.4
100
AcDbLine
 10
68.1745426351
 20
161.3841452482
 30
0.0
 11
68.1745426351
 21
159.3841452482
 31
0.0
  0
LINE
  5
6D8
330
67
100
AcDbEntity
  8
DV1_Default
  6
Continuous
 62
     7
 48
25.4
100
AcDbLine
 10
68.3745426351
 20
161.3841452482
 30
0.0
 11
69.7745426351
 21
161.3841452482
 31
0.0
  0
LINE
  5
6D9
330
67
100
AcDbEntity
  8
DV1_Default
  6
Continuous
 62
     7
 48
25.4
100
AcDbLine
 10
69.7745426351
 20
159.3841452482
 30
0.0
 11
68.3745426351
 21
159.3841452482
 31
0.0
  0
LINE
  5
6DA
330
67
100
AcDbEntity
  8
DV1_Default
  6
Continuous
 62
     7
 48
25.4
100
AcDbLine
 10
68.3745426351
 20
159.3841452482
 30
0.0
 11
68.3745426351
 21
161.3841452482
 31
0.0
  0
LINE
  5
6DB
330
67
100
AcDbEntity
  8
DV1_Default
  6
Continuous
 62
     7
 48
25.4
100
AcDbLine
 10
69.7745426351
 20
161.3841452482
 30
0.0
 11
69.7745426351
 21
159.3841452482
 31
0.0
  0
LINE
  5
6DC
330
67
100
AcDbEntity
  8
DV1_Default
  6
Continuous
 62
     7
 48
25.4
100
AcDbLine
 10
69.9745426351
 20
161.3841452482
 30
0.0
 11
71.3745426351
 21
161.3841452482
 31
0.0
  0
LINE
  5
6DD
330
67
100
AcDbEntity
  8
DV1_Default
  6
Continuous
 62
     7
 48
25.4
100
AcDbLine
 10
71.3745426351
 20
159.3841452482
 30
0.0
 11
69.9745426351
 21
159.3841452482
 31
0.0
  0
LINE
  5
6DE
330
67
100
AcDbEntity
  8
DV1_Default
  6
Continuous
 62
     7
 48
25.4
100
AcDbLine
 10
69.9745426351
 20
159.3841452482
 30
0.0
 11
69.9745426351
 21
161.3841452482
 31
0.0
  0
LINE
  5
6DF
330
67
100
AcDbEntity
  8
DV1_Default
  6
Continuous
 62
     7
 48
25.4
100
AcDbLine
 10
71.3745426351
 20
161.3841452482
 30
0.0
 11
71.3745426351
 21
159.3841452482
 31
0.0
  0
LINE
  5
6E0
330
67
100
AcDbEntity
  8
DV1_Default
  6
Continuous
 62
     7
 48
25.4
100
AcDbLine
 10
71.5745426351
 20
161.3841452482
 30
0.0
 11
72.9745426351
 21
161.3841452482
 31
0.0
  0
LINE
  5
6E1
330
67
100
AcDbEntity
  8
DV1_Default
  6
Continuous
 62
     7
 48
25.4
100
AcDbLine
 10
72.9745426351
 20
159.3841452482
 30
0.0
 11
71.5745426351
 21
159.3841452482
 31
0.0
  0
LINE
  5
6E2
330
67
100
AcDbEntity
  8
DV1_Default
  6
Continuous
 62
     7
 48
25.4
100
AcDbLine
 10
71.5745426351
 20
159.3841452482
 30
0.0
 11
71.5745426351
 21
161.3841452482
 31
0.0
  0
LINE
  5
6E3
330
67
100
AcDbEntity
  8
DV1_Default
  6
Continuous
 62
     7
 48
25.4
100
AcDbLine
 10
72.9745426351
 20
161.3841452482
 30
0.0
 11
72.9745426351
 21
159.3841452482
 31
0.0
  0
LINE
  5
6E4
330
67
100
AcDbEntity
  8
DV1_Default
  6
Continuous
 62
     7
 48
25.4
100
AcDbLine
 10
73.1745426351
 20
161.3841452482
 30
0.0
 11
74.5745426351
 21
161.3841452482
 31
0.0
  0
LINE
  5
6E5
330
67
100
AcDbEntity
  8
DV1_Default
  6
Continuous
 62
     7
 48
25.4
100
AcDbLine
 10
74.5745426351
 20
159.3841452482
 30
0.0
 11
73.1745426351
 21
159.3841452482
 31
0.0
  0
LINE
  5
6E6
330
67
100
AcDbEntity
  8
DV1_Default
  6
Continuous
 62
     7
 48
25.4
100
AcDbLine
 10
73.1745426351
 20
159.3841452482
 30
0.0
 11
73.1745426351
 21
161.3841452482
 31
0.0
  0
LINE
  5
6E7
330
67
100
AcDbEntity
  8
DV1_Default
  6
Continuous
 62
     7
 48
25.4
100
AcDbLine
 10
74.5745426351
 20
161.3841452482
 30
0.0
 11
74.5745426351
 21
159.3841452482
 31
0.0
  0
LINE
  5
6E8
330
67
100
AcDbEntity
  8
DV1_Default
  6
Continuous
 62
     7
 48
25.4
100
AcDbLine
 10
74.7745426351
 20
161.3841452482
 30
0.0
 11
76.1745426351
 21
161.3841452482
 31
0.0
  0
LINE
  5
6E9
330
67
100
AcDbEntity
  8
DV1_Default
  6
Continuous
 62
     7
 48
25.4
100
AcDbLine
 10
76.1745426351
 20
159.3841452482
 30
0.0
 11
74.7745426351
 21
159.3841452482
 31
0.0
  0
LINE
  5
6EA
330
67
100
AcDbEntity
  8
DV1_Default
  6
Continuous
 62
     7
 48
25.4
100
AcDbLine
 10
74.7745426351
 20
159.3841452482
 30
0.0
 11
74.7745426351
 21
161.3841452482
 31
0.0
  0
LINE
  5
6EB
330
67
100
AcDbEntity
  8
DV1_Default
  6
Continuous
 62
     7
 48
25.4
100
AcDbLine
 10
76.1745426351
 20
161.3841452482
 30
0.0
 11
76.1745426351
 21
159.3841452482
 31
0.0
  0
LINE
  5
6EC
330
67
100
AcDbEntity
  8
DV1_Default
  6
Continuous
 62
     7
 48
25.4
100
AcDbLine
 10
76.3745426351
 20
161.3841452482
 30
0.0
 11
77.7745426351
 21
161.3841452482
 31
0.0
  0
LINE
  5
6ED
330
67
100
AcDbEntity
  8
DV1_Default
  6
Continuous
 62
     7
 48
25.4
100
AcDbLine
 10
77.7745426351
 20
159.3841452482
 30
0.0
 11
76.3745426351
 21
159.3841452482
 31
0.0
  0
LINE
  5
6EE
330
67
100
AcDbEntity
  8
DV1_Default
  6
Continuous
 62
     7
 48
25.4
100
AcDbLine
 10
76.3745426351
 20
159.3841452482
 30
0.0
 11
76.3745426351
 21
161.3841452482
 31
0.0
  0
LINE
  5
6EF
330
67
100
AcDbEntity
  8
DV1_Default
  6
Continuous
 62
     7
 48
25.4
100
AcDbLine
 10
77.7745426351
 20
161.3841452482
 30
0.0
 11
77.7745426351
 21
159.3841452482
 31
0.0
  0
LINE
  5
6F0
330
67
100
AcDbEntity
  8
DV1_Default
  6
Continuous
 62
     7
 48
25.4
100
AcDbLine
 10
77.9745426351
 20
161.3841452482
 30
0.0
 11
79.3745426351
 21
161.3841452482
 31
0.0
  0
LINE
  5
6F1
330
67
100
AcDbEntity
  8
DV1_Default
  6
Continuous
 62
     7
 48
25.4
100
AcDbLine
 10
79.3745426351
 20
159.3841452482
 30
0.0
 11
77.9745426351
 21
159.3841452482
 31
0.0
  0
LINE
  5
6F2
330
67
100
AcDbEntity
  8
DV1_Default
  6
Continuous
 62
     7
 48
25.4
100
AcDbLine
 10
77.9745426351
 20
159.3841452482
 30
0.0
 11
77.9745426351
 21
161.3841452482
 31
0.0
  0
LINE
  5
6F3
330
67
100
AcDbEntity
  8
DV1_Default
  6
Continuous
 62
     7
 48
25.4
100
AcDbLine
 10
79.3745426351
 20
161.3841452482
 30
0.0
 11
79.3745426351
 21
159.3841452482
 31
0.0
  0
LINE
  5
6F4
330
67
100
AcDbEntity
  8
DV1_Default
  6
Continuous
 62
     7
 48
25.4
100
AcDbLine
 10
79.5745426351
 20
161.3841452482
 30
0.0
 11
80.9745426351
 21
161.3841452482
 31
0.0
  0
LINE
  5
6F5
330
67
100
AcDbEntity
  8
DV1_Default
  6
Continuous
 62
     7
 48
25.4
100
AcDbLine
 10
80.9745426351
 20
159.3841452482
 30
0.0
 11
79.5745426351
 21
159.3841452482
 31
0.0
  0
LINE
  5
6F6
330
67
100
AcDbEntity
  8
DV1_Default
  6
Continuous
 62
     7
 48
25.4
100
AcDbLine
 10
79.5745426351
 20
159.3841452482
 30
0.0
 11
79.5745426351
 21
161.3841452482
 31
0.0
  0
LINE
  5
6F7
330
67
100
AcDbEntity
  8
DV1_Default
  6
Continuous
 62
     7
 48
25.4
100
AcDbLine
 10
80.9745426351
 20
161.3841452482
 30
0.0
 11
80.9745426351
 21
159.3841452482
 31
0.0
  0
LINE
  5
6F8
330
67
100
AcDbEntity
  8
DV1_Default
  6
Continuous
 62
     7
 48
25.4
100
AcDbLine
 10
81.1745426351
 20
161.3841452482
 30
0.0
 11
82.5745426351
 21
161.3841452482
 31
0.0
  0
LINE
  5
6F9
330
67
100
AcDbEntity
  8
DV1_Default
  6
Continuous
 62
     7
 48
25.4
100
AcDbLine
 10
82.5745426351
 20
159.3841452482
 30
0.0
 11
81.1745426351
 21
159.3841452482
 31
0.0
  0
LINE
  5
6FA
330
67
100
AcDbEntity
  8
DV1_Default
  6
Continuous
 62
     7
 48
25.4
100
AcDbLine
 10
81.1745426351
 20
159.3841452482
 30
0.0
 11
81.1745426351
 21
161.3841452482
 31
0.0
  0
LINE
  5
6FB
330
67
100
AcDbEntity
  8
DV1_Default
  6
Continuous
 62
     7
 48
25.4
100
AcDbLine
 10
82.5745426351
 20
161.3841452482
 30
0.0
 11
82.5745426351
 21
159.3841452482
 31
0.0
  0
LINE
  5
6FC
330
67
100
AcDbEntity
  8
DV1_Default
  6
Continuous
 62
     7
 48
25.4
100
AcDbLine
 10
82.7745426351
 20
161.3841452482
 30
0.0
 11
84.1745426351
 21
161.3841452482
 31
0.0
  0
LINE
  5
6FD
330
67
100
AcDbEntity
  8
DV1_Default
  6
Continuous
 62
     7
 48
25.4
100
AcDbLine
 10
84.1745426351
 20
159.3841452482
 30
0.0
 11
82.7745426351
 21
159.3841452482
 31
0.0
  0
LINE
  5
6FE
330
67
100
AcDbEntity
  8
DV1_Default
  6
Continuous
 62
     7
 48
25.4
100
AcDbLine
 10
82.7745426351
 20
159.3841452482
 30
0.0
 11
82.7745426351
 21
161.3841452482
 31
0.0
  0
LINE
  5
6FF
330
67
100
AcDbEntity
  8
DV1_Default
  6
Continuous
 62
     7
 48
25.4
100
AcDbLine
 10
84.1745426351
 20
161.3841452482
 30
0.0
 11
84.1745426351
 21
159.3841452482
 31
0.0
  0
LINE
  5
700
330
67
100
AcDbEntity
  8
DV1_Default
  6
Continuous
 62
     7
 48
25.4
100
AcDbLine
 10
84.3745426351
 20
161.3841452482
 30
0.0
 11
85.7745426351
 21
161.3841452482
 31
0.0
  0
LINE
  5
701
330
67
100
AcDbEntity
  8
DV1_Default
  6
Continuous
 62
     7
 48
25.4
100
AcDbLine
 10
85.7745426351
 20
159.3841452482
 30
0.0
 11
84.3745426351
 21
159.3841452482
 31
0.0
  0
LINE
  5
702
330
67
100
AcDbEntity
  8
DV1_Default
  6
Continuous
 62
     7
 48
25.4
100
AcDbLine
 10
84.3745426351
 20
159.3841452482
 30
0.0
 11
84.3745426351
 21
161.3841452482
 31
0.0
  0
LINE
  5
703
330
67
100
AcDbEntity
  8
DV1_Default
  6
Continuous
 62
     7
 48
25.4
100
AcDbLine
 10
85.7745426351
 20
161.3841452482
 30
0.0
 11
85.7745426351
 21
159.3841452482
 31
0.0
  0
LINE
  5
704
330
67
100
AcDbEntity
  8
DV1_Default
  6
Continuous
 62
     7
 48
25.4
100
AcDbLine
 10
85.9745426351
 20
161.3841452482
 30
0.0
 11
87.3745426351
 21
161.3841452482
 31
0.0
  0
LINE
  5
705
330
67
100
AcDbEntity
  8
DV1_Default
  6
Continuous
 62
     7
 48
25.4
100
AcDbLine
 10
87.3745426351
 20
159.3841452482
 30
0.0
 11
85.9745426351
 21
159.3841452482
 31
0.0
  0
LINE
  5
706
330
67
100
AcDbEntity
  8
DV1_Default
  6
Continuous
 62
     7
 48
25.4
100
AcDbLine
 10
85.9745426351
 20
159.3841452482
 30
0.0
 11
85.9745426351
 21
161.3841452482
 31
0.0
  0
LINE
  5
707
330
67
100
AcDbEntity
  8
DV1_Default
  6
Continuous
 62
     7
 48
25.4
100
AcDbLine
 10
87.3745426351
 20
161.3841452482
 30
0.0
 11
87.3745426351
 21
159.3841452482
 31
0.0
  0
LINE
  5
708
330
67
100
AcDbEntity
  8
DV1_Default
  6
Continuous
 62
     7
 48
25.4
100
AcDbLine
 10
87.5745426351
 20
161.3841452482
 30
0.0
 11
88.9745426351
 21
161.3841452482
 31
0.0
  0
LINE
  5
709
330
67
100
AcDbEntity
  8
DV1_Default
  6
Continuous
 62
     7
 48
25.4
100
AcDbLine
 10
88.9745426351
 20
159.3841452482
 30
0.0
 11
87.5745426351
 21
159.3841452482
 31
0.0
  0
LINE
  5
70A
330
67
100
AcDbEntity
  8
DV1_Default
  6
Continuous
 62
     7
 48
25.4
100
AcDbLine
 10
87.5745426351
 20
159.3841452482
 30
0.0
 11
87.5745426351
 21
161.3841452482
 31
0.0
  0
LINE
  5
70B
330
67
100
AcDbEntity
  8
DV1_Default
  6
Continuous
 62
     7
 48
25.4
100
AcDbLine
 10
88.9745426351
 20
161.3841452482
 30
0.0
 11
88.9745426351
 21
159.3841452482
 31
0.0
  0
LINE
  5
70C
330
67
100
AcDbEntity
  8
DV1_Default
  6
Continuous
 62
     7
 48
25.4
100
AcDbLine
 10
89.1745426351
 20
161.3841452482
 30
0.0
 11
90.5745426351
 21
161.3841452482
 31
0.0
  0
LINE
  5
70D
330
67
100
AcDbEntity
  8
DV1_Default
  6
Continuous
 62
     7
 48
25.4
100
AcDbLine
 10
90.5745426351
 20
159.3841452482
 30
0.0
 11
89.1745426351
 21
159.3841452482
 31
0.0
  0
LINE
  5
70E
330
67
100
AcDbEntity
  8
DV1_Default
  6
Continuous
 62
     7
 48
25.4
100
AcDbLine
 10
89.1745426351
 20
159.3841452482
 30
0.0
 11
89.1745426351
 21
161.3841452482
 31
0.0
  0
LINE
  5
70F
330
67
100
AcDbEntity
  8
DV1_Default
  6
Continuous
 62
     7
 48
25.4
100
AcDbLine
 10
90.5745426351
 20
161.3841452482
 30
0.0
 11
90.5745426351
 21
159.3841452482
 31
0.0
  0
LINE
  5
710
330
67
100
AcDbEntity
  8
DV1_Default
  6
Continuous
 62
     7
 48
25.4
100
AcDbLine
 10
90.7745426351
 20
161.3841452482
 30
0.0
 11
92.1745426351
 21
161.3841452482
 31
0.0
  0
LINE
  5
711
330
67
100
AcDbEntity
  8
DV1_Default
  6
Continuous
 62
     7
 48
25.4
100
AcDbLine
 10
92.1745426351
 20
159.3841452482
 30
0.0
 11
90.7745426351
 21
159.3841452482
 31
0.0
  0
LINE
  5
712
330
67
100
AcDbEntity
  8
DV1_Default
  6
Continuous
 62
     7
 48
25.4
100
AcDbLine
 10
90.7745426351
 20
159.3841452482
 30
0.0
 11
90.7745426351
 21
161.3841452482
 31
0.0
  0
LINE
  5
713
330
67
100
AcDbEntity
  8
DV1_Default
  6
Continuous
 62
     7
 48
25.4
100
AcDbLine
 10
92.1745426351
 20
161.3841452482
 30
0.0
 11
92.1745426351
 21
159.3841452482
 31
0.0
  0
LINE
  5
714
330
67
100
AcDbEntity
  8
DV1_Default
  6
Continuous
 62
     7
 48
25.4
100
AcDbLine
 10
92.3745426351
 20
161.3841452482
 30
0.0
 11
93.7745426351
 21
161.3841452482
 31
0.0
  0
LINE
  5
715
330
67
100
AcDbEntity
  8
DV1_Default
  6
Continuous
 62
     7
 48
25.4
100
AcDbLine
 10
93.7745426351
 20
159.3841452482
 30
0.0
 11
92.3745426351
 21
159.3841452482
 31
0.0
  0
LINE
  5
716
330
67
100
AcDbEntity
  8
DV1_Default
  6
Continuous
 62
     7
 48
25.4
100
AcDbLine
 10
92.3745426351
 20
159.3841452482
 30
0.0
 11
92.3745426351
 21
161.3841452482
 31
0.0
  0
LINE
  5
717
330
67
100
AcDbEntity
  8
DV1_Default
  6
Continuous
 62
     7
 48
25.4
100
AcDbLine
 10
93.7745426351
 20
161.3841452482
 30
0.0
 11
93.7745426351
 21
159.3841452482
 31
0.0
  0
LINE
  5
718
330
67
100
AcDbEntity
  8
DV1_Default
  6
Continuous
 62
     7
 48
25.4
100
AcDbLine
 10
57.1745426351
 20
163.7841452482
 30
0.0
 11
58.5745426351
 21
163.7841452482
 31
0.0
  0
LINE
  5
719
330
67
100
AcDbEntity
  8
DV1_Default
  6
Continuous
 62
     7
 48
25.4
100
AcDbLine
 10
58.5745426351
 20
161.7841452482
 30
0.0
 11
57.1745426351
 21
161.7841452482
 31
0.0
  0
LINE
  5
71A
330
67
100
AcDbEntity
  8
DV1_Default
  6
Continuous
 62
     7
 48
25.4
100
AcDbLine
 10
57.1745426351
 20
161.7841452482
 30
0.0
 11
57.1745426351
 21
163.7841452482
 31
0.0
  0
LINE
  5
71B
330
67
100
AcDbEntity
  8
DV1_Default
  6
Continuous
 62
     7
 48
25.4
100
AcDbLine
 10
58.5745426351
 20
163.7841452482
 30
0.0
 11
58.5745426351
 21
161.7841452482
 31
0.0
  0
LINE
  5
71C
330
67
100
AcDbEntity
  8
DV1_Default
  6
Continuous
 62
     7
 48
25.4
100
AcDbLine
 10
58.7745426351
 20
163.7841452482
 30
0.0
 11
60.1745426351
 21
163.7841452482
 31
0.0
  0
LINE
  5
71D
330
67
100
AcDbEntity
  8
DV1_Default
  6
Continuous
 62
     7
 48
25.4
100
AcDbLine
 10
60.1745426351
 20
161.7841452482
 30
0.0
 11
58.7745426351
 21
161.7841452482
 31
0.0
  0
LINE
  5
71E
330
67
100
AcDbEntity
  8
DV1_Default
  6
Continuous
 62
     7
 48
25.4
100
AcDbLine
 10
58.7745426351
 20
161.7841452482
 30
0.0
 11
58.7745426351
 21
163.7841452482
 31
0.0
  0
LINE
  5
71F
330
67
100
AcDbEntity
  8
DV1_Default
  6
Continuous
 62
     7
 48
25.4
100
AcDbLine
 10
60.1745426351
 20
163.7841452482
 30
0.0
 11
60.1745426351
 21
161.7841452482
 31
0.0
  0
LINE
  5
720
330
67
100
AcDbEntity
  8
DV1_Default
  6
Continuous
 62
     7
 48
25.4
100
AcDbLine
 10
60.3745426351
 20
163.7841452482
 30
0.0
 11
61.7745426351
 21
163.7841452482
 31
0.0
  0
LINE
  5
721
330
67
100
AcDbEntity
  8
DV1_Default
  6
Continuous
 62
     7
 48
25.4
100
AcDbLine
 10
61.7745426351
 20
161.7841452482
 30
0.0
 11
60.3745426351
 21
161.7841452482
 31
0.0
  0
LINE
  5
722
330
67
100
AcDbEntity
  8
DV1_Default
  6
Continuous
 62
     7
 48
25.4
100
AcDbLine
 10
60.3745426351
 20
161.7841452482
 30
0.0
 11
60.3745426351
 21
163.7841452482
 31
0.0
  0
LINE
  5
723
330
67
100
AcDbEntity
  8
DV1_Default
  6
Continuous
 62
     7
 48
25.4
100
AcDbLine
 10
61.7745426351
 20
163.7841452482
 30
0.0
 11
61.7745426351
 21
161.7841452482
 31
0.0
  0
LINE
  5
724
330
67
100
AcDbEntity
  8
DV1_Default
  6
Continuous
 62
     7
 48
25.4
100
AcDbLine
 10
61.9745426351
 20
163.7841452482
 30
0.0
 11
63.3745426351
 21
163.7841452482
 31
0.0
  0
LINE
  5
725
330
67
100
AcDbEntity
  8
DV1_Default
  6
Continuous
 62
     7
 48
25.4
100
AcDbLine
 10
63.3745426351
 20
161.7841452482
 30
0.0
 11
61.9745426351
 21
161.7841452482
 31
0.0
  0
LINE
  5
726
330
67
100
AcDbEntity
  8
DV1_Default
  6
Continuous
 62
     7
 48
25.4
100
AcDbLine
 10
61.9745426351
 20
161.7841452482
 30
0.0
 11
61.9745426351
 21
163.7841452482
 31
0.0
  0
LINE
  5
727
330
67
100
AcDbEntity
  8
DV1_Default
  6
Continuous
 62
     7
 48
25.4
100
AcDbLine
 10
63.3745426351
 20
163.7841452482
 30
0.0
 11
63.3745426351
 21
161.7841452482
 31
0.0
  0
LINE
  5
728
330
67
100
AcDbEntity
  8
DV1_Default
  6
Continuous
 62
     7
 48
25.4
100
AcDbLine
 10
63.5745426351
 20
163.7841452482
 30
0.0
 11
64.9745426351
 21
163.7841452482
 31
0.0
  0
LINE
  5
729
330
67
100
AcDbEntity
  8
DV1_Default
  6
Continuous
 62
     7
 48
25.4
100
AcDbLine
 10
64.9745426351
 20
161.7841452482
 30
0.0
 11
63.5745426351
 21
161.7841452482
 31
0.0
  0
LINE
  5
72A
330
67
100
AcDbEntity
  8
DV1_Default
  6
Continuous
 62
     7
 48
25.4
100
AcDbLine
 10
63.5745426351
 20
161.7841452482
 30
0.0
 11
63.5745426351
 21
163.7841452482
 31
0.0
  0
LINE
  5
72B
330
67
100
AcDbEntity
  8
DV1_Default
  6
Continuous
 62
     7
 48
25.4
100
AcDbLine
 10
64.9745426351
 20
163.7841452482
 30
0.0
 11
64.9745426351
 21
161.7841452482
 31
0.0
  0
LINE
  5
72C
330
67
100
AcDbEntity
  8
DV1_Default
  6
Continuous
 62
     7
 48
25.4
100
AcDbLine
 10
65.1745426351
 20
163.7841452482
 30
0.0
 11
66.5745426351
 21
163.7841452482
 31
0.0
  0
LINE
  5
72D
330
67
100
AcDbEntity
  8
DV1_Default
  6
Continuous
 62
     7
 48
25.4
100
AcDbLine
 10
66.5745426351
 20
161.7841452482
 30
0.0
 11
65.1745426351
 21
161.7841452482
 31
0.0
  0
LINE
  5
72E
330
67
100
AcDbEntity
  8
DV1_Default
  6
Continuous
 62
     7
 48
25.4
100
AcDbLine
 10
65.1745426351
 20
161.7841452482
 30
0.0
 11
65.1745426351
 21
163.7841452482
 31
0.0
  0
LINE
  5
72F
330
67
100
AcDbEntity
  8
DV1_Default
  6
Continuous
 62
     7
 48
25.4
100
AcDbLine
 10
66.5745426351
 20
163.7841452482
 30
0.0
 11
66.5745426351
 21
161.7841452482
 31
0.0
  0
LINE
  5
730
330
67
100
AcDbEntity
  8
DV1_Default
  6
Continuous
 62
     7
 48
25.4
100
AcDbLine
 10
66.7745426351
 20
163.7841452482
 30
0.0
 11
68.1745426351
 21
163.7841452482
 31
0.0
  0
LINE
  5
731
330
67
100
AcDbEntity
  8
DV1_Default
  6
Continuous
 62
     7
 48
25.4
100
AcDbLine
 10
68.1745426351
 20
161.7841452482
 30
0.0
 11
66.7745426351
 21
161.7841452482
 31
0.0
  0
LINE
  5
732
330
67
100
AcDbEntity
  8
DV1_Default
  6
Continuous
 62
     7
 48
25.4
100
AcDbLine
 10
66.7745426351
 20
161.7841452482
 30
0.0
 11
66.7745426351
 21
163.7841452482
 31
0.0
  0
LINE
  5
733
330
67
100
AcDbEntity
  8
DV1_Default
  6
Continuous
 62
     7
 48
25.4
100
AcDbLine
 10
68.1745426351
 20
163.7841452482
 30
0.0
 11
68.1745426351
 21
161.7841452482
 31
0.0
  0
LINE
  5
734
330
67
100
AcDbEntity
  8
DV1_Default
  6
Continuous
 62
     7
 48
25.4
100
AcDbLine
 10
68.3745426351
 20
163.7841452482
 30
0.0
 11
69.7745426351
 21
163.7841452482
 31
0.0
  0
LINE
  5
735
330
67
100
AcDbEntity
  8
DV1_Default
  6
Continuous
 62
     7
 48
25.4
100
AcDbLine
 10
69.7745426351
 20
161.7841452482
 30
0.0
 11
68.3745426351
 21
161.7841452482
 31
0.0
  0
LINE
  5
736
330
67
100
AcDbEntity
  8
DV1_Default
  6
Continuous
 62
     7
 48
25.4
100
AcDbLine
 10
68.3745426351
 20
161.7841452482
 30
0.0
 11
68.3745426351
 21
163.7841452482
 31
0.0
  0
LINE
  5
737
330
67
100
AcDbEntity
  8
DV1_Default
  6
Continuous
 62
     7
 48
25.4
100
AcDbLine
 10
69.7745426351
 20
163.7841452482
 30
0.0
 11
69.7745426351
 21
161.7841452482
 31
0.0
  0
LINE
  5
738
330
67
100
AcDbEntity
  8
DV1_Default
  6
Continuous
 62
     7
 48
25.4
100
AcDbLine
 10
69.9745426351
 20
163.7841452482
 30
0.0
 11
71.3745426351
 21
163.7841452482
 31
0.0
  0
LINE
  5
739
330
67
100
AcDbEntity
  8
DV1_Default
  6
Continuous
 62
     7
 48
25.4
100
AcDbLine
 10
71.3745426351
 20
161.7841452482
 30
0.0
 11
69.9745426351
 21
161.7841452482
 31
0.0
  0
LINE
  5
73A
330
67
100
AcDbEntity
  8
DV1_Default
  6
Continuous
 62
     7
 48
25.4
100
AcDbLine
 10
69.9745426351
 20
161.7841452482
 30
0.0
 11
69.9745426351
 21
163.7841452482
 31
0.0
  0
LINE
  5
73B
330
67
100
AcDbEntity
  8
DV1_Default
  6
Continuous
 62
     7
 48
25.4
100
AcDbLine
 10
71.3745426351
 20
163.7841452482
 30
0.0
 11
71.3745426351
 21
161.7841452482
 31
0.0
  0
LINE
  5
73C
330
67
100
AcDbEntity
  8
DV1_Default
  6
Continuous
 62
     7
 48
25.4
100
AcDbLine
 10
71.5745426351
 20
163.7841452482
 30
0.0
 11
72.9745426351
 21
163.7841452482
 31
0.0
  0
LINE
  5
73D
330
67
100
AcDbEntity
  8
DV1_Default
  6
Continuous
 62
     7
 48
25.4
100
AcDbLine
 10
72.9745426351
 20
161.7841452482
 30
0.0
 11
71.5745426351
 21
161.7841452482
 31
0.0
  0
LINE
  5
73E
330
67
100
AcDbEntity
  8
DV1_Default
  6
Continuous
 62
     7
 48
25.4
100
AcDbLine
 10
71.5745426351
 20
161.7841452482
 30
0.0
 11
71.5745426351
 21
163.7841452482
 31
0.0
  0
LINE
  5
73F
330
67
100
AcDbEntity
  8
DV1_Default
  6
Continuous
 62
     7
 48
25.4
100
AcDbLine
 10
72.9745426351
 20
163.7841452482
 30
0.0
 11
72.9745426351
 21
161.7841452482
 31
0.0
  0
LINE
  5
740
330
67
100
AcDbEntity
  8
DV1_Default
  6
Continuous
 62
     7
 48
25.4
100
AcDbLine
 10
73.1745426351
 20
163.7841452482
 30
0.0
 11
74.5745426351
 21
163.7841452482
 31
0.0
  0
LINE
  5
741
330
67
100
AcDbEntity
  8
DV1_Default
  6
Continuous
 62
     7
 48
25.4
100
AcDbLine
 10
74.5745426351
 20
161.7841452482
 30
0.0
 11
73.1745426351
 21
161.7841452482
 31
0.0
  0
LINE
  5
742
330
67
100
AcDbEntity
  8
DV1_Default
  6
Continuous
 62
     7
 48
25.4
100
AcDbLine
 10
73.1745426351
 20
161.7841452482
 30
0.0
 11
73.1745426351
 21
163.7841452482
 31
0.0
  0
LINE
  5
743
330
67
100
AcDbEntity
  8
DV1_Default
  6
Continuous
 62
     7
 48
25.4
100
AcDbLine
 10
74.5745426351
 20
163.7841452482
 30
0.0
 11
74.5745426351
 21
161.7841452482
 31
0.0
  0
LINE
  5
744
330
67
100
AcDbEntity
  8
DV1_Default
  6
Continuous
 62
     7
 48
25.4
100
AcDbLine
 10
74.7745426351
 20
163.7841452482
 30
0.0
 11
76.1745426351
 21
163.7841452482
 31
0.0
  0
LINE
  5
745
330
67
100
AcDbEntity
  8
DV1_Default
  6
Continuous
 62
     7
 48
25.4
100
AcDbLine
 10
76.1745426351
 20
161.7841452482
 30
0.0
 11
74.7745426351
 21
161.7841452482
 31
0.0
  0
LINE
  5
746
330
67
100
AcDbEntity
  8
DV1_Default
  6
Continuous
 62
     7
 48
25.4
100
AcDbLine
 10
74.7745426351
 20
161.7841452482
 30
0.0
 11
74.7745426351
 21
163.7841452482
 31
0.0
  0
LINE
  5
747
330
67
100
AcDbEntity
  8
DV1_Default
  6
Continuous
 62
     7
 48
25.4
100
AcDbLine
 10
76.1745426351
 20
163.7841452482
 30
0.0
 11
76.1745426351
 21
161.7841452482
 31
0.0
  0
LINE
  5
748
330
67
100
AcDbEntity
  8
DV1_Default
  6
Continuous
 62
     7
 48
25.4
100
AcDbLine
 10
76.3745426351
 20
163.7841452482
 30
0.0
 11
77.7745426351
 21
163.7841452482
 31
0.0
  0
LINE
  5
749
330
67
100
AcDbEntity
  8
DV1_Default
  6
Continuous
 62
     7
 48
25.4
100
AcDbLine
 10
77.7745426351
 20
161.7841452482
 30
0.0
 11
76.3745426351
 21
161.7841452482
 31
0.0
  0
LINE
  5
74A
330
67
100
AcDbEntity
  8
DV1_Default
  6
Continuous
 62
     7
 48
25.4
100
AcDbLine
 10
76.3745426351
 20
161.7841452482
 30
0.0
 11
76.3745426351
 21
163.7841452482
 31
0.0
  0
LINE
  5
74B
330
67
100
AcDbEntity
  8
DV1_Default
  6
Continuous
 62
     7
 48
25.4
100
AcDbLine
 10
77.7745426351
 20
163.7841452482
 30
0.0
 11
77.7745426351
 21
161.7841452482
 31
0.0
  0
LINE
  5
74C
330
67
100
AcDbEntity
  8
DV1_Default
  6
Continuous
 62
     7
 48
25.4
100
AcDbLine
 10
77.9745426351
 20
163.7841452482
 30
0.0
 11
79.3745426351
 21
163.7841452482
 31
0.0
  0
LINE
  5
74D
330
67
100
AcDbEntity
  8
DV1_Default
  6
Continuous
 62
     7
 48
25.4
100
AcDbLine
 10
79.3745426351
 20
161.7841452482
 30
0.0
 11
77.9745426351
 21
161.7841452482
 31
0.0
  0
LINE
  5
74E
330
67
100
AcDbEntity
  8
DV1_Default
  6
Continuous
 62
     7
 48
25.4
100
AcDbLine
 10
77.9745426351
 20
161.7841452482
 30
0.0
 11
77.9745426351
 21
163.7841452482
 31
0.0
  0
LINE
  5
74F
330
67
100
AcDbEntity
  8
DV1_Default
  6
Continuous
 62
     7
 48
25.4
100
AcDbLine
 10
79.3745426351
 20
163.7841452482
 30
0.0
 11
79.3745426351
 21
161.7841452482
 31
0.0
  0
LINE
  5
750
330
67
100
AcDbEntity
  8
DV1_Default
  6
Continuous
 62
     7
 48
25.4
100
AcDbLine
 10
79.5745426351
 20
163.7841452482
 30
0.0
 11
80.9745426351
 21
163.7841452482
 31
0.0
  0
LINE
  5
751
330
67
100
AcDbEntity
  8
DV1_Default
  6
Continuous
 62
     7
 48
25.4
100
AcDbLine
 10
80.9745426351
 20
161.7841452482
 30
0.0
 11
79.5745426351
 21
161.7841452482
 31
0.0
  0
LINE
  5
752
330
67
100
AcDbEntity
  8
DV1_Default
  6
Continuous
 62
     7
 48
25.4
100
AcDbLine
 10
79.5745426351
 20
161.7841452482
 30
0.0
 11
79.5745426351
 21
163.7841452482
 31
0.0
  0
LINE
  5
753
330
67
100
AcDbEntity
  8
DV1_Default
  6
Continuous
 62
     7
 48
25.4
100
AcDbLine
 10
80.9745426351
 20
163.7841452482
 30
0.0
 11
80.9745426351
 21
161.7841452482
 31
0.0
  0
LINE
  5
754
330
67
100
AcDbEntity
  8
DV1_Default
  6
Continuous
 62
     7
 48
25.4
100
AcDbLine
 10
81.1745426351
 20
163.7841452482
 30
0.0
 11
82.5745426351
 21
163.7841452482
 31
0.0
  0
LINE
  5
755
330
67
100
AcDbEntity
  8
DV1_Default
  6
Continuous
 62
     7
 48
25.4
100
AcDbLine
 10
82.5745426351
 20
161.7841452482
 30
0.0
 11
81.1745426351
 21
161.7841452482
 31
0.0
  0
LINE
  5
756
330
67
100
AcDbEntity
  8
DV1_Default
  6
Continuous
 62
     7
 48
25.4
100
AcDbLine
 10
81.1745426351
 20
161.7841452482
 30
0.0
 11
81.1745426351
 21
163.7841452482
 31
0.0
  0
LINE
  5
757
330
67
100
AcDbEntity
  8
DV1_Default
  6
Continuous
 62
     7
 48
25.4
100
AcDbLine
 10
82.5745426351
 20
163.7841452482
 30
0.0
 11
82.5745426351
 21
161.7841452482
 31
0.0
  0
LINE
  5
758
330
67
100
AcDbEntity
  8
DV1_Default
  6
Continuous
 62
     7
 48
25.4
100
AcDbLine
 10
82.7745426351
 20
163.7841452482
 30
0.0
 11
84.1745426351
 21
163.7841452482
 31
0.0
  0
LINE
  5
759
330
67
100
AcDbEntity
  8
DV1_Default
  6
Continuous
 62
     7
 48
25.4
100
AcDbLine
 10
84.1745426351
 20
161.7841452482
 30
0.0
 11
82.7745426351
 21
161.7841452482
 31
0.0
  0
LINE
  5
75A
330
67
100
AcDbEntity
  8
DV1_Default
  6
Continuous
 62
     7
 48
25.4
100
AcDbLine
 10
82.7745426351
 20
161.7841452482
 30
0.0
 11
82.7745426351
 21
163.7841452482
 31
0.0
  0
LINE
  5
75B
330
67
100
AcDbEntity
  8
DV1_Default
  6
Continuous
 62
     7
 48
25.4
100
AcDbLine
 10
84.1745426351
 20
163.7841452482
 30
0.0
 11
84.1745426351
 21
161.7841452482
 31
0.0
  0
LINE
  5
75C
330
67
100
AcDbEntity
  8
DV1_Default
  6
Continuous
 62
     7
 48
25.4
100
AcDbLine
 10
84.3745426351
 20
163.7841452482
 30
0.0
 11
85.7745426351
 21
163.7841452482
 31
0.0
  0
LINE
  5
75D
330
67
100
AcDbEntity
  8
DV1_Default
  6
Continuous
 62
     7
 48
25.4
100
AcDbLine
 10
85.7745426351
 20
161.7841452482
 30
0.0
 11
84.3745426351
 21
161.7841452482
 31
0.0
  0
LINE
  5
75E
330
67
100
AcDbEntity
  8
DV1_Default
  6
Continuous
 62
     7
 48
25.4
100
AcDbLine
 10
84.3745426351
 20
161.7841452482
 30
0.0
 11
84.3745426351
 21
163.7841452482
 31
0.0
  0
LINE
  5
75F
330
67
100
AcDbEntity
  8
DV1_Default
  6
Continuous
 62
     7
 48
25.4
100
AcDbLine
 10
85.7745426351
 20
163.7841452482
 30
0.0
 11
85.7745426351
 21
161.7841452482
 31
0.0
  0
LINE
  5
760
330
67
100
AcDbEntity
  8
DV1_Default
  6
Continuous
 62
     7
 48
25.4
100
AcDbLine
 10
85.9745426351
 20
163.7841452482
 30
0.0
 11
87.3745426351
 21
163.7841452482
 31
0.0
  0
LINE
  5
761
330
67
100
AcDbEntity
  8
DV1_Default
  6
Continuous
 62
     7
 48
25.4
100
AcDbLine
 10
87.3745426351
 20
161.7841452482
 30
0.0
 11
85.9745426351
 21
161.7841452482
 31
0.0
  0
LINE
  5
762
330
67
100
AcDbEntity
  8
DV1_Default
  6
Continuous
 62
     7
 48
25.4
100
AcDbLine
 10
85.9745426351
 20
161.7841452482
 30
0.0
 11
85.9745426351
 21
163.7841452482
 31
0.0
  0
LINE
  5
763
330
67
100
AcDbEntity
  8
DV1_Default
  6
Continuous
 62
     7
 48
25.4
100
AcDbLine
 10
87.3745426351
 20
163.7841452482
 30
0.0
 11
87.3745426351
 21
161.7841452482
 31
0.0
  0
LINE
  5
764
330
67
100
AcDbEntity
  8
DV1_Default
  6
Continuous
 62
     7
 48
25.4
100
AcDbLine
 10
87.5745426351
 20
163.7841452482
 30
0.0
 11
88.9745426351
 21
163.7841452482
 31
0.0
  0
LINE
  5
765
330
67
100
AcDbEntity
  8
DV1_Default
  6
Continuous
 62
     7
 48
25.4
100
AcDbLine
 10
88.9745426351
 20
161.7841452482
 30
0.0
 11
87.5745426351
 21
161.7841452482
 31
0.0
  0
LINE
  5
766
330
67
100
AcDbEntity
  8
DV1_Default
  6
Continuous
 62
     7
 48
25.4
100
AcDbLine
 10
87.5745426351
 20
161.7841452482
 30
0.0
 11
87.5745426351
 21
163.7841452482
 31
0.0
  0
LINE
  5
767
330
67
100
AcDbEntity
  8
DV1_Default
  6
Continuous
 62
     7
 48
25.4
100
AcDbLine
 10
88.9745426351
 20
163.7841452482
 30
0.0
 11
88.9745426351
 21
161.7841452482
 31
0.0
  0
LINE
  5
768
330
67
100
AcDbEntity
  8
DV1_Default
  6
Continuous
 62
     7
 48
25.4
100
AcDbLine
 10
89.1745426351
 20
163.7841452482
 30
0.0
 11
90.5745426351
 21
163.7841452482
 31
0.0
  0
LINE
  5
769
330
67
100
AcDbEntity
  8
DV1_Default
  6
Continuous
 62
     7
 48
25.4
100
AcDbLine
 10
90.5745426351
 20
161.7841452482
 30
0.0
 11
89.1745426351
 21
161.7841452482
 31
0.0
  0
LINE
  5
76A
330
67
100
AcDbEntity
  8
DV1_Default
  6
Continuous
 62
     7
 48
25.4
100
AcDbLine
 10
89.1745426351
 20
161.7841452482
 30
0.0
 11
89.1745426351
 21
163.7841452482
 31
0.0
  0
LINE
  5
76B
330
67
100
AcDbEntity
  8
DV1_Default
  6
Continuous
 62
     7
 48
25.4
100
AcDbLine
 10
90.5745426351
 20
163.7841452482
 30
0.0
 11
90.5745426351
 21
161.7841452482
 31
0.0
  0
LINE
  5
76C
330
67
100
AcDbEntity
  8
DV1_Default
  6
Continuous
 62
     7
 48
25.4
100
AcDbLine
 10
90.7745426351
 20
163.7841452482
 30
0.0
 11
92.1745426351
 21
163.7841452482
 31
0.0
  0
LINE
  5
76D
330
67
100
AcDbEntity
  8
DV1_Default
  6
Continuous
 62
     7
 48
25.4
100
AcDbLine
 10
92.1745426351
 20
161.7841452482
 30
0.0
 11
90.7745426351
 21
161.7841452482
 31
0.0
  0
LINE
  5
76E
330
67
100
AcDbEntity
  8
DV1_Default
  6
Continuous
 62
     7
 48
25.4
100
AcDbLine
 10
90.7745426351
 20
161.7841452482
 30
0.0
 11
90.7745426351
 21
163.7841452482
 31
0.0
  0
LINE
  5
76F
330
67
100
AcDbEntity
  8
DV1_Default
  6
Continuous
 62
     7
 48
25.4
100
AcDbLine
 10
92.1745426351
 20
163.7841452482
 30
0.0
 11
92.1745426351
 21
161.7841452482
 31
0.0
  0
LINE
  5
770
330
67
100
AcDbEntity
  8
DV1_Default
  6
Continuous
 62
     7
 48
25.4
100
AcDbLine
 10
92.3745426351
 20
163.7841452482
 30
0.0
 11
93.7745426351
 21
163.7841452482
 31
0.0
  0
LINE
  5
771
330
67
100
AcDbEntity
  8
DV1_Default
  6
Continuous
 62
     7
 48
25.4
100
AcDbLine
 10
93.7745426351
 20
161.7841452482
 30
0.0
 11
92.3745426351
 21
161.7841452482
 31
0.0
  0
LINE
  5
772
330
67
100
AcDbEntity
  8
DV1_Default
  6
Continuous
 62
     7
 48
25.4
100
AcDbLine
 10
92.3745426351
 20
161.7841452482
 30
0.0
 11
92.3745426351
 21
163.7841452482
 31
0.0
  0
LINE
  5
773
330
67
100
AcDbEntity
  8
DV1_Default
  6
Continuous
 62
     7
 48
25.4
100
AcDbLine
 10
93.7745426351
 20
163.7841452482
 30
0.0
 11
93.7745426351
 21
161.7841452482
 31
0.0
  0
LINE
  5
774
330
67
100
AcDbEntity
  8
DV1_Default
  6
Continuous
 62
     7
 48
25.4
100
AcDbLine
 10
57.1745426351
 20
166.1841452482
 30
0.0
 11
58.5745426351
 21
166.1841452482
 31
0.0
  0
LINE
  5
775
330
67
100
AcDbEntity
  8
DV1_Default
  6
Continuous
 62
     7
 48
25.4
100
AcDbLine
 10
58.5745426351
 20
164.1841452482
 30
0.0
 11
57.1745426351
 21
164.1841452482
 31
0.0
  0
LINE
  5
776
330
67
100
AcDbEntity
  8
DV1_Default
  6
Continuous
 62
     7
 48
25.4
100
AcDbLine
 10
57.1745426351
 20
164.1841452482
 30
0.0
 11
57.1745426351
 21
166.1841452482
 31
0.0
  0
LINE
  5
777
330
67
100
AcDbEntity
  8
DV1_Default
  6
Continuous
 62
     7
 48
25.4
100
AcDbLine
 10
58.5745426351
 20
166.1841452482
 30
0.0
 11
58.5745426351
 21
164.1841452482
 31
0.0
  0
LINE
  5
778
330
67
100
AcDbEntity
  8
DV1_Default
  6
Continuous
 62
     7
 48
25.4
100
AcDbLine
 10
58.7745426351
 20
166.1841452482
 30
0.0
 11
60.1745426351
 21
166.1841452482
 31
0.0
  0
LINE
  5
779
330
67
100
AcDbEntity
  8
DV1_Default
  6
Continuous
 62
     7
 48
25.4
100
AcDbLine
 10
60.1745426351
 20
164.1841452482
 30
0.0
 11
58.7745426351
 21
164.1841452482
 31
0.0
  0
LINE
  5
77A
330
67
100
AcDbEntity
  8
DV1_Default
  6
Continuous
 62
     7
 48
25.4
100
AcDbLine
 10
58.7745426351
 20
164.1841452482
 30
0.0
 11
58.7745426351
 21
166.1841452482
 31
0.0
  0
LINE
  5
77B
330
67
100
AcDbEntity
  8
DV1_Default
  6
Continuous
 62
     7
 48
25.4
100
AcDbLine
 10
60.1745426351
 20
166.1841452482
 30
0.0
 11
60.1745426351
 21
164.1841452482
 31
0.0
  0
LINE
  5
77C
330
67
100
AcDbEntity
  8
DV1_Default
  6
Continuous
 62
     7
 48
25.4
100
AcDbLine
 10
60.3745426351
 20
166.1841452482
 30
0.0
 11
61.7745426351
 21
166.1841452482
 31
0.0
  0
LINE
  5
77D
330
67
100
AcDbEntity
  8
DV1_Default
  6
Continuous
 62
     7
 48
25.4
100
AcDbLine
 10
61.7745426351
 20
164.1841452482
 30
0.0
 11
60.3745426351
 21
164.1841452482
 31
0.0
  0
LINE
  5
77E
330
67
100
AcDbEntity
  8
DV1_Default
  6
Continuous
 62
     7
 48
25.4
100
AcDbLine
 10
60.3745426351
 20
164.1841452482
 30
0.0
 11
60.3745426351
 21
166.1841452482
 31
0.0
  0
LINE
  5
77F
330
67
100
AcDbEntity
  8
DV1_Default
  6
Continuous
 62
     7
 48
25.4
100
AcDbLine
 10
61.7745426351
 20
166.1841452482
 30
0.0
 11
61.7745426351
 21
164.1841452482
 31
0.0
  0
LINE
  5
780
330
67
100
AcDbEntity
  8
DV1_Default
  6
Continuous
 62
     7
 48
25.4
100
AcDbLine
 10
61.9745426351
 20
166.1841452482
 30
0.0
 11
63.3745426351
 21
166.1841452482
 31
0.0
  0
LINE
  5
781
330
67
100
AcDbEntity
  8
DV1_Default
  6
Continuous
 62
     7
 48
25.4
100
AcDbLine
 10
63.3745426351
 20
164.1841452482
 30
0.0
 11
61.9745426351
 21
164.1841452482
 31
0.0
  0
LINE
  5
782
330
67
100
AcDbEntity
  8
DV1_Default
  6
Continuous
 62
     7
 48
25.4
100
AcDbLine
 10
61.9745426351
 20
164.1841452482
 30
0.0
 11
61.9745426351
 21
166.1841452482
 31
0.0
  0
LINE
  5
783
330
67
100
AcDbEntity
  8
DV1_Default
  6
Continuous
 62
     7
 48
25.4
100
AcDbLine
 10
63.3745426351
 20
166.1841452482
 30
0.0
 11
63.3745426351
 21
164.1841452482
 31
0.0
  0
LINE
  5
784
330
67
100
AcDbEntity
  8
DV1_Default
  6
Continuous
 62
     7
 48
25.4
100
AcDbLine
 10
63.5745426351
 20
166.1841452482
 30
0.0
 11
64.9745426351
 21
166.1841452482
 31
0.0
  0
LINE
  5
785
330
67
100
AcDbEntity
  8
DV1_Default
  6
Continuous
 62
     7
 48
25.4
100
AcDbLine
 10
64.9745426351
 20
164.1841452482
 30
0.0
 11
63.5745426351
 21
164.1841452482
 31
0.0
  0
LINE
  5
786
330
67
100
AcDbEntity
  8
DV1_Default
  6
Continuous
 62
     7
 48
25.4
100
AcDbLine
 10
63.5745426351
 20
164.1841452482
 30
0.0
 11
63.5745426351
 21
166.1841452482
 31
0.0
  0
LINE
  5
787
330
67
100
AcDbEntity
  8
DV1_Default
  6
Continuous
 62
     7
 48
25.4
100
AcDbLine
 10
64.9745426351
 20
166.1841452482
 30
0.0
 11
64.9745426351
 21
164.1841452482
 31
0.0
  0
LINE
  5
788
330
67
100
AcDbEntity
  8
DV1_Default
  6
Continuous
 62
     7
 48
25.4
100
AcDbLine
 10
65.1745426351
 20
166.1841452482
 30
0.0
 11
66.5745426351
 21
166.1841452482
 31
0.0
  0
LINE
  5
789
330
67
100
AcDbEntity
  8
DV1_Default
  6
Continuous
 62
     7
 48
25.4
100
AcDbLine
 10
66.5745426351
 20
164.1841452482
 30
0.0
 11
65.1745426351
 21
164.1841452482
 31
0.0
  0
LINE
  5
78A
330
67
100
AcDbEntity
  8
DV1_Default
  6
Continuous
 62
     7
 48
25.4
100
AcDbLine
 10
65.1745426351
 20
164.1841452482
 30
0.0
 11
65.1745426351
 21
166.1841452482
 31
0.0
  0
LINE
  5
78B
330
67
100
AcDbEntity
  8
DV1_Default
  6
Continuous
 62
     7
 48
25.4
100
AcDbLine
 10
66.5745426351
 20
166.1841452482
 30
0.0
 11
66.5745426351
 21
164.1841452482
 31
0.0
  0
LINE
  5
78C
330
67
100
AcDbEntity
  8
DV1_Default
  6
Continuous
 62
     7
 48
25.4
100
AcDbLine
 10
66.7745426351
 20
166.1841452482
 30
0.0
 11
68.1745426351
 21
166.1841452482
 31
0.0
  0
LINE
  5
78D
330
67
100
AcDbEntity
  8
DV1_Default
  6
Continuous
 62
     7
 48
25.4
100
AcDbLine
 10
68.1745426351
 20
164.1841452482
 30
0.0
 11
66.7745426351
 21
164.1841452482
 31
0.0
  0
LINE
  5
78E
330
67
100
AcDbEntity
  8
DV1_Default
  6
Continuous
 62
     7
 48
25.4
100
AcDbLine
 10
66.7745426351
 20
164.1841452482
 30
0.0
 11
66.7745426351
 21
166.1841452482
 31
0.0
  0
LINE
  5
78F
330
67
100
AcDbEntity
  8
DV1_Default
  6
Continuous
 62
     7
 48
25.4
100
AcDbLine
 10
68.1745426351
 20
166.1841452482
 30
0.0
 11
68.1745426351
 21
164.1841452482
 31
0.0
  0
LINE
  5
790
330
67
100
AcDbEntity
  8
DV1_Default
  6
Continuous
 62
     7
 48
25.4
100
AcDbLine
 10
68.3745426351
 20
166.1841452482
 30
0.0
 11
69.7745426351
 21
166.1841452482
 31
0.0
  0
LINE
  5
791
330
67
100
AcDbEntity
  8
DV1_Default
  6
Continuous
 62
     7
 48
25.4
100
AcDbLine
 10
69.7745426351
 20
164.1841452482
 30
0.0
 11
68.3745426351
 21
164.1841452482
 31
0.0
  0
LINE
  5
792
330
67
100
AcDbEntity
  8
DV1_Default
  6
Continuous
 62
     7
 48
25.4
100
AcDbLine
 10
68.3745426351
 20
164.1841452482
 30
0.0
 11
68.3745426351
 21
166.1841452482
 31
0.0
  0
LINE
  5
793
330
67
100
AcDbEntity
  8
DV1_Default
  6
Continuous
 62
     7
 48
25.4
100
AcDbLine
 10
69.7745426351
 20
166.1841452482
 30
0.0
 11
69.7745426351
 21
164.1841452482
 31
0.0
  0
LINE
  5
794
330
67
100
AcDbEntity
  8
DV1_Default
  6
Continuous
 62
     7
 48
25.4
100
AcDbLine
 10
69.9745426351
 20
166.1841452482
 30
0.0
 11
71.3745426351
 21
166.1841452482
 31
0.0
  0
LINE
  5
795
330
67
100
AcDbEntity
  8
DV1_Default
  6
Continuous
 62
     7
 48
25.4
100
AcDbLine
 10
71.3745426351
 20
164.1841452482
 30
0.0
 11
69.9745426351
 21
164.1841452482
 31
0.0
  0
LINE
  5
796
330
67
100
AcDbEntity
  8
DV1_Default
  6
Continuous
 62
     7
 48
25.4
100
AcDbLine
 10
69.9745426351
 20
164.1841452482
 30
0.0
 11
69.9745426351
 21
166.1841452482
 31
0.0
  0
LINE
  5
797
330
67
100
AcDbEntity
  8
DV1_Default
  6
Continuous
 62
     7
 48
25.4
100
AcDbLine
 10
71.3745426351
 20
166.1841452482
 30
0.0
 11
71.3745426351
 21
164.1841452482
 31
0.0
  0
LINE
  5
798
330
67
100
AcDbEntity
  8
DV1_Default
  6
Continuous
 62
     7
 48
25.4
100
AcDbLine
 10
71.5745426351
 20
166.1841452482
 30
0.0
 11
72.9745426351
 21
166.1841452482
 31
0.0
  0
LINE
  5
799
330
67
100
AcDbEntity
  8
DV1_Default
  6
Continuous
 62
     7
 48
25.4
100
AcDbLine
 10
72.9745426351
 20
164.1841452482
 30
0.0
 11
71.5745426351
 21
164.1841452482
 31
0.0
  0
LINE
  5
79A
330
67
100
AcDbEntity
  8
DV1_Default
  6
Continuous
 62
     7
 48
25.4
100
AcDbLine
 10
71.5745426351
 20
164.1841452482
 30
0.0
 11
71.5745426351
 21
166.1841452482
 31
0.0
  0
LINE
  5
79B
330
67
100
AcDbEntity
  8
DV1_Default
  6
Continuous
 62
     7
 48
25.4
100
AcDbLine
 10
72.9745426351
 20
166.1841452482
 30
0.0
 11
72.9745426351
 21
164.1841452482
 31
0.0
  0
LINE
  5
79C
330
67
100
AcDbEntity
  8
DV1_Default
  6
Continuous
 62
     7
 48
25.4
100
AcDbLine
 10
73.1745426351
 20
166.1841452482
 30
0.0
 11
74.5745426351
 21
166.1841452482
 31
0.0
  0
LINE
  5
79D
330
67
100
AcDbEntity
  8
DV1_Default
  6
Continuous
 62
     7
 48
25.4
100
AcDbLine
 10
74.5745426351
 20
164.1841452482
 30
0.0
 11
73.1745426351
 21
164.1841452482
 31
0.0
  0
LINE
  5
79E
330
67
100
AcDbEntity
  8
DV1_Default
  6
Continuous
 62
     7
 48
25.4
100
AcDbLine
 10
73.1745426351
 20
164.1841452482
 30
0.0
 11
73.1745426351
 21
166.1841452482
 31
0.0
  0
LINE
  5
79F
330
67
100
AcDbEntity
  8
DV1_Default
  6
Continuous
 62
     7
 48
25.4
100
AcDbLine
 10
74.5745426351
 20
166.1841452482
 30
0.0
 11
74.5745426351
 21
164.1841452482
 31
0.0
  0
LINE
  5
7A0
330
67
100
AcDbEntity
  8
DV1_Default
  6
Continuous
 62
     7
 48
25.4
100
AcDbLine
 10
74.7745426351
 20
166.1841452482
 30
0.0
 11
76.1745426351
 21
166.1841452482
 31
0.0
  0
LINE
  5
7A1
330
67
100
AcDbEntity
  8
DV1_Default
  6
Continuous
 62
     7
 48
25.4
100
AcDbLine
 10
76.1745426351
 20
164.1841452482
 30
0.0
 11
74.7745426351
 21
164.1841452482
 31
0.0
  0
LINE
  5
7A2
330
67
100
AcDbEntity
  8
DV1_Default
  6
Continuous
 62
     7
 48
25.4
100
AcDbLine
 10
74.7745426351
 20
164.1841452482
 30
0.0
 11
74.7745426351
 21
166.1841452482
 31
0.0
  0
LINE
  5
7A3
330
67
100
AcDbEntity
  8
DV1_Default
  6
Continuous
 62
     7
 48
25.4
100
AcDbLine
 10
76.1745426351
 20
166.1841452482
 30
0.0
 11
76.1745426351
 21
164.1841452482
 31
0.0
  0
LINE
  5
7A4
330
67
100
AcDbEntity
  8
DV1_Default
  6
Continuous
 62
     7
 48
25.4
100
AcDbLine
 10
76.3745426351
 20
166.1841452482
 30
0.0
 11
77.7745426351
 21
166.1841452482
 31
0.0
  0
LINE
  5
7A5
330
67
100
AcDbEntity
  8
DV1_Default
  6
Continuous
 62
     7
 48
25.4
100
AcDbLine
 10
77.7745426351
 20
164.1841452482
 30
0.0
 11
76.3745426351
 21
164.1841452482
 31
0.0
  0
LINE
  5
7A6
330
67
100
AcDbEntity
  8
DV1_Default
  6
Continuous
 62
     7
 48
25.4
100
AcDbLine
 10
76.3745426351
 20
164.1841452482
 30
0.0
 11
76.3745426351
 21
166.1841452482
 31
0.0
  0
LINE
  5
7A7
330
67
100
AcDbEntity
  8
DV1_Default
  6
Continuous
 62
     7
 48
25.4
100
AcDbLine
 10
77.7745426351
 20
166.1841452482
 30
0.0
 11
77.7745426351
 21
164.1841452482
 31
0.0
  0
LINE
  5
7A8
330
67
100
AcDbEntity
  8
DV1_Default
  6
Continuous
 62
     7
 48
25.4
100
AcDbLine
 10
77.9745426351
 20
166.1841452482
 30
0.0
 11
79.3745426351
 21
166.1841452482
 31
0.0
  0
LINE
  5
7A9
330
67
100
AcDbEntity
  8
DV1_Default
  6
Continuous
 62
     7
 48
25.4
100
AcDbLine
 10
79.3745426351
 20
164.1841452482
 30
0.0
 11
77.9745426351
 21
164.1841452482
 31
0.0
  0
LINE
  5
7AA
330
67
100
AcDbEntity
  8
DV1_Default
  6
Continuous
 62
     7
 48
25.4
100
AcDbLine
 10
77.9745426351
 20
164.1841452482
 30
0.0
 11
77.9745426351
 21
166.1841452482
 31
0.0
  0
LINE
  5
7AB
330
67
100
AcDbEntity
  8
DV1_Default
  6
Continuous
 62
     7
 48
25.4
100
AcDbLine
 10
79.3745426351
 20
166.1841452482
 30
0.0
 11
79.3745426351
 21
164.1841452482
 31
0.0
  0
LINE
  5
7AC
330
67
100
AcDbEntity
  8
DV1_Default
  6
Continuous
 62
     7
 48
25.4
100
AcDbLine
 10
79.5745426351
 20
166.1841452482
 30
0.0
 11
80.9745426351
 21
166.1841452482
 31
0.0
  0
LINE
  5
7AD
330
67
100
AcDbEntity
  8
DV1_Default
  6
Continuous
 62
     7
 48
25.4
100
AcDbLine
 10
80.9745426351
 20
164.1841452482
 30
0.0
 11
79.5745426351
 21
164.1841452482
 31
0.0
  0
LINE
  5
7AE
330
67
100
AcDbEntity
  8
DV1_Default
  6
Continuous
 62
     7
 48
25.4
100
AcDbLine
 10
79.5745426351
 20
164.1841452482
 30
0.0
 11
79.5745426351
 21
166.1841452482
 31
0.0
  0
LINE
  5
7AF
330
67
100
AcDbEntity
  8
DV1_Default
  6
Continuous
 62
     7
 48
25.4
100
AcDbLine
 10
80.9745426351
 20
166.1841452482
 30
0.0
 11
80.9745426351
 21
164.1841452482
 31
0.0
  0
LINE
  5
7B0
330
67
100
AcDbEntity
  8
DV1_Default
  6
Continuous
 62
     7
 48
25.4
100
AcDbLine
 10
81.1745426351
 20
166.1841452482
 30
0.0
 11
82.5745426351
 21
166.1841452482
 31
0.0
  0
LINE
  5
7B1
330
67
100
AcDbEntity
  8
DV1_Default
  6
Continuous
 62
     7
 48
25.4
100
AcDbLine
 10
82.5745426351
 20
164.1841452482
 30
0.0
 11
81.1745426351
 21
164.1841452482
 31
0.0
  0
LINE
  5
7B2
330
67
100
AcDbEntity
  8
DV1_Default
  6
Continuous
 62
     7
 48
25.4
100
AcDbLine
 10
81.1745426351
 20
164.1841452482
 30
0.0
 11
81.1745426351
 21
166.1841452482
 31
0.0
  0
LINE
  5
7B3
330
67
100
AcDbEntity
  8
DV1_Default
  6
Continuous
 62
     7
 48
25.4
100
AcDbLine
 10
82.5745426351
 20
166.1841452482
 30
0.0
 11
82.5745426351
 21
164.1841452482
 31
0.0
  0
LINE
  5
7B4
330
67
100
AcDbEntity
  8
DV1_Default
  6
Continuous
 62
     7
 48
25.4
100
AcDbLine
 10
82.7745426351
 20
166.1841452482
 30
0.0
 11
84.1745426351
 21
166.1841452482
 31
0.0
  0
LINE
  5
7B5
330
67
100
AcDbEntity
  8
DV1_Default
  6
Continuous
 62
     7
 48
25.4
100
AcDbLine
 10
84.1745426351
 20
164.1841452482
 30
0.0
 11
82.7745426351
 21
164.1841452482
 31
0.0
  0
LINE
  5
7B6
330
67
100
AcDbEntity
  8
DV1_Default
  6
Continuous
 62
     7
 48
25.4
100
AcDbLine
 10
82.7745426351
 20
164.1841452482
 30
0.0
 11
82.7745426351
 21
166.1841452482
 31
0.0
  0
LINE
  5
7B7
330
67
100
AcDbEntity
  8
DV1_Default
  6
Continuous
 62
     7
 48
25.4
100
AcDbLine
 10
84.1745426351
 20
166.1841452482
 30
0.0
 11
84.1745426351
 21
164.1841452482
 31
0.0
  0
LINE
  5
7B8
330
67
100
AcDbEntity
  8
DV1_Default
  6
Continuous
 62
     7
 48
25.4
100
AcDbLine
 10
84.3745426351
 20
166.1841452482
 30
0.0
 11
85.7745426351
 21
166.1841452482
 31
0.0
  0
LINE
  5
7B9
330
67
100
AcDbEntity
  8
DV1_Default
  6
Continuous
 62
     7
 48
25.4
100
AcDbLine
 10
85.7745426351
 20
164.1841452482
 30
0.0
 11
84.3745426351
 21
164.1841452482
 31
0.0
  0
LINE
  5
7BA
330
67
100
AcDbEntity
  8
DV1_Default
  6
Continuous
 62
     7
 48
25.4
100
AcDbLine
 10
84.3745426351
 20
164.1841452482
 30
0.0
 11
84.3745426351
 21
166.1841452482
 31
0.0
  0
LINE
  5
7BB
330
67
100
AcDbEntity
  8
DV1_Default
  6
Continuous
 62
     7
 48
25.4
100
AcDbLine
 10
85.7745426351
 20
166.1841452482
 30
0.0
 11
85.7745426351
 21
164.1841452482
 31
0.0
  0
LINE
  5
7BC
330
67
100
AcDbEntity
  8
DV1_Default
  6
Continuous
 62
     7
 48
25.4
100
AcDbLine
 10
85.9745426351
 20
166.1841452482
 30
0.0
 11
87.3745426351
 21
166.1841452482
 31
0.0
  0
LINE
  5
7BD
330
67
100
AcDbEntity
  8
DV1_Default
  6
Continuous
 62
     7
 48
25.4
100
AcDbLine
 10
87.3745426351
 20
164.1841452482
 30
0.0
 11
85.9745426351
 21
164.1841452482
 31
0.0
  0
LINE
  5
7BE
330
67
100
AcDbEntity
  8
DV1_Default
  6
Continuous
 62
     7
 48
25.4
100
AcDbLine
 10
85.9745426351
 20
164.1841452482
 30
0.0
 11
85.9745426351
 21
166.1841452482
 31
0.0
  0
LINE
  5
7BF
330
67
100
AcDbEntity
  8
DV1_Default
  6
Continuous
 62
     7
 48
25.4
100
AcDbLine
 10
87.3745426351
 20
166.1841452482
 30
0.0
 11
87.3745426351
 21
164.1841452482
 31
0.0
  0
LINE
  5
7C0
330
67
100
AcDbEntity
  8
DV1_Default
  6
Continuous
 62
     7
 48
25.4
100
AcDbLine
 10
87.5745426351
 20
166.1841452482
 30
0.0
 11
88.9745426351
 21
166.1841452482
 31
0.0
  0
LINE
  5
7C1
330
67
100
AcDbEntity
  8
DV1_Default
  6
Continuous
 62
     7
 48
25.4
100
AcDbLine
 10
88.9745426351
 20
164.1841452482
 30
0.0
 11
87.5745426351
 21
164.1841452482
 31
0.0
  0
LINE
  5
7C2
330
67
100
AcDbEntity
  8
DV1_Default
  6
Continuous
 62
     7
 48
25.4
100
AcDbLine
 10
87.5745426351
 20
164.1841452482
 30
0.0
 11
87.5745426351
 21
166.1841452482
 31
0.0
  0
LINE
  5
7C3
330
67
100
AcDbEntity
  8
DV1_Default
  6
Continuous
 62
     7
 48
25.4
100
AcDbLine
 10
88.9745426351
 20
166.1841452482
 30
0.0
 11
88.9745426351
 21
164.1841452482
 31
0.0
  0
LINE
  5
7C4
330
67
100
AcDbEntity
  8
DV1_Default
  6
Continuous
 62
     7
 48
25.4
100
AcDbLine
 10
89.1745426351
 20
166.1841452482
 30
0.0
 11
90.5745426351
 21
166.1841452482
 31
0.0
  0
LINE
  5
7C5
330
67
100
AcDbEntity
  8
DV1_Default
  6
Continuous
 62
     7
 48
25.4
100
AcDbLine
 10
90.5745426351
 20
164.1841452482
 30
0.0
 11
89.1745426351
 21
164.1841452482
 31
0.0
  0
LINE
  5
7C6
330
67
100
AcDbEntity
  8
DV1_Default
  6
Continuous
 62
     7
 48
25.4
100
AcDbLine
 10
89.1745426351
 20
164.1841452482
 30
0.0
 11
89.1745426351
 21
166.1841452482
 31
0.0
  0
LINE
  5
7C7
330
67
100
AcDbEntity
  8
DV1_Default
  6
Continuous
 62
     7
 48
25.4
100
AcDbLine
 10
90.5745426351
 20
166.1841452482
 30
0.0
 11
90.5745426351
 21
164.1841452482
 31
0.0
  0
LINE
  5
7C8
330
67
100
AcDbEntity
  8
DV1_Default
  6
Continuous
 62
     7
 48
25.4
100
AcDbLine
 10
90.7745426351
 20
166.1841452482
 30
0.0
 11
92.1745426351
 21
166.1841452482
 31
0.0
  0
LINE
  5
7C9
330
67
100
AcDbEntity
  8
DV1_Default
  6
Continuous
 62
     7
 48
25.4
100
AcDbLine
 10
92.1745426351
 20
164.1841452482
 30
0.0
 11
90.7745426351
 21
164.1841452482
 31
0.0
  0
LINE
  5
7CA
330
67
100
AcDbEntity
  8
DV1_Default
  6
Continuous
 62
     7
 48
25.4
100
AcDbLine
 10
90.7745426351
 20
164.1841452482
 30
0.0
 11
90.7745426351
 21
166.1841452482
 31
0.0
  0
LINE
  5
7CB
330
67
100
AcDbEntity
  8
DV1_Default
  6
Continuous
 62
     7
 48
25.4
100
AcDbLine
 10
92.1745426351
 20
166.1841452482
 30
0.0
 11
92.1745426351
 21
164.1841452482
 31
0.0
  0
LINE
  5
7CC
330
67
100
AcDbEntity
  8
DV1_Default
  6
Continuous
 62
     7
 48
25.4
100
AcDbLine
 10
92.3745426351
 20
166.1841452482
 30
0.0
 11
93.7745426351
 21
166.1841452482
 31
0.0
  0
LINE
  5
7CD
330
67
100
AcDbEntity
  8
DV1_Default
  6
Continuous
 62
     7
 48
25.4
100
AcDbLine
 10
93.7745426351
 20
164.1841452482
 30
0.0
 11
92.3745426351
 21
164.1841452482
 31
0.0
  0
LINE
  5
7CE
330
67
100
AcDbEntity
  8
DV1_Default
  6
Continuous
 62
     7
 48
25.4
100
AcDbLine
 10
92.3745426351
 20
164.1841452482
 30
0.0
 11
92.3745426351
 21
166.1841452482
 31
0.0
  0
LINE
  5
7CF
330
67
100
AcDbEntity
  8
DV1_Default
  6
Continuous
 62
     7
 48
25.4
100
AcDbLine
 10
93.7745426351
 20
166.1841452482
 30
0.0
 11
93.7745426351
 21
164.1841452482
 31
0.0
  0
LINE
  5
7D0
330
67
100
AcDbEntity
  8
DV1_Default
  6
Continuous
 62
     7
 48
25.4
100
AcDbLine
 10
57.1745426351
 20
168.5841452482
 30
0.0
 11
58.5745426351
 21
168.5841452482
 31
0.0
  0
LINE
  5
7D1
330
67
100
AcDbEntity
  8
DV1_Default
  6
Continuous
 62
     7
 48
25.4
100
AcDbLine
 10
58.5745426351
 20
166.5841452482
 30
0.0
 11
57.1745426351
 21
166.5841452482
 31
0.0
  0
LINE
  5
7D2
330
67
100
AcDbEntity
  8
DV1_Default
  6
Continuous
 62
     7
 48
25.4
100
AcDbLine
 10
57.1745426351
 20
166.5841452482
 30
0.0
 11
57.1745426351
 21
168.5841452482
 31
0.0
  0
LINE
  5
7D3
330
67
100
AcDbEntity
  8
DV1_Default
  6
Continuous
 62
     7
 48
25.4
100
AcDbLine
 10
58.5745426351
 20
168.5841452482
 30
0.0
 11
58.5745426351
 21
166.5841452482
 31
0.0
  0
LINE
  5
7D4
330
67
100
AcDbEntity
  8
DV1_Default
  6
Continuous
 62
     7
 48
25.4
100
AcDbLine
 10
58.7745426351
 20
168.5841452482
 30
0.0
 11
60.1745426351
 21
168.5841452482
 31
0.0
  0
LINE
  5
7D5
330
67
100
AcDbEntity
  8
DV1_Default
  6
Continuous
 62
     7
 48
25.4
100
AcDbLine
 10
60.1745426351
 20
166.5841452482
 30
0.0
 11
58.7745426351
 21
166.5841452482
 31
0.0
  0
LINE
  5
7D6
330
67
100
AcDbEntity
  8
DV1_Default
  6
Continuous
 62
     7
 48
25.4
100
AcDbLine
 10
58.7745426351
 20
166.5841452482
 30
0.0
 11
58.7745426351
 21
168.5841452482
 31
0.0
  0
LINE
  5
7D7
330
67
100
AcDbEntity
  8
DV1_Default
  6
Continuous
 62
     7
 48
25.4
100
AcDbLine
 10
60.1745426351
 20
168.5841452482
 30
0.0
 11
60.1745426351
 21
166.5841452482
 31
0.0
  0
LINE
  5
7D8
330
67
100
AcDbEntity
  8
DV1_Default
  6
Continuous
 62
     7
 48
25.4
100
AcDbLine
 10
60.3745426351
 20
168.5841452482
 30
0.0
 11
61.7745426351
 21
168.5841452482
 31
0.0
  0
LINE
  5
7D9
330
67
100
AcDbEntity
  8
DV1_Default
  6
Continuous
 62
     7
 48
25.4
100
AcDbLine
 10
61.7745426351
 20
166.5841452482
 30
0.0
 11
60.3745426351
 21
166.5841452482
 31
0.0
  0
LINE
  5
7DA
330
67
100
AcDbEntity
  8
DV1_Default
  6
Continuous
 62
     7
 48
25.4
100
AcDbLine
 10
60.3745426351
 20
166.5841452482
 30
0.0
 11
60.3745426351
 21
168.5841452482
 31
0.0
  0
LINE
  5
7DB
330
67
100
AcDbEntity
  8
DV1_Default
  6
Continuous
 62
     7
 48
25.4
100
AcDbLine
 10
61.7745426351
 20
168.5841452482
 30
0.0
 11
61.7745426351
 21
166.5841452482
 31
0.0
  0
LINE
  5
7DC
330
67
100
AcDbEntity
  8
DV1_Default
  6
Continuous
 62
     7
 48
25.4
100
AcDbLine
 10
61.9745426351
 20
168.5841452482
 30
0.0
 11
63.3745426351
 21
168.5841452482
 31
0.0
  0
LINE
  5
7DD
330
67
100
AcDbEntity
  8
DV1_Default
  6
Continuous
 62
     7
 48
25.4
100
AcDbLine
 10
63.3745426351
 20
166.5841452482
 30
0.0
 11
61.9745426351
 21
166.5841452482
 31
0.0
  0
LINE
  5
7DE
330
67
100
AcDbEntity
  8
DV1_Default
  6
Continuous
 62
     7
 48
25.4
100
AcDbLine
 10
61.9745426351
 20
166.5841452482
 30
0.0
 11
61.9745426351
 21
168.5841452482
 31
0.0
  0
LINE
  5
7DF
330
67
100
AcDbEntity
  8
DV1_Default
  6
Continuous
 62
     7
 48
25.4
100
AcDbLine
 10
63.3745426351
 20
168.5841452482
 30
0.0
 11
63.3745426351
 21
166.5841452482
 31
0.0
  0
LINE
  5
7E0
330
67
100
AcDbEntity
  8
DV1_Default
  6
Continuous
 62
     7
 48
25.4
100
AcDbLine
 10
63.5745426351
 20
168.5841452482
 30
0.0
 11
64.9745426351
 21
168.5841452482
 31
0.0
  0
LINE
  5
7E1
330
67
100
AcDbEntity
  8
DV1_Default
  6
Continuous
 62
     7
 48
25.4
100
AcDbLine
 10
64.9745426351
 20
166.5841452482
 30
0.0
 11
63.5745426351
 21
166.5841452482
 31
0.0
  0
LINE
  5
7E2
330
67
100
AcDbEntity
  8
DV1_Default
  6
Continuous
 62
     7
 48
25.4
100
AcDbLine
 10
63.5745426351
 20
166.5841452482
 30
0.0
 11
63.5745426351
 21
168.5841452482
 31
0.0
  0
LINE
  5
7E3
330
67
100
AcDbEntity
  8
DV1_Default
  6
Continuous
 62
     7
 48
25.4
100
AcDbLine
 10
64.9745426351
 20
168.5841452482
 30
0.0
 11
64.9745426351
 21
166.5841452482
 31
0.0
  0
LINE
  5
7E4
330
67
100
AcDbEntity
  8
DV1_Default
  6
Continuous
 62
     7
 48
25.4
100
AcDbLine
 10
65.1745426351
 20
168.5841452482
 30
0.0
 11
66.5745426351
 21
168.5841452482
 31
0.0
  0
LINE
  5
7E5
330
67
100
AcDbEntity
  8
DV1_Default
  6
Continuous
 62
     7
 48
25.4
100
AcDbLine
 10
66.5745426351
 20
166.5841452482
 30
0.0
 11
65.1745426351
 21
166.5841452482
 31
0.0
  0
LINE
  5
7E6
330
67
100
AcDbEntity
  8
DV1_Default
  6
Continuous
 62
     7
 48
25.4
100
AcDbLine
 10
65.1745426351
 20
166.5841452482
 30
0.0
 11
65.1745426351
 21
168.5841452482
 31
0.0
  0
LINE
  5
7E7
330
67
100
AcDbEntity
  8
DV1_Default
  6
Continuous
 62
     7
 48
25.4
100
AcDbLine
 10
66.5745426351
 20
168.5841452482
 30
0.0
 11
66.5745426351
 21
166.5841452482
 31
0.0
  0
LINE
  5
7E8
330
67
100
AcDbEntity
  8
DV1_Default
  6
Continuous
 62
     7
 48
25.4
100
AcDbLine
 10
66.7745426351
 20
168.5841452482
 30
0.0
 11
68.1745426351
 21
168.5841452482
 31
0.0
  0
LINE
  5
7E9
330
67
100
AcDbEntity
  8
DV1_Default
  6
Continuous
 62
     7
 48
25.4
100
AcDbLine
 10
68.1745426351
 20
166.5841452482
 30
0.0
 11
66.7745426351
 21
166.5841452482
 31
0.0
  0
LINE
  5
7EA
330
67
100
AcDbEntity
  8
DV1_Default
  6
Continuous
 62
     7
 48
25.4
100
AcDbLine
 10
66.7745426351
 20
166.5841452482
 30
0.0
 11
66.7745426351
 21
168.5841452482
 31
0.0
  0
LINE
  5
7EB
330
67
100
AcDbEntity
  8
DV1_Default
  6
Continuous
 62
     7
 48
25.4
100
AcDbLine
 10
68.1745426351
 20
168.5841452482
 30
0.0
 11
68.1745426351
 21
166.5841452482
 31
0.0
  0
LINE
  5
7EC
330
67
100
AcDbEntity
  8
DV1_Default
  6
Continuous
 62
     7
 48
25.4
100
AcDbLine
 10
68.3745426351
 20
168.5841452482
 30
0.0
 11
69.7745426351
 21
168.5841452482
 31
0.0
  0
LINE
  5
7ED
330
67
100
AcDbEntity
  8
DV1_Default
  6
Continuous
 62
     7
 48
25.4
100
AcDbLine
 10
69.7745426351
 20
166.5841452482
 30
0.0
 11
68.3745426351
 21
166.5841452482
 31
0.0
  0
LINE
  5
7EE
330
67
100
AcDbEntity
  8
DV1_Default
  6
Continuous
 62
     7
 48
25.4
100
AcDbLine
 10
68.3745426351
 20
166.5841452482
 30
0.0
 11
68.3745426351
 21
168.5841452482
 31
0.0
  0
LINE
  5
7EF
330
67
100
AcDbEntity
  8
DV1_Default
  6
Continuous
 62
     7
 48
25.4
100
AcDbLine
 10
69.7745426351
 20
168.5841452482
 30
0.0
 11
69.7745426351
 21
166.5841452482
 31
0.0
  0
LINE
  5
7F0
330
67
100
AcDbEntity
  8
DV1_Default
  6
Continuous
 62
     7
 48
25.4
100
AcDbLine
 10
69.9745426351
 20
168.5841452482
 30
0.0
 11
71.3745426351
 21
168.5841452482
 31
0.0
  0
LINE
  5
7F1
330
67
100
AcDbEntity
  8
DV1_Default
  6
Continuous
 62
     7
 48
25.4
100
AcDbLine
 10
71.3745426351
 20
166.5841452482
 30
0.0
 11
69.9745426351
 21
166.5841452482
 31
0.0
  0
LINE
  5
7F2
330
67
100
AcDbEntity
  8
DV1_Default
  6
Continuous
 62
     7
 48
25.4
100
AcDbLine
 10
69.9745426351
 20
166.5841452482
 30
0.0
 11
69.9745426351
 21
168.5841452482
 31
0.0
  0
LINE
  5
7F3
330
67
100
AcDbEntity
  8
DV1_Default
  6
Continuous
 62
     7
 48
25.4
100
AcDbLine
 10
71.3745426351
 20
168.5841452482
 30
0.0
 11
71.3745426351
 21
166.5841452482
 31
0.0
  0
LINE
  5
7F4
330
67
100
AcDbEntity
  8
DV1_Default
  6
Continuous
 62
     7
 48
25.4
100
AcDbLine
 10
71.5745426351
 20
168.5841452482
 30
0.0
 11
72.9745426351
 21
168.5841452482
 31
0.0
  0
LINE
  5
7F5
330
67
100
AcDbEntity
  8
DV1_Default
  6
Continuous
 62
     7
 48
25.4
100
AcDbLine
 10
72.9745426351
 20
166.5841452482
 30
0.0
 11
71.5745426351
 21
166.5841452482
 31
0.0
  0
LINE
  5
7F6
330
67
100
AcDbEntity
  8
DV1_Default
  6
Continuous
 62
     7
 48
25.4
100
AcDbLine
 10
71.5745426351
 20
166.5841452482
 30
0.0
 11
71.5745426351
 21
168.5841452482
 31
0.0
  0
LINE
  5
7F7
330
67
100
AcDbEntity
  8
DV1_Default
  6
Continuous
 62
     7
 48
25.4
100
AcDbLine
 10
72.9745426351
 20
168.5841452482
 30
0.0
 11
72.9745426351
 21
166.5841452482
 31
0.0
  0
LINE
  5
7F8
330
67
100
AcDbEntity
  8
DV1_Default
  6
Continuous
 62
     7
 48
25.4
100
AcDbLine
 10
73.1745426351
 20
168.5841452482
 30
0.0
 11
74.5745426351
 21
168.5841452482
 31
0.0
  0
LINE
  5
7F9
330
67
100
AcDbEntity
  8
DV1_Default
  6
Continuous
 62
     7
 48
25.4
100
AcDbLine
 10
74.5745426351
 20
166.5841452482
 30
0.0
 11
73.1745426351
 21
166.5841452482
 31
0.0
  0
LINE
  5
7FA
330
67
100
AcDbEntity
  8
DV1_Default
  6
Continuous
 62
     7
 48
25.4
100
AcDbLine
 10
73.1745426351
 20
166.5841452482
 30
0.0
 11
73.1745426351
 21
168.5841452482
 31
0.0
  0
LINE
  5
7FB
330
67
100
AcDbEntity
  8
DV1_Default
  6
Continuous
 62
     7
 48
25.4
100
AcDbLine
 10
74.5745426351
 20
168.5841452482
 30
0.0
 11
74.5745426351
 21
166.5841452482
 31
0.0
  0
LINE
  5
7FC
330
67
100
AcDbEntity
  8
DV1_Default
  6
Continuous
 62
     7
 48
25.4
100
AcDbLine
 10
74.7745426351
 20
168.5841452482
 30
0.0
 11
76.1745426351
 21
168.5841452482
 31
0.0
  0
LINE
  5
7FD
330
67
100
AcDbEntity
  8
DV1_Default
  6
Continuous
 62
     7
 48
25.4
100
AcDbLine
 10
76.1745426351
 20
166.5841452482
 30
0.0
 11
74.7745426351
 21
166.5841452482
 31
0.0
  0
LINE
  5
7FE
330
67
100
AcDbEntity
  8
DV1_Default
  6
Continuous
 62
     7
 48
25.4
100
AcDbLine
 10
74.7745426351
 20
166.5841452482
 30
0.0
 11
74.7745426351
 21
168.5841452482
 31
0.0
  0
LINE
  5
7FF
330
67
100
AcDbEntity
  8
DV1_Default
  6
Continuous
 62
     7
 48
25.4
100
AcDbLine
 10
76.1745426351
 20
168.5841452482
 30
0.0
 11
76.1745426351
 21
166.5841452482
 31
0.0
  0
LINE
  5
800
330
67
100
AcDbEntity
  8
DV1_Default
  6
Continuous
 62
     7
 48
25.4
100
AcDbLine
 10
76.3745426351
 20
168.5841452482
 30
0.0
 11
77.7745426351
 21
168.5841452482
 31
0.0
  0
LINE
  5
801
330
67
100
AcDbEntity
  8
DV1_Default
  6
Continuous
 62
     7
 48
25.4
100
AcDbLine
 10
77.7745426351
 20
166.5841452482
 30
0.0
 11
76.3745426351
 21
166.5841452482
 31
0.0
  0
LINE
  5
802
330
67
100
AcDbEntity
  8
DV1_Default
  6
Continuous
 62
     7
 48
25.4
100
AcDbLine
 10
76.3745426351
 20
166.5841452482
 30
0.0
 11
76.3745426351
 21
168.5841452482
 31
0.0
  0
LINE
  5
803
330
67
100
AcDbEntity
  8
DV1_Default
  6
Continuous
 62
     7
 48
25.4
100
AcDbLine
 10
77.7745426351
 20
168.5841452482
 30
0.0
 11
77.7745426351
 21
166.5841452482
 31
0.0
  0
LINE
  5
804
330
67
100
AcDbEntity
  8
DV1_Default
  6
Continuous
 62
     7
 48
25.4
100
AcDbLine
 10
77.9745426351
 20
168.5841452482
 30
0.0
 11
79.3745426351
 21
168.5841452482
 31
0.0
  0
LINE
  5
805
330
67
100
AcDbEntity
  8
DV1_Default
  6
Continuous
 62
     7
 48
25.4
100
AcDbLine
 10
79.3745426351
 20
166.5841452482
 30
0.0
 11
77.9745426351
 21
166.5841452482
 31
0.0
  0
LINE
  5
806
330
67
100
AcDbEntity
  8
DV1_Default
  6
Continuous
 62
     7
 48
25.4
100
AcDbLine
 10
77.9745426351
 20
166.5841452482
 30
0.0
 11
77.9745426351
 21
168.5841452482
 31
0.0
  0
LINE
  5
807
330
67
100
AcDbEntity
  8
DV1_Default
  6
Continuous
 62
     7
 48
25.4
100
AcDbLine
 10
79.3745426351
 20
168.5841452482
 30
0.0
 11
79.3745426351
 21
166.5841452482
 31
0.0
  0
LINE
  5
808
330
67
100
AcDbEntity
  8
DV1_Default
  6
Continuous
 62
     7
 48
25.4
100
AcDbLine
 10
79.5745426351
 20
168.5841452482
 30
0.0
 11
80.9745426351
 21
168.5841452482
 31
0.0
  0
LINE
  5
809
330
67
100
AcDbEntity
  8
DV1_Default
  6
Continuous
 62
     7
 48
25.4
100
AcDbLine
 10
80.9745426351
 20
166.5841452482
 30
0.0
 11
79.5745426351
 21
166.5841452482
 31
0.0
  0
LINE
  5
80A
330
67
100
AcDbEntity
  8
DV1_Default
  6
Continuous
 62
     7
 48
25.4
100
AcDbLine
 10
79.5745426351
 20
166.5841452482
 30
0.0
 11
79.5745426351
 21
168.5841452482
 31
0.0
  0
LINE
  5
80B
330
67
100
AcDbEntity
  8
DV1_Default
  6
Continuous
 62
     7
 48
25.4
100
AcDbLine
 10
80.9745426351
 20
168.5841452482
 30
0.0
 11
80.9745426351
 21
166.5841452482
 31
0.0
  0
LINE
  5
80C
330
67
100
AcDbEntity
  8
DV1_Default
  6
Continuous
 62
     7
 48
25.4
100
AcDbLine
 10
81.1745426351
 20
168.5841452482
 30
0.0
 11
82.5745426351
 21
168.5841452482
 31
0.0
  0
LINE
  5
80D
330
67
100
AcDbEntity
  8
DV1_Default
  6
Continuous
 62
     7
 48
25.4
100
AcDbLine
 10
82.5745426351
 20
166.5841452482
 30
0.0
 11
81.1745426351
 21
166.5841452482
 31
0.0
  0
LINE
  5
80E
330
67
100
AcDbEntity
  8
DV1_Default
  6
Continuous
 62
     7
 48
25.4
100
AcDbLine
 10
81.1745426351
 20
166.5841452482
 30
0.0
 11
81.1745426351
 21
168.5841452482
 31
0.0
  0
LINE
  5
80F
330
67
100
AcDbEntity
  8
DV1_Default
  6
Continuous
 62
     7
 48
25.4
100
AcDbLine
 10
82.5745426351
 20
168.5841452482
 30
0.0
 11
82.5745426351
 21
166.5841452482
 31
0.0
  0
LINE
  5
810
330
67
100
AcDbEntity
  8
DV1_Default
  6
Continuous
 62
     7
 48
25.4
100
AcDbLine
 10
82.7745426351
 20
168.5841452482
 30
0.0
 11
84.1745426351
 21
168.5841452482
 31
0.0
  0
LINE
  5
811
330
67
100
AcDbEntity
  8
DV1_Default
  6
Continuous
 62
     7
 48
25.4
100
AcDbLine
 10
84.1745426351
 20
166.5841452482
 30
0.0
 11
82.7745426351
 21
166.5841452482
 31
0.0
  0
LINE
  5
812
330
67
100
AcDbEntity
  8
DV1_Default
  6
Continuous
 62
     7
 48
25.4
100
AcDbLine
 10
82.7745426351
 20
166.5841452482
 30
0.0
 11
82.7745426351
 21
168.5841452482
 31
0.0
  0
LINE
  5
813
330
67
100
AcDbEntity
  8
DV1_Default
  6
Continuous
 62
     7
 48
25.4
100
AcDbLine
 10
84.1745426351
 20
168.5841452482
 30
0.0
 11
84.1745426351
 21
166.5841452482
 31
0.0
  0
LINE
  5
814
330
67
100
AcDbEntity
  8
DV1_Default
  6
Continuous
 62
     7
 48
25.4
100
AcDbLine
 10
84.3745426351
 20
168.5841452482
 30
0.0
 11
85.7745426351
 21
168.5841452482
 31
0.0
  0
LINE
  5
815
330
67
100
AcDbEntity
  8
DV1_Default
  6
Continuous
 62
     7
 48
25.4
100
AcDbLine
 10
85.7745426351
 20
166.5841452482
 30
0.0
 11
84.3745426351
 21
166.5841452482
 31
0.0
  0
LINE
  5
816
330
67
100
AcDbEntity
  8
DV1_Default
  6
Continuous
 62
     7
 48
25.4
100
AcDbLine
 10
84.3745426351
 20
166.5841452482
 30
0.0
 11
84.3745426351
 21
168.5841452482
 31
0.0
  0
LINE
  5
817
330
67
100
AcDbEntity
  8
DV1_Default
  6
Continuous
 62
     7
 48
25.4
100
AcDbLine
 10
85.7745426351
 20
168.5841452482
 30
0.0
 11
85.7745426351
 21
166.5841452482
 31
0.0
  0
LINE
  5
818
330
67
100
AcDbEntity
  8
DV1_Default
  6
Continuous
 62
     7
 48
25.4
100
AcDbLine
 10
85.9745426351
 20
168.5841452482
 30
0.0
 11
87.3745426351
 21
168.5841452482
 31
0.0
  0
LINE
  5
819
330
67
100
AcDbEntity
  8
DV1_Default
  6
Continuous
 62
     7
 48
25.4
100
AcDbLine
 10
87.3745426351
 20
166.5841452482
 30
0.0
 11
85.9745426351
 21
166.5841452482
 31
0.0
  0
LINE
  5
81A
330
67
100
AcDbEntity
  8
DV1_Default
  6
Continuous
 62
     7
 48
25.4
100
AcDbLine
 10
85.9745426351
 20
166.5841452482
 30
0.0
 11
85.9745426351
 21
168.5841452482
 31
0.0
  0
LINE
  5
81B
330
67
100
AcDbEntity
  8
DV1_Default
  6
Continuous
 62
     7
 48
25.4
100
AcDbLine
 10
87.3745426351
 20
168.5841452482
 30
0.0
 11
87.3745426351
 21
166.5841452482
 31
0.0
  0
LINE
  5
81C
330
67
100
AcDbEntity
  8
DV1_Default
  6
Continuous
 62
     7
 48
25.4
100
AcDbLine
 10
87.5745426351
 20
168.5841452482
 30
0.0
 11
88.9745426351
 21
168.5841452482
 31
0.0
  0
LINE
  5
81D
330
67
100
AcDbEntity
  8
DV1_Default
  6
Continuous
 62
     7
 48
25.4
100
AcDbLine
 10
88.9745426351
 20
166.5841452482
 30
0.0
 11
87.5745426351
 21
166.5841452482
 31
0.0
  0
LINE
  5
81E
330
67
100
AcDbEntity
  8
DV1_Default
  6
Continuous
 62
     7
 48
25.4
100
AcDbLine
 10
87.5745426351
 20
166.5841452482
 30
0.0
 11
87.5745426351
 21
168.5841452482
 31
0.0
  0
LINE
  5
81F
330
67
100
AcDbEntity
  8
DV1_Default
  6
Continuous
 62
     7
 48
25.4
100
AcDbLine
 10
88.9745426351
 20
168.5841452482
 30
0.0
 11
88.9745426351
 21
166.5841452482
 31
0.0
  0
LINE
  5
820
330
67
100
AcDbEntity
  8
DV1_Default
  6
Continuous
 62
     7
 48
25.4
100
AcDbLine
 10
89.1745426351
 20
168.5841452482
 30
0.0
 11
90.5745426351
 21
168.5841452482
 31
0.0
  0
LINE
  5
821
330
67
100
AcDbEntity
  8
DV1_Default
  6
Continuous
 62
     7
 48
25.4
100
AcDbLine
 10
90.5745426351
 20
166.5841452482
 30
0.0
 11
89.1745426351
 21
166.5841452482
 31
0.0
  0
LINE
  5
822
330
67
100
AcDbEntity
  8
DV1_Default
  6
Continuous
 62
     7
 48
25.4
100
AcDbLine
 10
89.1745426351
 20
166.5841452482
 30
0.0
 11
89.1745426351
 21
168.5841452482
 31
0.0
  0
LINE
  5
823
330
67
100
AcDbEntity
  8
DV1_Default
  6
Continuous
 62
     7
 48
25.4
100
AcDbLine
 10
90.5745426351
 20
168.5841452482
 30
0.0
 11
90.5745426351
 21
166.5841452482
 31
0.0
  0
LINE
  5
824
330
67
100
AcDbEntity
  8
DV1_Default
  6
Continuous
 62
     7
 48
25.4
100
AcDbLine
 10
90.7745426351
 20
168.5841452482
 30
0.0
 11
92.1745426351
 21
168.5841452482
 31
0.0
  0
LINE
  5
825
330
67
100
AcDbEntity
  8
DV1_Default
  6
Continuous
 62
     7
 48
25.4
100
AcDbLine
 10
92.1745426351
 20
166.5841452482
 30
0.0
 11
90.7745426351
 21
166.5841452482
 31
0.0
  0
LINE
  5
826
330
67
100
AcDbEntity
  8
DV1_Default
  6
Continuous
 62
     7
 48
25.4
100
AcDbLine
 10
90.7745426351
 20
166.5841452482
 30
0.0
 11
90.7745426351
 21
168.5841452482
 31
0.0
  0
LINE
  5
827
330
67
100
AcDbEntity
  8
DV1_Default
  6
Continuous
 62
     7
 48
25.4
100
AcDbLine
 10
92.1745426351
 20
168.5841452482
 30
0.0
 11
92.1745426351
 21
166.5841452482
 31
0.0
  0
LINE
  5
828
330
67
100
AcDbEntity
  8
DV1_Default
  6
Continuous
 62
     7
 48
25.4
100
AcDbLine
 10
92.3745426351
 20
168.5841452482
 30
0.0
 11
93.7745426351
 21
168.5841452482
 31
0.0
  0
LINE
  5
829
330
67
100
AcDbEntity
  8
DV1_Default
  6
Continuous
 62
     7
 48
25.4
100
AcDbLine
 10
93.7745426351
 20
166.5841452482
 30
0.0
 11
92.3745426351
 21
166.5841452482
 31
0.0
  0
LINE
  5
82A
330
67
100
AcDbEntity
  8
DV1_Default
  6
Continuous
 62
     7
 48
25.4
100
AcDbLine
 10
92.3745426351
 20
166.5841452482
 30
0.0
 11
92.3745426351
 21
168.5841452482
 31
0.0
  0
LINE
  5
82B
330
67
100
AcDbEntity
  8
DV1_Default
  6
Continuous
 62
     7
 48
25.4
100
AcDbLine
 10
93.7745426351
 20
168.5841452482
 30
0.0
 11
93.7745426351
 21
166.5841452482
 31
0.0
  0
LINE
  5
82C
330
67
100
AcDbEntity
  8
DV1_Default
  6
Continuous
 62
     7
 48
25.4
100
AcDbLine
 10
57.1745426351
 20
170.9841452482
 30
0.0
 11
58.5745426351
 21
170.9841452482
 31
0.0
  0
LINE
  5
82D
330
67
100
AcDbEntity
  8
DV1_Default
  6
Continuous
 62
     7
 48
25.4
100
AcDbLine
 10
58.5745426351
 20
168.9841452482
 30
0.0
 11
57.1745426351
 21
168.9841452482
 31
0.0
  0
LINE
  5
82E
330
67
100
AcDbEntity
  8
DV1_Default
  6
Continuous
 62
     7
 48
25.4
100
AcDbLine
 10
57.1745426351
 20
168.9841452482
 30
0.0
 11
57.1745426351
 21
170.9841452482
 31
0.0
  0
LINE
  5
82F
330
67
100
AcDbEntity
  8
DV1_Default
  6
Continuous
 62
     7
 48
25.4
100
AcDbLine
 10
58.5745426351
 20
170.9841452482
 30
0.0
 11
58.5745426351
 21
168.9841452482
 31
0.0
  0
LINE
  5
830
330
67
100
AcDbEntity
  8
DV1_Default
  6
Continuous
 62
     7
 48
25.4
100
AcDbLine
 10
58.7745426351
 20
170.9841452482
 30
0.0
 11
60.1745426351
 21
170.9841452482
 31
0.0
  0
LINE
  5
831
330
67
100
AcDbEntity
  8
DV1_Default
  6
Continuous
 62
     7
 48
25.4
100
AcDbLine
 10
60.1745426351
 20
168.9841452482
 30
0.0
 11
58.7745426351
 21
168.9841452482
 31
0.0
  0
LINE
  5
832
330
67
100
AcDbEntity
  8
DV1_Default
  6
Continuous
 62
     7
 48
25.4
100
AcDbLine
 10
58.7745426351
 20
168.9841452482
 30
0.0
 11
58.7745426351
 21
170.9841452482
 31
0.0
  0
LINE
  5
833
330
67
100
AcDbEntity
  8
DV1_Default
  6
Continuous
 62
     7
 48
25.4
100
AcDbLine
 10
60.1745426351
 20
170.9841452482
 30
0.0
 11
60.1745426351
 21
168.9841452482
 31
0.0
  0
LINE
  5
834
330
67
100
AcDbEntity
  8
DV1_Default
  6
Continuous
 62
     7
 48
25.4
100
AcDbLine
 10
60.3745426351
 20
170.9841452482
 30
0.0
 11
61.7745426351
 21
170.9841452482
 31
0.0
  0
LINE
  5
835
330
67
100
AcDbEntity
  8
DV1_Default
  6
Continuous
 62
     7
 48
25.4
100
AcDbLine
 10
61.7745426351
 20
168.9841452482
 30
0.0
 11
60.3745426351
 21
168.9841452482
 31
0.0
  0
LINE
  5
836
330
67
100
AcDbEntity
  8
DV1_Default
  6
Continuous
 62
     7
 48
25.4
100
AcDbLine
 10
60.3745426351
 20
168.9841452482
 30
0.0
 11
60.3745426351
 21
170.9841452482
 31
0.0
  0
LINE
  5
837
330
67
100
AcDbEntity
  8
DV1_Default
  6
Continuous
 62
     7
 48
25.4
100
AcDbLine
 10
61.7745426351
 20
170.9841452482
 30
0.0
 11
61.7745426351
 21
168.9841452482
 31
0.0
  0
LINE
  5
838
330
67
100
AcDbEntity
  8
DV1_Default
  6
Continuous
 62
     7
 48
25.4
100
AcDbLine
 10
61.9745426351
 20
170.9841452482
 30
0.0
 11
63.3745426351
 21
170.9841452482
 31
0.0
  0
LINE
  5
839
330
67
100
AcDbEntity
  8
DV1_Default
  6
Continuous
 62
     7
 48
25.4
100
AcDbLine
 10
63.3745426351
 20
168.9841452482
 30
0.0
 11
61.9745426351
 21
168.9841452482
 31
0.0
  0
LINE
  5
83A
330
67
100
AcDbEntity
  8
DV1_Default
  6
Continuous
 62
     7
 48
25.4
100
AcDbLine
 10
61.9745426351
 20
168.9841452482
 30
0.0
 11
61.9745426351
 21
170.9841452482
 31
0.0
  0
LINE
  5
83B
330
67
100
AcDbEntity
  8
DV1_Default
  6
Continuous
 62
     7
 48
25.4
100
AcDbLine
 10
63.3745426351
 20
170.9841452482
 30
0.0
 11
63.3745426351
 21
168.9841452482
 31
0.0
  0
LINE
  5
83C
330
67
100
AcDbEntity
  8
DV1_Default
  6
Continuous
 62
     7
 48
25.4
100
AcDbLine
 10
63.5745426351
 20
170.9841452482
 30
0.0
 11
64.9745426351
 21
170.9841452482
 31
0.0
  0
LINE
  5
83D
330
67
100
AcDbEntity
  8
DV1_Default
  6
Continuous
 62
     7
 48
25.4
100
AcDbLine
 10
64.9745426351
 20
168.9841452482
 30
0.0
 11
63.5745426351
 21
168.9841452482
 31
0.0
  0
LINE
  5
83E
330
67
100
AcDbEntity
  8
DV1_Default
  6
Continuous
 62
     7
 48
25.4
100
AcDbLine
 10
63.5745426351
 20
168.9841452482
 30
0.0
 11
63.5745426351
 21
170.9841452482
 31
0.0
  0
LINE
  5
83F
330
67
100
AcDbEntity
  8
DV1_Default
  6
Continuous
 62
     7
 48
25.4
100
AcDbLine
 10
64.9745426351
 20
170.9841452482
 30
0.0
 11
64.9745426351
 21
168.9841452482
 31
0.0
  0
LINE
  5
840
330
67
100
AcDbEntity
  8
DV1_Default
  6
Continuous
 62
     7
 48
25.4
100
AcDbLine
 10
65.1745426351
 20
170.9841452482
 30
0.0
 11
66.5745426351
 21
170.9841452482
 31
0.0
  0
LINE
  5
841
330
67
100
AcDbEntity
  8
DV1_Default
  6
Continuous
 62
     7
 48
25.4
100
AcDbLine
 10
66.5745426351
 20
168.9841452482
 30
0.0
 11
65.1745426351
 21
168.9841452482
 31
0.0
  0
LINE
  5
842
330
67
100
AcDbEntity
  8
DV1_Default
  6
Continuous
 62
     7
 48
25.4
100
AcDbLine
 10
65.1745426351
 20
168.9841452482
 30
0.0
 11
65.1745426351
 21
170.9841452482
 31
0.0
  0
LINE
  5
843
330
67
100
AcDbEntity
  8
DV1_Default
  6
Continuous
 62
     7
 48
25.4
100
AcDbLine
 10
66.5745426351
 20
170.9841452482
 30
0.0
 11
66.5745426351
 21
168.9841452482
 31
0.0
  0
LINE
  5
844
330
67
100
AcDbEntity
  8
DV1_Default
  6
Continuous
 62
     7
 48
25.4
100
AcDbLine
 10
66.7745426351
 20
170.9841452482
 30
0.0
 11
68.1745426351
 21
170.9841452482
 31
0.0
  0
LINE
  5
845
330
67
100
AcDbEntity
  8
DV1_Default
  6
Continuous
 62
     7
 48
25.4
100
AcDbLine
 10
68.1745426351
 20
168.9841452482
 30
0.0
 11
66.7745426351
 21
168.9841452482
 31
0.0
  0
LINE
  5
846
330
67
100
AcDbEntity
  8
DV1_Default
  6
Continuous
 62
     7
 48
25.4
100
AcDbLine
 10
66.7745426351
 20
168.9841452482
 30
0.0
 11
66.7745426351
 21
170.9841452482
 31
0.0
  0
LINE
  5
847
330
67
100
AcDbEntity
  8
DV1_Default
  6
Continuous
 62
     7
 48
25.4
100
AcDbLine
 10
68.1745426351
 20
170.9841452482
 30
0.0
 11
68.1745426351
 21
168.9841452482
 31
0.0
  0
LINE
  5
848
330
67
100
AcDbEntity
  8
DV1_Default
  6
Continuous
 62
     7
 48
25.4
100
AcDbLine
 10
68.3745426351
 20
170.9841452482
 30
0.0
 11
69.7745426351
 21
170.9841452482
 31
0.0
  0
LINE
  5
849
330
67
100
AcDbEntity
  8
DV1_Default
  6
Continuous
 62
     7
 48
25.4
100
AcDbLine
 10
69.7745426351
 20
168.9841452482
 30
0.0
 11
68.3745426351
 21
168.9841452482
 31
0.0
  0
LINE
  5
84A
330
67
100
AcDbEntity
  8
DV1_Default
  6
Continuous
 62
     7
 48
25.4
100
AcDbLine
 10
68.3745426351
 20
168.9841452482
 30
0.0
 11
68.3745426351
 21
170.9841452482
 31
0.0
  0
LINE
  5
84B
330
67
100
AcDbEntity
  8
DV1_Default
  6
Continuous
 62
     7
 48
25.4
100
AcDbLine
 10
69.7745426351
 20
170.9841452482
 30
0.0
 11
69.7745426351
 21
168.9841452482
 31
0.0
  0
LINE
  5
84C
330
67
100
AcDbEntity
  8
DV1_Default
  6
Continuous
 62
     7
 48
25.4
100
AcDbLine
 10
69.9745426351
 20
170.9841452482
 30
0.0
 11
71.3745426351
 21
170.9841452482
 31
0.0
  0
LINE
  5
84D
330
67
100
AcDbEntity
  8
DV1_Default
  6
Continuous
 62
     7
 48
25.4
100
AcDbLine
 10
71.3745426351
 20
168.9841452482
 30
0.0
 11
69.9745426351
 21
168.9841452482
 31
0.0
  0
LINE
  5
84E
330
67
100
AcDbEntity
  8
DV1_Default
  6
Continuous
 62
     7
 48
25.4
100
AcDbLine
 10
69.9745426351
 20
168.9841452482
 30
0.0
 11
69.9745426351
 21
170.9841452482
 31
0.0
  0
LINE
  5
84F
330
67
100
AcDbEntity
  8
DV1_Default
  6
Continuous
 62
     7
 48
25.4
100
AcDbLine
 10
71.3745426351
 20
170.9841452482
 30
0.0
 11
71.3745426351
 21
168.9841452482
 31
0.0
  0
LINE
  5
850
330
67
100
AcDbEntity
  8
DV1_Default
  6
Continuous
 62
     7
 48
25.4
100
AcDbLine
 10
71.5745426351
 20
170.9841452482
 30
0.0
 11
72.9745426351
 21
170.9841452482
 31
0.0
  0
LINE
  5
851
330
67
100
AcDbEntity
  8
DV1_Default
  6
Continuous
 62
     7
 48
25.4
100
AcDbLine
 10
72.9745426351
 20
168.9841452482
 30
0.0
 11
71.5745426351
 21
168.9841452482
 31
0.0
  0
LINE
  5
852
330
67
100
AcDbEntity
  8
DV1_Default
  6
Continuous
 62
     7
 48
25.4
100
AcDbLine
 10
71.5745426351
 20
168.9841452482
 30
0.0
 11
71.5745426351
 21
170.9841452482
 31
0.0
  0
LINE
  5
853
330
67
100
AcDbEntity
  8
DV1_Default
  6
Continuous
 62
     7
 48
25.4
100
AcDbLine
 10
72.9745426351
 20
170.9841452482
 30
0.0
 11
72.9745426351
 21
168.9841452482
 31
0.0
  0
LINE
  5
854
330
67
100
AcDbEntity
  8
DV1_Default
  6
Continuous
 62
     7
 48
25.4
100
AcDbLine
 10
73.1745426351
 20
170.9841452482
 30
0.0
 11
74.5745426351
 21
170.9841452482
 31
0.0
  0
LINE
  5
855
330
67
100
AcDbEntity
  8
DV1_Default
  6
Continuous
 62
     7
 48
25.4
100
AcDbLine
 10
74.5745426351
 20
168.9841452482
 30
0.0
 11
73.1745426351
 21
168.9841452482
 31
0.0
  0
LINE
  5
856
330
67
100
AcDbEntity
  8
DV1_Default
  6
Continuous
 62
     7
 48
25.4
100
AcDbLine
 10
73.1745426351
 20
168.9841452482
 30
0.0
 11
73.1745426351
 21
170.9841452482
 31
0.0
  0
LINE
  5
857
330
67
100
AcDbEntity
  8
DV1_Default
  6
Continuous
 62
     7
 48
25.4
100
AcDbLine
 10
74.5745426351
 20
170.9841452482
 30
0.0
 11
74.5745426351
 21
168.9841452482
 31
0.0
  0
LINE
  5
858
330
67
100
AcDbEntity
  8
DV1_Default
  6
Continuous
 62
     7
 48
25.4
100
AcDbLine
 10
74.7745426351
 20
170.9841452482
 30
0.0
 11
76.1745426351
 21
170.9841452482
 31
0.0
  0
LINE
  5
859
330
67
100
AcDbEntity
  8
DV1_Default
  6
Continuous
 62
     7
 48
25.4
100
AcDbLine
 10
76.1745426351
 20
168.9841452482
 30
0.0
 11
74.7745426351
 21
168.9841452482
 31
0.0
  0
LINE
  5
85A
330
67
100
AcDbEntity
  8
DV1_Default
  6
Continuous
 62
     7
 48
25.4
100
AcDbLine
 10
74.7745426351
 20
168.9841452482
 30
0.0
 11
74.7745426351
 21
170.9841452482
 31
0.0
  0
LINE
  5
85B
330
67
100
AcDbEntity
  8
DV1_Default
  6
Continuous
 62
     7
 48
25.4
100
AcDbLine
 10
76.1745426351
 20
170.9841452482
 30
0.0
 11
76.1745426351
 21
168.9841452482
 31
0.0
  0
LINE
  5
85C
330
67
100
AcDbEntity
  8
DV1_Default
  6
Continuous
 62
     7
 48
25.4
100
AcDbLine
 10
76.3745426351
 20
170.9841452482
 30
0.0
 11
77.7745426351
 21
170.9841452482
 31
0.0
  0
LINE
  5
85D
330
67
100
AcDbEntity
  8
DV1_Default
  6
Continuous
 62
     7
 48
25.4
100
AcDbLine
 10
77.7745426351
 20
168.9841452482
 30
0.0
 11
76.3745426351
 21
168.9841452482
 31
0.0
  0
LINE
  5
85E
330
67
100
AcDbEntity
  8
DV1_Default
  6
Continuous
 62
     7
 48
25.4
100
AcDbLine
 10
76.3745426351
 20
168.9841452482
 30
0.0
 11
76.3745426351
 21
170.9841452482
 31
0.0
  0
LINE
  5
85F
330
67
100
AcDbEntity
  8
DV1_Default
  6
Continuous
 62
     7
 48
25.4
100
AcDbLine
 10
77.7745426351
 20
170.9841452482
 30
0.0
 11
77.7745426351
 21
168.9841452482
 31
0.0
  0
LINE
  5
860
330
67
100
AcDbEntity
  8
DV1_Default
  6
Continuous
 62
     7
 48
25.4
100
AcDbLine
 10
77.9745426351
 20
170.9841452482
 30
0.0
 11
79.3745426351
 21
170.9841452482
 31
0.0
  0
LINE
  5
861
330
67
100
AcDbEntity
  8
DV1_Default
  6
Continuous
 62
     7
 48
25.4
100
AcDbLine
 10
79.3745426351
 20
168.9841452482
 30
0.0
 11
77.9745426351
 21
168.9841452482
 31
0.0
  0
LINE
  5
862
330
67
100
AcDbEntity
  8
DV1_Default
  6
Continuous
 62
     7
 48
25.4
100
AcDbLine
 10
77.9745426351
 20
168.9841452482
 30
0.0
 11
77.9745426351
 21
170.9841452482
 31
0.0
  0
LINE
  5
863
330
67
100
AcDbEntity
  8
DV1_Default
  6
Continuous
 62
     7
 48
25.4
100
AcDbLine
 10
79.3745426351
 20
170.9841452482
 30
0.0
 11
79.3745426351
 21
168.9841452482
 31
0.0
  0
LINE
  5
864
330
67
100
AcDbEntity
  8
DV1_Default
  6
Continuous
 62
     7
 48
25.4
100
AcDbLine
 10
79.5745426351
 20
170.9841452482
 30
0.0
 11
80.9745426351
 21
170.9841452482
 31
0.0
  0
LINE
  5
865
330
67
100
AcDbEntity
  8
DV1_Default
  6
Continuous
 62
     7
 48
25.4
100
AcDbLine
 10
80.9745426351
 20
168.9841452482
 30
0.0
 11
79.5745426351
 21
168.9841452482
 31
0.0
  0
LINE
  5
866
330
67
100
AcDbEntity
  8
DV1_Default
  6
Continuous
 62
     7
 48
25.4
100
AcDbLine
 10
79.5745426351
 20
168.9841452482
 30
0.0
 11
79.5745426351
 21
170.9841452482
 31
0.0
  0
LINE
  5
867
330
67
100
AcDbEntity
  8
DV1_Default
  6
Continuous
 62
     7
 48
25.4
100
AcDbLine
 10
80.9745426351
 20
170.9841452482
 30
0.0
 11
80.9745426351
 21
168.9841452482
 31
0.0
  0
LINE
  5
868
330
67
100
AcDbEntity
  8
DV1_Default
  6
Continuous
 62
     7
 48
25.4
100
AcDbLine
 10
81.1745426351
 20
170.9841452482
 30
0.0
 11
82.5745426351
 21
170.9841452482
 31
0.0
  0
LINE
  5
869
330
67
100
AcDbEntity
  8
DV1_Default
  6
Continuous
 62
     7
 48
25.4
100
AcDbLine
 10
82.5745426351
 20
168.9841452482
 30
0.0
 11
81.1745426351
 21
168.9841452482
 31
0.0
  0
LINE
  5
86A
330
67
100
AcDbEntity
  8
DV1_Default
  6
Continuous
 62
     7
 48
25.4
100
AcDbLine
 10
81.1745426351
 20
168.9841452482
 30
0.0
 11
81.1745426351
 21
170.9841452482
 31
0.0
  0
LINE
  5
86B
330
67
100
AcDbEntity
  8
DV1_Default
  6
Continuous
 62
     7
 48
25.4
100
AcDbLine
 10
82.5745426351
 20
170.9841452482
 30
0.0
 11
82.5745426351
 21
168.9841452482
 31
0.0
  0
LINE
  5
86C
330
67
100
AcDbEntity
  8
DV1_Default
  6
Continuous
 62
     7
 48
25.4
100
AcDbLine
 10
82.7745426351
 20
170.9841452482
 30
0.0
 11
84.1745426351
 21
170.9841452482
 31
0.0
  0
LINE
  5
86D
330
67
100
AcDbEntity
  8
DV1_Default
  6
Continuous
 62
     7
 48
25.4
100
AcDbLine
 10
84.1745426351
 20
168.9841452482
 30
0.0
 11
82.7745426351
 21
168.9841452482
 31
0.0
  0
LINE
  5
86E
330
67
100
AcDbEntity
  8
DV1_Default
  6
Continuous
 62
     7
 48
25.4
100
AcDbLine
 10
82.7745426351
 20
168.9841452482
 30
0.0
 11
82.7745426351
 21
170.9841452482
 31
0.0
  0
LINE
  5
86F
330
67
100
AcDbEntity
  8
DV1_Default
  6
Continuous
 62
     7
 48
25.4
100
AcDbLine
 10
84.1745426351
 20
170.9841452482
 30
0.0
 11
84.1745426351
 21
168.9841452482
 31
0.0
  0
LINE
  5
870
330
67
100
AcDbEntity
  8
DV1_Default
  6
Continuous
 62
     7
 48
25.4
100
AcDbLine
 10
84.3745426351
 20
170.9841452482
 30
0.0
 11
85.7745426351
 21
170.9841452482
 31
0.0
  0
LINE
  5
871
330
67
100
AcDbEntity
  8
DV1_Default
  6
Continuous
 62
     7
 48
25.4
100
AcDbLine
 10
85.7745426351
 20
168.9841452482
 30
0.0
 11
84.3745426351
 21
168.9841452482
 31
0.0
  0
LINE
  5
872
330
67
100
AcDbEntity
  8
DV1_Default
  6
Continuous
 62
     7
 48
25.4
100
AcDbLine
 10
84.3745426351
 20
168.9841452482
 30
0.0
 11
84.3745426351
 21
170.9841452482
 31
0.0
  0
LINE
  5
873
330
67
100
AcDbEntity
  8
DV1_Default
  6
Continuous
 62
     7
 48
25.4
100
AcDbLine
 10
85.7745426351
 20
170.9841452482
 30
0.0
 11
85.7745426351
 21
168.9841452482
 31
0.0
  0
LINE
  5
874
330
67
100
AcDbEntity
  8
DV1_Default
  6
Continuous
 62
     7
 48
25.4
100
AcDbLine
 10
85.9745426351
 20
170.9841452482
 30
0.0
 11
87.3745426351
 21
170.9841452482
 31
0.0
  0
LINE
  5
875
330
67
100
AcDbEntity
  8
DV1_Default
  6
Continuous
 62
     7
 48
25.4
100
AcDbLine
 10
87.3745426351
 20
168.9841452482
 30
0.0
 11
85.9745426351
 21
168.9841452482
 31
0.0
  0
LINE
  5
876
330
67
100
AcDbEntity
  8
DV1_Default
  6
Continuous
 62
     7
 48
25.4
100
AcDbLine
 10
85.9745426351
 20
168.9841452482
 30
0.0
 11
85.9745426351
 21
170.9841452482
 31
0.0
  0
LINE
  5
877
330
67
100
AcDbEntity
  8
DV1_Default
  6
Continuous
 62
     7
 48
25.4
100
AcDbLine
 10
87.3745426351
 20
170.9841452482
 30
0.0
 11
87.3745426351
 21
168.9841452482
 31
0.0
  0
LINE
  5
878
330
67
100
AcDbEntity
  8
DV1_Default
  6
Continuous
 62
     7
 48
25.4
100
AcDbLine
 10
87.5745426351
 20
170.9841452482
 30
0.0
 11
88.9745426351
 21
170.9841452482
 31
0.0
  0
LINE
  5
879
330
67
100
AcDbEntity
  8
DV1_Default
  6
Continuous
 62
     7
 48
25.4
100
AcDbLine
 10
88.9745426351
 20
168.9841452482
 30
0.0
 11
87.5745426351
 21
168.9841452482
 31
0.0
  0
LINE
  5
87A
330
67
100
AcDbEntity
  8
DV1_Default
  6
Continuous
 62
     7
 48
25.4
100
AcDbLine
 10
87.5745426351
 20
168.9841452482
 30
0.0
 11
87.5745426351
 21
170.9841452482
 31
0.0
  0
LINE
  5
87B
330
67
100
AcDbEntity
  8
DV1_Default
  6
Continuous
 62
     7
 48
25.4
100
AcDbLine
 10
88.9745426351
 20
170.9841452482
 30
0.0
 11
88.9745426351
 21
168.9841452482
 31
0.0
  0
LINE
  5
87C
330
67
100
AcDbEntity
  8
DV1_Default
  6
Continuous
 62
     7
 48
25.4
100
AcDbLine
 10
89.1745426351
 20
170.9841452482
 30
0.0
 11
90.5745426351
 21
170.9841452482
 31
0.0
  0
LINE
  5
87D
330
67
100
AcDbEntity
  8
DV1_Default
  6
Continuous
 62
     7
 48
25.4
100
AcDbLine
 10
90.5745426351
 20
168.9841452482
 30
0.0
 11
89.1745426351
 21
168.9841452482
 31
0.0
  0
LINE
  5
87E
330
67
100
AcDbEntity
  8
DV1_Default
  6
Continuous
 62
     7
 48
25.4
100
AcDbLine
 10
89.1745426351
 20
168.9841452482
 30
0.0
 11
89.1745426351
 21
170.9841452482
 31
0.0
  0
LINE
  5
87F
330
67
100
AcDbEntity
  8
DV1_Default
  6
Continuous
 62
     7
 48
25.4
100
AcDbLine
 10
90.5745426351
 20
170.9841452482
 30
0.0
 11
90.5745426351
 21
168.9841452482
 31
0.0
  0
LINE
  5
880
330
67
100
AcDbEntity
  8
DV1_Default
  6
Continuous
 62
     7
 48
25.4
100
AcDbLine
 10
90.7745426351
 20
170.9841452482
 30
0.0
 11
92.1745426351
 21
170.9841452482
 31
0.0
  0
LINE
  5
881
330
67
100
AcDbEntity
  8
DV1_Default
  6
Continuous
 62
     7
 48
25.4
100
AcDbLine
 10
92.1745426351
 20
168.9841452482
 30
0.0
 11
90.7745426351
 21
168.9841452482
 31
0.0
  0
LINE
  5
882
330
67
100
AcDbEntity
  8
DV1_Default
  6
Continuous
 62
     7
 48
25.4
100
AcDbLine
 10
90.7745426351
 20
168.9841452482
 30
0.0
 11
90.7745426351
 21
170.9841452482
 31
0.0
  0
LINE
  5
883
330
67
100
AcDbEntity
  8
DV1_Default
  6
Continuous
 62
     7
 48
25.4
100
AcDbLine
 10
92.1745426351
 20
170.9841452482
 30
0.0
 11
92.1745426351
 21
168.9841452482
 31
0.0
  0
LINE
  5
884
330
67
100
AcDbEntity
  8
DV1_Default
  6
Continuous
 62
     7
 48
25.4
100
AcDbLine
 10
92.3745426351
 20
170.9841452482
 30
0.0
 11
93.7745426351
 21
170.9841452482
 31
0.0
  0
LINE
  5
885
330
67
100
AcDbEntity
  8
DV1_Default
  6
Continuous
 62
     7
 48
25.4
100
AcDbLine
 10
93.7745426351
 20
168.9841452482
 30
0.0
 11
92.3745426351
 21
168.9841452482
 31
0.0
  0
LINE
  5
886
330
67
100
AcDbEntity
  8
DV1_Default
  6
Continuous
 62
     7
 48
25.4
100
AcDbLine
 10
92.3745426351
 20
168.9841452482
 30
0.0
 11
92.3745426351
 21
170.9841452482
 31
0.0
  0
LINE
  5
887
330
67
100
AcDbEntity
  8
DV1_Default
  6
Continuous
 62
     7
 48
25.4
100
AcDbLine
 10
93.7745426351
 20
170.9841452482
 30
0.0
 11
93.7745426351
 21
168.9841452482
 31
0.0
  0
LINE
  5
888
330
67
100
AcDbEntity
  8
DV1_Default
  6
Continuous
 62
     7
 48
25.4
100
AcDbLine
 10
57.1745426351
 20
173.3841452482
 30
0.0
 11
58.5745426351
 21
173.3841452482
 31
0.0
  0
LINE
  5
889
330
67
100
AcDbEntity
  8
DV1_Default
  6
Continuous
 62
     7
 48
25.4
100
AcDbLine
 10
58.5745426351
 20
171.3841452482
 30
0.0
 11
57.1745426351
 21
171.3841452482
 31
0.0
  0
LINE
  5
88A
330
67
100
AcDbEntity
  8
DV1_Default
  6
Continuous
 62
     7
 48
25.4
100
AcDbLine
 10
57.1745426351
 20
171.3841452482
 30
0.0
 11
57.1745426351
 21
173.3841452482
 31
0.0
  0
LINE
  5
88B
330
67
100
AcDbEntity
  8
DV1_Default
  6
Continuous
 62
     7
 48
25.4
100
AcDbLine
 10
58.5745426351
 20
173.3841452482
 30
0.0
 11
58.5745426351
 21
171.3841452482
 31
0.0
  0
LINE
  5
88C
330
67
100
AcDbEntity
  8
DV1_Default
  6
Continuous
 62
     7
 48
25.4
100
AcDbLine
 10
58.7745426351
 20
173.3841452482
 30
0.0
 11
60.1745426351
 21
173.3841452482
 31
0.0
  0
LINE
  5
88D
330
67
100
AcDbEntity
  8
DV1_Default
  6
Continuous
 62
     7
 48
25.4
100
AcDbLine
 10
60.1745426351
 20
171.3841452482
 30
0.0
 11
58.7745426351
 21
171.3841452482
 31
0.0
  0
LINE
  5
88E
330
67
100
AcDbEntity
  8
DV1_Default
  6
Continuous
 62
     7
 48
25.4
100
AcDbLine
 10
58.7745426351
 20
171.3841452482
 30
0.0
 11
58.7745426351
 21
173.3841452482
 31
0.0
  0
LINE
  5
88F
330
67
100
AcDbEntity
  8
DV1_Default
  6
Continuous
 62
     7
 48
25.4
100
AcDbLine
 10
60.1745426351
 20
173.3841452482
 30
0.0
 11
60.1745426351
 21
171.3841452482
 31
0.0
  0
LINE
  5
890
330
67
100
AcDbEntity
  8
DV1_Default
  6
Continuous
 62
     7
 48
25.4
100
AcDbLine
 10
60.3745426351
 20
173.3841452482
 30
0.0
 11
61.7745426351
 21
173.3841452482
 31
0.0
  0
LINE
  5
891
330
67
100
AcDbEntity
  8
DV1_Default
  6
Continuous
 62
     7
 48
25.4
100
AcDbLine
 10
61.7745426351
 20
171.3841452482
 30
0.0
 11
60.3745426351
 21
171.3841452482
 31
0.0
  0
LINE
  5
892
330
67
100
AcDbEntity
  8
DV1_Default
  6
Continuous
 62
     7
 48
25.4
100
AcDbLine
 10
60.3745426351
 20
171.3841452482
 30
0.0
 11
60.3745426351
 21
173.3841452482
 31
0.0
  0
LINE
  5
893
330
67
100
AcDbEntity
  8
DV1_Default
  6
Continuous
 62
     7
 48
25.4
100
AcDbLine
 10
61.7745426351
 20
173.3841452482
 30
0.0
 11
61.7745426351
 21
171.3841452482
 31
0.0
  0
LINE
  5
894
330
67
100
AcDbEntity
  8
DV1_Default
  6
Continuous
 62
     7
 48
25.4
100
AcDbLine
 10
61.9745426351
 20
173.3841452482
 30
0.0
 11
63.3745426351
 21
173.3841452482
 31
0.0
  0
LINE
  5
895
330
67
100
AcDbEntity
  8
DV1_Default
  6
Continuous
 62
     7
 48
25.4
100
AcDbLine
 10
63.3745426351
 20
171.3841452482
 30
0.0
 11
61.9745426351
 21
171.3841452482
 31
0.0
  0
LINE
  5
896
330
67
100
AcDbEntity
  8
DV1_Default
  6
Continuous
 62
     7
 48
25.4
100
AcDbLine
 10
61.9745426351
 20
171.3841452482
 30
0.0
 11
61.9745426351
 21
173.3841452482
 31
0.0
  0
LINE
  5
897
330
67
100
AcDbEntity
  8
DV1_Default
  6
Continuous
 62
     7
 48
25.4
100
AcDbLine
 10
63.3745426351
 20
173.3841452482
 30
0.0
 11
63.3745426351
 21
171.3841452482
 31
0.0
  0
LINE
  5
898
330
67
100
AcDbEntity
  8
DV1_Default
  6
Continuous
 62
     7
 48
25.4
100
AcDbLine
 10
63.5745426351
 20
173.3841452482
 30
0.0
 11
64.9745426351
 21
173.3841452482
 31
0.0
  0
LINE
  5
899
330
67
100
AcDbEntity
  8
DV1_Default
  6
Continuous
 62
     7
 48
25.4
100
AcDbLine
 10
64.9745426351
 20
171.3841452482
 30
0.0
 11
63.5745426351
 21
171.3841452482
 31
0.0
  0
LINE
  5
89A
330
67
100
AcDbEntity
  8
DV1_Default
  6
Continuous
 62
     7
 48
25.4
100
AcDbLine
 10
63.5745426351
 20
171.3841452482
 30
0.0
 11
63.5745426351
 21
173.3841452482
 31
0.0
  0
LINE
  5
89B
330
67
100
AcDbEntity
  8
DV1_Default
  6
Continuous
 62
     7
 48
25.4
100
AcDbLine
 10
64.9745426351
 20
173.3841452482
 30
0.0
 11
64.9745426351
 21
171.3841452482
 31
0.0
  0
LINE
  5
89C
330
67
100
AcDbEntity
  8
DV1_Default
  6
Continuous
 62
     7
 48
25.4
100
AcDbLine
 10
65.1745426351
 20
173.3841452482
 30
0.0
 11
66.5745426351
 21
173.3841452482
 31
0.0
  0
LINE
  5
89D
330
67
100
AcDbEntity
  8
DV1_Default
  6
Continuous
 62
     7
 48
25.4
100
AcDbLine
 10
66.5745426351
 20
171.3841452482
 30
0.0
 11
65.1745426351
 21
171.3841452482
 31
0.0
  0
LINE
  5
89E
330
67
100
AcDbEntity
  8
DV1_Default
  6
Continuous
 62
     7
 48
25.4
100
AcDbLine
 10
65.1745426351
 20
171.3841452482
 30
0.0
 11
65.1745426351
 21
173.3841452482
 31
0.0
  0
LINE
  5
89F
330
67
100
AcDbEntity
  8
DV1_Default
  6
Continuous
 62
     7
 48
25.4
100
AcDbLine
 10
66.5745426351
 20
173.3841452482
 30
0.0
 11
66.5745426351
 21
171.3841452482
 31
0.0
  0
LINE
  5
8A0
330
67
100
AcDbEntity
  8
DV1_Default
  6
Continuous
 62
     7
 48
25.4
100
AcDbLine
 10
66.7745426351
 20
173.3841452482
 30
0.0
 11
68.1745426351
 21
173.3841452482
 31
0.0
  0
LINE
  5
8A1
330
67
100
AcDbEntity
  8
DV1_Default
  6
Continuous
 62
     7
 48
25.4
100
AcDbLine
 10
68.1745426351
 20
171.3841452482
 30
0.0
 11
66.7745426351
 21
171.3841452482
 31
0.0
  0
LINE
  5
8A2
330
67
100
AcDbEntity
  8
DV1_Default
  6
Continuous
 62
     7
 48
25.4
100
AcDbLine
 10
66.7745426351
 20
171.3841452482
 30
0.0
 11
66.7745426351
 21
173.3841452482
 31
0.0
  0
LINE
  5
8A3
330
67
100
AcDbEntity
  8
DV1_Default
  6
Continuous
 62
     7
 48
25.4
100
AcDbLine
 10
68.1745426351
 20
173.3841452482
 30
0.0
 11
68.1745426351
 21
171.3841452482
 31
0.0
  0
LINE
  5
8A4
330
67
100
AcDbEntity
  8
DV1_Default
  6
Continuous
 62
     7
 48
25.4
100
AcDbLine
 10
68.3745426351
 20
173.3841452482
 30
0.0
 11
69.7745426351
 21
173.3841452482
 31
0.0
  0
LINE
  5
8A5
330
67
100
AcDbEntity
  8
DV1_Default
  6
Continuous
 62
     7
 48
25.4
100
AcDbLine
 10
69.7745426351
 20
171.3841452482
 30
0.0
 11
68.3745426351
 21
171.3841452482
 31
0.0
  0
LINE
  5
8A6
330
67
100
AcDbEntity
  8
DV1_Default
  6
Continuous
 62
     7
 48
25.4
100
AcDbLine
 10
68.3745426351
 20
171.3841452482
 30
0.0
 11
68.3745426351
 21
173.3841452482
 31
0.0
  0
LINE
  5
8A7
330
67
100
AcDbEntity
  8
DV1_Default
  6
Continuous
 62
     7
 48
25.4
100
AcDbLine
 10
69.7745426351
 20
173.3841452482
 30
0.0
 11
69.7745426351
 21
171.3841452482
 31
0.0
  0
LINE
  5
8A8
330
67
100
AcDbEntity
  8
DV1_Default
  6
Continuous
 62
     7
 48
25.4
100
AcDbLine
 10
69.9745426351
 20
173.3841452482
 30
0.0
 11
71.3745426351
 21
173.3841452482
 31
0.0
  0
LINE
  5
8A9
330
67
100
AcDbEntity
  8
DV1_Default
  6
Continuous
 62
     7
 48
25.4
100
AcDbLine
 10
71.3745426351
 20
171.3841452482
 30
0.0
 11
69.9745426351
 21
171.3841452482
 31
0.0
  0
LINE
  5
8AA
330
67
100
AcDbEntity
  8
DV1_Default
  6
Continuous
 62
     7
 48
25.4
100
AcDbLine
 10
69.9745426351
 20
171.3841452482
 30
0.0
 11
69.9745426351
 21
173.3841452482
 31
0.0
  0
LINE
  5
8AB
330
67
100
AcDbEntity
  8
DV1_Default
  6
Continuous
 62
     7
 48
25.4
100
AcDbLine
 10
71.3745426351
 20
173.3841452482
 30
0.0
 11
71.3745426351
 21
171.3841452482
 31
0.0
  0
LINE
  5
8AC
330
67
100
AcDbEntity
  8
DV1_Default
  6
Continuous
 62
     7
 48
25.4
100
AcDbLine
 10
71.5745426351
 20
173.3841452482
 30
0.0
 11
72.9745426351
 21
173.3841452482
 31
0.0
  0
LINE
  5
8AD
330
67
100
AcDbEntity
  8
DV1_Default
  6
Continuous
 62
     7
 48
25.4
100
AcDbLine
 10
72.9745426351
 20
171.3841452482
 30
0.0
 11
71.5745426351
 21
171.3841452482
 31
0.0
  0
LINE
  5
8AE
330
67
100
AcDbEntity
  8
DV1_Default
  6
Continuous
 62
     7
 48
25.4
100
AcDbLine
 10
71.5745426351
 20
171.3841452482
 30
0.0
 11
71.5745426351
 21
173.3841452482
 31
0.0
  0
LINE
  5
8AF
330
67
100
AcDbEntity
  8
DV1_Default
  6
Continuous
 62
     7
 48
25.4
100
AcDbLine
 10
72.9745426351
 20
173.3841452482
 30
0.0
 11
72.9745426351
 21
171.3841452482
 31
0.0
  0
LINE
  5
8B0
330
67
100
AcDbEntity
  8
DV1_Default
  6
Continuous
 62
     7
 48
25.4
100
AcDbLine
 10
73.1745426351
 20
173.3841452482
 30
0.0
 11
74.5745426351
 21
173.3841452482
 31
0.0
  0
LINE
  5
8B1
330
67
100
AcDbEntity
  8
DV1_Default
  6
Continuous
 62
     7
 48
25.4
100
AcDbLine
 10
74.5745426351
 20
171.3841452482
 30
0.0
 11
73.1745426351
 21
171.3841452482
 31
0.0
  0
LINE
  5
8B2
330
67
100
AcDbEntity
  8
DV1_Default
  6
Continuous
 62
     7
 48
25.4
100
AcDbLine
 10
73.1745426351
 20
171.3841452482
 30
0.0
 11
73.1745426351
 21
173.3841452482
 31
0.0
  0
LINE
  5
8B3
330
67
100
AcDbEntity
  8
DV1_Default
  6
Continuous
 62
     7
 48
25.4
100
AcDbLine
 10
74.5745426351
 20
173.3841452482
 30
0.0
 11
74.5745426351
 21
171.3841452482
 31
0.0
  0
LINE
  5
8B4
330
67
100
AcDbEntity
  8
DV1_Default
  6
Continuous
 62
     7
 48
25.4
100
AcDbLine
 10
74.7745426351
 20
173.3841452482
 30
0.0
 11
76.1745426351
 21
173.3841452482
 31
0.0
  0
LINE
  5
8B5
330
67
100
AcDbEntity
  8
DV1_Default
  6
Continuous
 62
     7
 48
25.4
100
AcDbLine
 10
76.1745426351
 20
171.3841452482
 30
0.0
 11
74.7745426351
 21
171.3841452482
 31
0.0
  0
LINE
  5
8B6
330
67
100
AcDbEntity
  8
DV1_Default
  6
Continuous
 62
     7
 48
25.4
100
AcDbLine
 10
74.7745426351
 20
171.3841452482
 30
0.0
 11
74.7745426351
 21
173.3841452482
 31
0.0
  0
LINE
  5
8B7
330
67
100
AcDbEntity
  8
DV1_Default
  6
Continuous
 62
     7
 48
25.4
100
AcDbLine
 10
76.1745426351
 20
173.3841452482
 30
0.0
 11
76.1745426351
 21
171.3841452482
 31
0.0
  0
LINE
  5
8B8
330
67
100
AcDbEntity
  8
DV1_Default
  6
Continuous
 62
     7
 48
25.4
100
AcDbLine
 10
76.3745426351
 20
173.3841452482
 30
0.0
 11
77.7745426351
 21
173.3841452482
 31
0.0
  0
LINE
  5
8B9
330
67
100
AcDbEntity
  8
DV1_Default
  6
Continuous
 62
     7
 48
25.4
100
AcDbLine
 10
77.7745426351
 20
171.3841452482
 30
0.0
 11
76.3745426351
 21
171.3841452482
 31
0.0
  0
LINE
  5
8BA
330
67
100
AcDbEntity
  8
DV1_Default
  6
Continuous
 62
     7
 48
25.4
100
AcDbLine
 10
76.3745426351
 20
171.3841452482
 30
0.0
 11
76.3745426351
 21
173.3841452482
 31
0.0
  0
LINE
  5
8BB
330
67
100
AcDbEntity
  8
DV1_Default
  6
Continuous
 62
     7
 48
25.4
100
AcDbLine
 10
77.7745426351
 20
173.3841452482
 30
0.0
 11
77.7745426351
 21
171.3841452482
 31
0.0
  0
LINE
  5
8BC
330
67
100
AcDbEntity
  8
DV1_Default
  6
Continuous
 62
     7
 48
25.4
100
AcDbLine
 10
77.9745426351
 20
173.3841452482
 30
0.0
 11
79.3745426351
 21
173.3841452482
 31
0.0
  0
LINE
  5
8BD
330
67
100
AcDbEntity
  8
DV1_Default
  6
Continuous
 62
     7
 48
25.4
100
AcDbLine
 10
79.3745426351
 20
171.3841452482
 30
0.0
 11
77.9745426351
 21
171.3841452482
 31
0.0
  0
LINE
  5
8BE
330
67
100
AcDbEntity
  8
DV1_Default
  6
Continuous
 62
     7
 48
25.4
100
AcDbLine
 10
77.9745426351
 20
171.3841452482
 30
0.0
 11
77.9745426351
 21
173.3841452482
 31
0.0
  0
LINE
  5
8BF
330
67
100
AcDbEntity
  8
DV1_Default
  6
Continuous
 62
     7
 48
25.4
100
AcDbLine
 10
79.3745426351
 20
173.3841452482
 30
0.0
 11
79.3745426351
 21
171.3841452482
 31
0.0
  0
LINE
  5
8C0
330
67
100
AcDbEntity
  8
DV1_Default
  6
Continuous
 62
     7
 48
25.4
100
AcDbLine
 10
79.5745426351
 20
173.3841452482
 30
0.0
 11
80.9745426351
 21
173.3841452482
 31
0.0
  0
LINE
  5
8C1
330
67
100
AcDbEntity
  8
DV1_Default
  6
Continuous
 62
     7
 48
25.4
100
AcDbLine
 10
80.9745426351
 20
171.3841452482
 30
0.0
 11
79.5745426351
 21
171.3841452482
 31
0.0
  0
LINE
  5
8C2
330
67
100
AcDbEntity
  8
DV1_Default
  6
Continuous
 62
     7
 48
25.4
100
AcDbLine
 10
79.5745426351
 20
171.3841452482
 30
0.0
 11
79.5745426351
 21
173.3841452482
 31
0.0
  0
LINE
  5
8C3
330
67
100
AcDbEntity
  8
DV1_Default
  6
Continuous
 62
     7
 48
25.4
100
AcDbLine
 10
80.9745426351
 20
173.3841452482
 30
0.0
 11
80.9745426351
 21
171.3841452482
 31
0.0
  0
LINE
  5
8C4
330
67
100
AcDbEntity
  8
DV1_Default
  6
Continuous
 62
     7
 48
25.4
100
AcDbLine
 10
81.1745426351
 20
173.3841452482
 30
0.0
 11
82.5745426351
 21
173.3841452482
 31
0.0
  0
LINE
  5
8C5
330
67
100
AcDbEntity
  8
DV1_Default
  6
Continuous
 62
     7
 48
25.4
100
AcDbLine
 10
82.5745426351
 20
171.3841452482
 30
0.0
 11
81.1745426351
 21
171.3841452482
 31
0.0
  0
LINE
  5
8C6
330
67
100
AcDbEntity
  8
DV1_Default
  6
Continuous
 62
     7
 48
25.4
100
AcDbLine
 10
81.1745426351
 20
171.3841452482
 30
0.0
 11
81.1745426351
 21
173.3841452482
 31
0.0
  0
LINE
  5
8C7
330
67
100
AcDbEntity
  8
DV1_Default
  6
Continuous
 62
     7
 48
25.4
100
AcDbLine
 10
82.5745426351
 20
173.3841452482
 30
0.0
 11
82.5745426351
 21
171.3841452482
 31
0.0
  0
LINE
  5
8C8
330
67
100
AcDbEntity
  8
DV1_Default
  6
Continuous
 62
     7
 48
25.4
100
AcDbLine
 10
82.7745426351
 20
173.3841452482
 30
0.0
 11
84.1745426351
 21
173.3841452482
 31
0.0
  0
LINE
  5
8C9
330
67
100
AcDbEntity
  8
DV1_Default
  6
Continuous
 62
     7
 48
25.4
100
AcDbLine
 10
84.1745426351
 20
171.3841452482
 30
0.0
 11
82.7745426351
 21
171.3841452482
 31
0.0
  0
LINE
  5
8CA
330
67
100
AcDbEntity
  8
DV1_Default
  6
Continuous
 62
     7
 48
25.4
100
AcDbLine
 10
82.7745426351
 20
171.3841452482
 30
0.0
 11
82.7745426351
 21
173.3841452482
 31
0.0
  0
LINE
  5
8CB
330
67
100
AcDbEntity
  8
DV1_Default
  6
Continuous
 62
     7
 48
25.4
100
AcDbLine
 10
84.1745426351
 20
173.3841452482
 30
0.0
 11
84.1745426351
 21
171.3841452482
 31
0.0
  0
LINE
  5
8CC
330
67
100
AcDbEntity
  8
DV1_Default
  6
Continuous
 62
     7
 48
25.4
100
AcDbLine
 10
84.3745426351
 20
173.3841452482
 30
0.0
 11
85.7745426351
 21
173.3841452482
 31
0.0
  0
LINE
  5
8CD
330
67
100
AcDbEntity
  8
DV1_Default
  6
Continuous
 62
     7
 48
25.4
100
AcDbLine
 10
85.7745426351
 20
171.3841452482
 30
0.0
 11
84.3745426351
 21
171.3841452482
 31
0.0
  0
LINE
  5
8CE
330
67
100
AcDbEntity
  8
DV1_Default
  6
Continuous
 62
     7
 48
25.4
100
AcDbLine
 10
84.3745426351
 20
171.3841452482
 30
0.0
 11
84.3745426351
 21
173.3841452482
 31
0.0
  0
LINE
  5
8CF
330
67
100
AcDbEntity
  8
DV1_Default
  6
Continuous
 62
     7
 48
25.4
100
AcDbLine
 10
85.7745426351
 20
173.3841452482
 30
0.0
 11
85.7745426351
 21
171.3841452482
 31
0.0
  0
LINE
  5
8D0
330
67
100
AcDbEntity
  8
DV1_Default
  6
Continuous
 62
     7
 48
25.4
100
AcDbLine
 10
85.9745426351
 20
173.3841452482
 30
0.0
 11
87.3745426351
 21
173.3841452482
 31
0.0
  0
LINE
  5
8D1
330
67
100
AcDbEntity
  8
DV1_Default
  6
Continuous
 62
     7
 48
25.4
100
AcDbLine
 10
87.3745426351
 20
171.3841452482
 30
0.0
 11
85.9745426351
 21
171.3841452482
 31
0.0
  0
LINE
  5
8D2
330
67
100
AcDbEntity
  8
DV1_Default
  6
Continuous
 62
     7
 48
25.4
100
AcDbLine
 10
85.9745426351
 20
171.3841452482
 30
0.0
 11
85.9745426351
 21
173.3841452482
 31
0.0
  0
LINE
  5
8D3
330
67
100
AcDbEntity
  8
DV1_Default
  6
Continuous
 62
     7
 48
25.4
100
AcDbLine
 10
87.3745426351
 20
173.3841452482
 30
0.0
 11
87.3745426351
 21
171.3841452482
 31
0.0
  0
LINE
  5
8D4
330
67
100
AcDbEntity
  8
DV1_Default
  6
Continuous
 62
     7
 48
25.4
100
AcDbLine
 10
87.5745426351
 20
173.3841452482
 30
0.0
 11
88.9745426351
 21
173.3841452482
 31
0.0
  0
LINE
  5
8D5
330
67
100
AcDbEntity
  8
DV1_Default
  6
Continuous
 62
     7
 48
25.4
100
AcDbLine
 10
88.9745426351
 20
171.3841452482
 30
0.0
 11
87.5745426351
 21
171.3841452482
 31
0.0
  0
LINE
  5
8D6
330
67
100
AcDbEntity
  8
DV1_Default
  6
Continuous
 62
     7
 48
25.4
100
AcDbLine
 10
87.5745426351
 20
171.3841452482
 30
0.0
 11
87.5745426351
 21
173.3841452482
 31
0.0
  0
LINE
  5
8D7
330
67
100
AcDbEntity
  8
DV1_Default
  6
Continuous
 62
     7
 48
25.4
100
AcDbLine
 10
88.9745426351
 20
173.3841452482
 30
0.0
 11
88.9745426351
 21
171.3841452482
 31
0.0
  0
LINE
  5
8D8
330
67
100
AcDbEntity
  8
DV1_Default
  6
Continuous
 62
     7
 48
25.4
100
AcDbLine
 10
89.1745426351
 20
173.3841452482
 30
0.0
 11
90.5745426351
 21
173.3841452482
 31
0.0
  0
LINE
  5
8D9
330
67
100
AcDbEntity
  8
DV1_Default
  6
Continuous
 62
     7
 48
25.4
100
AcDbLine
 10
90.5745426351
 20
171.3841452482
 30
0.0
 11
89.1745426351
 21
171.3841452482
 31
0.0
  0
LINE
  5
8DA
330
67
100
AcDbEntity
  8
DV1_Default
  6
Continuous
 62
     7
 48
25.4
100
AcDbLine
 10
89.1745426351
 20
171.3841452482
 30
0.0
 11
89.1745426351
 21
173.3841452482
 31
0.0
  0
LINE
  5
8DB
330
67
100
AcDbEntity
  8
DV1_Default
  6
Continuous
 62
     7
 48
25.4
100
AcDbLine
 10
90.5745426351
 20
173.3841452482
 30
0.0
 11
90.5745426351
 21
171.3841452482
 31
0.0
  0
LINE
  5
8DC
330
67
100
AcDbEntity
  8
DV1_Default
  6
Continuous
 62
     7
 48
25.4
100
AcDbLine
 10
90.7745426351
 20
173.3841452482
 30
0.0
 11
92.1745426351
 21
173.3841452482
 31
0.0
  0
LINE
  5
8DD
330
67
100
AcDbEntity
  8
DV1_Default
  6
Continuous
 62
     7
 48
25.4
100
AcDbLine
 10
92.1745426351
 20
171.3841452482
 30
0.0
 11
90.7745426351
 21
171.3841452482
 31
0.0
  0
LINE
  5
8DE
330
67
100
AcDbEntity
  8
DV1_Default
  6
Continuous
 62
     7
 48
25.4
100
AcDbLine
 10
90.7745426351
 20
171.3841452482
 30
0.0
 11
90.7745426351
 21
173.3841452482
 31
0.0
  0
LINE
  5
8DF
330
67
100
AcDbEntity
  8
DV1_Default
  6
Continuous
 62
     7
 48
25.4
100
AcDbLine
 10
92.1745426351
 20
173.3841452482
 30
0.0
 11
92.1745426351
 21
171.3841452482
 31
0.0
  0
LINE
  5
8E0
330
67
100
AcDbEntity
  8
DV1_Default
  6
Continuous
 62
     7
 48
25.4
100
AcDbLine
 10
92.3745426351
 20
173.3841452482
 30
0.0
 11
93.7745426351
 21
173.3841452482
 31
0.0
  0
LINE
  5
8E1
330
67
100
AcDbEntity
  8
DV1_Default
  6
Continuous
 62
     7
 48
25.4
100
AcDbLine
 10
93.7745426351
 20
171.3841452482
 30
0.0
 11
92.3745426351
 21
171.3841452482
 31
0.0
  0
LINE
  5
8E2
330
67
100
AcDbEntity
  8
DV1_Default
  6
Continuous
 62
     7
 48
25.4
100
AcDbLine
 10
92.3745426351
 20
171.3841452482
 30
0.0
 11
92.3745426351
 21
173.3841452482
 31
0.0
  0
LINE
  5
8E3
330
67
100
AcDbEntity
  8
DV1_Default
  6
Continuous
 62
     7
 48
25.4
100
AcDbLine
 10
93.7745426351
 20
173.3841452482
 30
0.0
 11
93.7745426351
 21
171.3841452482
 31
0.0
  0
LINE
  5
8E4
330
67
100
AcDbEntity
  8
DV1_Default
  6
Continuous
 62
     7
 48
25.4
100
AcDbLine
 10
57.1745426351
 20
175.7841452482
 30
0.0
 11
58.5745426351
 21
175.7841452482
 31
0.0
  0
LINE
  5
8E5
330
67
100
AcDbEntity
  8
DV1_Default
  6
Continuous
 62
     7
 48
25.4
100
AcDbLine
 10
58.5745426351
 20
173.7841452482
 30
0.0
 11
57.1745426351
 21
173.7841452482
 31
0.0
  0
LINE
  5
8E6
330
67
100
AcDbEntity
  8
DV1_Default
  6
Continuous
 62
     7
 48
25.4
100
AcDbLine
 10
57.1745426351
 20
173.7841452482
 30
0.0
 11
57.1745426351
 21
175.7841452482
 31
0.0
  0
LINE
  5
8E7
330
67
100
AcDbEntity
  8
DV1_Default
  6
Continuous
 62
     7
 48
25.4
100
AcDbLine
 10
58.5745426351
 20
175.7841452482
 30
0.0
 11
58.5745426351
 21
173.7841452482
 31
0.0
  0
LINE
  5
8E8
330
67
100
AcDbEntity
  8
DV1_Default
  6
Continuous
 62
     7
 48
25.4
100
AcDbLine
 10
58.7745426351
 20
175.7841452482
 30
0.0
 11
60.1745426351
 21
175.7841452482
 31
0.0
  0
LINE
  5
8E9
330
67
100
AcDbEntity
  8
DV1_Default
  6
Continuous
 62
     7
 48
25.4
100
AcDbLine
 10
60.1745426351
 20
173.7841452482
 30
0.0
 11
58.7745426351
 21
173.7841452482
 31
0.0
  0
LINE
  5
8EA
330
67
100
AcDbEntity
  8
DV1_Default
  6
Continuous
 62
     7
 48
25.4
100
AcDbLine
 10
58.7745426351
 20
173.7841452482
 30
0.0
 11
58.7745426351
 21
175.7841452482
 31
0.0
  0
LINE
  5
8EB
330
67
100
AcDbEntity
  8
DV1_Default
  6
Continuous
 62
     7
 48
25.4
100
AcDbLine
 10
60.1745426351
 20
175.7841452482
 30
0.0
 11
60.1745426351
 21
173.7841452482
 31
0.0
  0
LINE
  5
8EC
330
67
100
AcDbEntity
  8
DV1_Default
  6
Continuous
 62
     7
 48
25.4
100
AcDbLine
 10
60.3745426351
 20
175.7841452482
 30
0.0
 11
61.7745426351
 21
175.7841452482
 31
0.0
  0
LINE
  5
8ED
330
67
100
AcDbEntity
  8
DV1_Default
  6
Continuous
 62
     7
 48
25.4
100
AcDbLine
 10
61.7745426351
 20
173.7841452482
 30
0.0
 11
60.3745426351
 21
173.7841452482
 31
0.0
  0
LINE
  5
8EE
330
67
100
AcDbEntity
  8
DV1_Default
  6
Continuous
 62
     7
 48
25.4
100
AcDbLine
 10
60.3745426351
 20
173.7841452482
 30
0.0
 11
60.3745426351
 21
175.7841452482
 31
0.0
  0
LINE
  5
8EF
330
67
100
AcDbEntity
  8
DV1_Default
  6
Continuous
 62
     7
 48
25.4
100
AcDbLine
 10
61.7745426351
 20
175.7841452482
 30
0.0
 11
61.7745426351
 21
173.7841452482
 31
0.0
  0
LINE
  5
8F0
330
67
100
AcDbEntity
  8
DV1_Default
  6
Continuous
 62
     7
 48
25.4
100
AcDbLine
 10
61.9745426351
 20
175.7841452482
 30
0.0
 11
63.3745426351
 21
175.7841452482
 31
0.0
  0
LINE
  5
8F1
330
67
100
AcDbEntity
  8
DV1_Default
  6
Continuous
 62
     7
 48
25.4
100
AcDbLine
 10
63.3745426351
 20
173.7841452482
 30
0.0
 11
61.9745426351
 21
173.7841452482
 31
0.0
  0
LINE
  5
8F2
330
67
100
AcDbEntity
  8
DV1_Default
  6
Continuous
 62
     7
 48
25.4
100
AcDbLine
 10
61.9745426351
 20
173.7841452482
 30
0.0
 11
61.9745426351
 21
175.7841452482
 31
0.0
  0
LINE
  5
8F3
330
67
100
AcDbEntity
  8
DV1_Default
  6
Continuous
 62
     7
 48
25.4
100
AcDbLine
 10
63.3745426351
 20
175.7841452482
 30
0.0
 11
63.3745426351
 21
173.7841452482
 31
0.0
  0
LINE
  5
8F4
330
67
100
AcDbEntity
  8
DV1_Default
  6
Continuous
 62
     7
 48
25.4
100
AcDbLine
 10
63.5745426351
 20
175.7841452482
 30
0.0
 11
64.9745426351
 21
175.7841452482
 31
0.0
  0
LINE
  5
8F5
330
67
100
AcDbEntity
  8
DV1_Default
  6
Continuous
 62
     7
 48
25.4
100
AcDbLine
 10
64.9745426351
 20
173.7841452482
 30
0.0
 11
63.5745426351
 21
173.7841452482
 31
0.0
  0
LINE
  5
8F6
330
67
100
AcDbEntity
  8
DV1_Default
  6
Continuous
 62
     7
 48
25.4
100
AcDbLine
 10
63.5745426351
 20
173.7841452482
 30
0.0
 11
63.5745426351
 21
175.7841452482
 31
0.0
  0
LINE
  5
8F7
330
67
100
AcDbEntity
  8
DV1_Default
  6
Continuous
 62
     7
 48
25.4
100
AcDbLine
 10
64.9745426351
 20
175.7841452482
 30
0.0
 11
64.9745426351
 21
173.7841452482
 31
0.0
  0
LINE
  5
8F8
330
67
100
AcDbEntity
  8
DV1_Default
  6
Continuous
 62
     7
 48
25.4
100
AcDbLine
 10
65.1745426351
 20
175.7841452482
 30
0.0
 11
66.5745426351
 21
175.7841452482
 31
0.0
  0
LINE
  5
8F9
330
67
100
AcDbEntity
  8
DV1_Default
  6
Continuous
 62
     7
 48
25.4
100
AcDbLine
 10
66.5745426351
 20
173.7841452482
 30
0.0
 11
65.1745426351
 21
173.7841452482
 31
0.0
  0
LINE
  5
8FA
330
67
100
AcDbEntity
  8
DV1_Default
  6
Continuous
 62
     7
 48
25.4
100
AcDbLine
 10
65.1745426351
 20
173.7841452482
 30
0.0
 11
65.1745426351
 21
175.7841452482
 31
0.0
  0
LINE
  5
8FB
330
67
100
AcDbEntity
  8
DV1_Default
  6
Continuous
 62
     7
 48
25.4
100
AcDbLine
 10
66.5745426351
 20
175.7841452482
 30
0.0
 11
66.5745426351
 21
173.7841452482
 31
0.0
  0
LINE
  5
8FC
330
67
100
AcDbEntity
  8
DV1_Default
  6
Continuous
 62
     7
 48
25.4
100
AcDbLine
 10
66.7745426351
 20
175.7841452482
 30
0.0
 11
68.1745426351
 21
175.7841452482
 31
0.0
  0
LINE
  5
8FD
330
67
100
AcDbEntity
  8
DV1_Default
  6
Continuous
 62
     7
 48
25.4
100
AcDbLine
 10
68.1745426351
 20
173.7841452482
 30
0.0
 11
66.7745426351
 21
173.7841452482
 31
0.0
  0
LINE
  5
8FE
330
67
100
AcDbEntity
  8
DV1_Default
  6
Continuous
 62
     7
 48
25.4
100
AcDbLine
 10
66.7745426351
 20
173.7841452482
 30
0.0
 11
66.7745426351
 21
175.7841452482
 31
0.0
  0
LINE
  5
8FF
330
67
100
AcDbEntity
  8
DV1_Default
  6
Continuous
 62
     7
 48
25.4
100
AcDbLine
 10
68.1745426351
 20
175.7841452482
 30
0.0
 11
68.1745426351
 21
173.7841452482
 31
0.0
  0
LINE
  5
900
330
67
100
AcDbEntity
  8
DV1_Default
  6
Continuous
 62
     7
 48
25.4
100
AcDbLine
 10
68.3745426351
 20
175.7841452482
 30
0.0
 11
69.7745426351
 21
175.7841452482
 31
0.0
  0
LINE
  5
901
330
67
100
AcDbEntity
  8
DV1_Default
  6
Continuous
 62
     7
 48
25.4
100
AcDbLine
 10
69.7745426351
 20
173.7841452482
 30
0.0
 11
68.3745426351
 21
173.7841452482
 31
0.0
  0
LINE
  5
902
330
67
100
AcDbEntity
  8
DV1_Default
  6
Continuous
 62
     7
 48
25.4
100
AcDbLine
 10
68.3745426351
 20
173.7841452482
 30
0.0
 11
68.3745426351
 21
175.7841452482
 31
0.0
  0
LINE
  5
903
330
67
100
AcDbEntity
  8
DV1_Default
  6
Continuous
 62
     7
 48
25.4
100
AcDbLine
 10
69.7745426351
 20
175.7841452482
 30
0.0
 11
69.7745426351
 21
173.7841452482
 31
0.0
  0
LINE
  5
904
330
67
100
AcDbEntity
  8
DV1_Default
  6
Continuous
 62
     7
 48
25.4
100
AcDbLine
 10
69.9745426351
 20
175.7841452482
 30
0.0
 11
71.3745426351
 21
175.7841452482
 31
0.0
  0
LINE
  5
905
330
67
100
AcDbEntity
  8
DV1_Default
  6
Continuous
 62
     7
 48
25.4
100
AcDbLine
 10
71.3745426351
 20
173.7841452482
 30
0.0
 11
69.9745426351
 21
173.7841452482
 31
0.0
  0
LINE
  5
906
330
67
100
AcDbEntity
  8
DV1_Default
  6
Continuous
 62
     7
 48
25.4
100
AcDbLine
 10
69.9745426351
 20
173.7841452482
 30
0.0
 11
69.9745426351
 21
175.7841452482
 31
0.0
  0
LINE
  5
907
330
67
100
AcDbEntity
  8
DV1_Default
  6
Continuous
 62
     7
 48
25.4
100
AcDbLine
 10
71.3745426351
 20
175.7841452482
 30
0.0
 11
71.3745426351
 21
173.7841452482
 31
0.0
  0
LINE
  5
908
330
67
100
AcDbEntity
  8
DV1_Default
  6
Continuous
 62
     7
 48
25.4
100
AcDbLine
 10
71.5745426351
 20
175.7841452482
 30
0.0
 11
72.9745426351
 21
175.7841452482
 31
0.0
  0
LINE
  5
909
330
67
100
AcDbEntity
  8
DV1_Default
  6
Continuous
 62
     7
 48
25.4
100
AcDbLine
 10
72.9745426351
 20
173.7841452482
 30
0.0
 11
71.5745426351
 21
173.7841452482
 31
0.0
  0
LINE
  5
90A
330
67
100
AcDbEntity
  8
DV1_Default
  6
Continuous
 62
     7
 48
25.4
100
AcDbLine
 10
71.5745426351
 20
173.7841452482
 30
0.0
 11
71.5745426351
 21
175.7841452482
 31
0.0
  0
LINE
  5
90B
330
67
100
AcDbEntity
  8
DV1_Default
  6
Continuous
 62
     7
 48
25.4
100
AcDbLine
 10
72.9745426351
 20
175.7841452482
 30
0.0
 11
72.9745426351
 21
173.7841452482
 31
0.0
  0
LINE
  5
90C
330
67
100
AcDbEntity
  8
DV1_Default
  6
Continuous
 62
     7
 48
25.4
100
AcDbLine
 10
73.1745426351
 20
175.7841452482
 30
0.0
 11
74.5745426351
 21
175.7841452482
 31
0.0
  0
LINE
  5
90D
330
67
100
AcDbEntity
  8
DV1_Default
  6
Continuous
 62
     7
 48
25.4
100
AcDbLine
 10
74.5745426351
 20
173.7841452482
 30
0.0
 11
73.1745426351
 21
173.7841452482
 31
0.0
  0
LINE
  5
90E
330
67
100
AcDbEntity
  8
DV1_Default
  6
Continuous
 62
     7
 48
25.4
100
AcDbLine
 10
73.1745426351
 20
173.7841452482
 30
0.0
 11
73.1745426351
 21
175.7841452482
 31
0.0
  0
LINE
  5
90F
330
67
100
AcDbEntity
  8
DV1_Default
  6
Continuous
 62
     7
 48
25.4
100
AcDbLine
 10
74.5745426351
 20
175.7841452482
 30
0.0
 11
74.5745426351
 21
173.7841452482
 31
0.0
  0
LINE
  5
910
330
67
100
AcDbEntity
  8
DV1_Default
  6
Continuous
 62
     7
 48
25.4
100
AcDbLine
 10
74.7745426351
 20
175.7841452482
 30
0.0
 11
76.1745426351
 21
175.7841452482
 31
0.0
  0
LINE
  5
911
330
67
100
AcDbEntity
  8
DV1_Default
  6
Continuous
 62
     7
 48
25.4
100
AcDbLine
 10
76.1745426351
 20
173.7841452482
 30
0.0
 11
74.7745426351
 21
173.7841452482
 31
0.0
  0
LINE
  5
912
330
67
100
AcDbEntity
  8
DV1_Default
  6
Continuous
 62
     7
 48
25.4
100
AcDbLine
 10
74.7745426351
 20
173.7841452482
 30
0.0
 11
74.7745426351
 21
175.7841452482
 31
0.0
  0
LINE
  5
913
330
67
100
AcDbEntity
  8
DV1_Default
  6
Continuous
 62
     7
 48
25.4
100
AcDbLine
 10
76.1745426351
 20
175.7841452482
 30
0.0
 11
76.1745426351
 21
173.7841452482
 31
0.0
  0
LINE
  5
914
330
67
100
AcDbEntity
  8
DV1_Default
  6
Continuous
 62
     7
 48
25.4
100
AcDbLine
 10
76.3745426351
 20
175.7841452482
 30
0.0
 11
77.7745426351
 21
175.7841452482
 31
0.0
  0
LINE
  5
915
330
67
100
AcDbEntity
  8
DV1_Default
  6
Continuous
 62
     7
 48
25.4
100
AcDbLine
 10
77.7745426351
 20
173.7841452482
 30
0.0
 11
76.3745426351
 21
173.7841452482
 31
0.0
  0
LINE
  5
916
330
67
100
AcDbEntity
  8
DV1_Default
  6
Continuous
 62
     7
 48
25.4
100
AcDbLine
 10
76.3745426351
 20
173.7841452482
 30
0.0
 11
76.3745426351
 21
175.7841452482
 31
0.0
  0
LINE
  5
917
330
67
100
AcDbEntity
  8
DV1_Default
  6
Continuous
 62
     7
 48
25.4
100
AcDbLine
 10
77.7745426351
 20
175.7841452482
 30
0.0
 11
77.7745426351
 21
173.7841452482
 31
0.0
  0
LINE
  5
918
330
67
100
AcDbEntity
  8
DV1_Default
  6
Continuous
 62
     7
 48
25.4
100
AcDbLine
 10
77.9745426351
 20
175.7841452482
 30
0.0
 11
79.3745426351
 21
175.7841452482
 31
0.0
  0
LINE
  5
919
330
67
100
AcDbEntity
  8
DV1_Default
  6
Continuous
 62
     7
 48
25.4
100
AcDbLine
 10
79.3745426351
 20
173.7841452482
 30
0.0
 11
77.9745426351
 21
173.7841452482
 31
0.0
  0
LINE
  5
91A
330
67
100
AcDbEntity
  8
DV1_Default
  6
Continuous
 62
     7
 48
25.4
100
AcDbLine
 10
77.9745426351
 20
173.7841452482
 30
0.0
 11
77.9745426351
 21
175.7841452482
 31
0.0
  0
LINE
  5
91B
330
67
100
AcDbEntity
  8
DV1_Default
  6
Continuous
 62
     7
 48
25.4
100
AcDbLine
 10
79.3745426351
 20
175.7841452482
 30
0.0
 11
79.3745426351
 21
173.7841452482
 31
0.0
  0
LINE
  5
91C
330
67
100
AcDbEntity
  8
DV1_Default
  6
Continuous
 62
     7
 48
25.4
100
AcDbLine
 10
79.5745426351
 20
175.7841452482
 30
0.0
 11
80.9745426351
 21
175.7841452482
 31
0.0
  0
LINE
  5
91D
330
67
100
AcDbEntity
  8
DV1_Default
  6
Continuous
 62
     7
 48
25.4
100
AcDbLine
 10
80.9745426351
 20
173.7841452482
 30
0.0
 11
79.5745426351
 21
173.7841452482
 31
0.0
  0
LINE
  5
91E
330
67
100
AcDbEntity
  8
DV1_Default
  6
Continuous
 62
     7
 48
25.4
100
AcDbLine
 10
79.5745426351
 20
173.7841452482
 30
0.0
 11
79.5745426351
 21
175.7841452482
 31
0.0
  0
LINE
  5
91F
330
67
100
AcDbEntity
  8
DV1_Default
  6
Continuous
 62
     7
 48
25.4
100
AcDbLine
 10
80.9745426351
 20
175.7841452482
 30
0.0
 11
80.9745426351
 21
173.7841452482
 31
0.0
  0
LINE
  5
920
330
67
100
AcDbEntity
  8
DV1_Default
  6
Continuous
 62
     7
 48
25.4
100
AcDbLine
 10
81.1745426351
 20
175.7841452482
 30
0.0
 11
82.5745426351
 21
175.7841452482
 31
0.0
  0
LINE
  5
921
330
67
100
AcDbEntity
  8
DV1_Default
  6
Continuous
 62
     7
 48
25.4
100
AcDbLine
 10
82.5745426351
 20
173.7841452482
 30
0.0
 11
81.1745426351
 21
173.7841452482
 31
0.0
  0
LINE
  5
922
330
67
100
AcDbEntity
  8
DV1_Default
  6
Continuous
 62
     7
 48
25.4
100
AcDbLine
 10
81.1745426351
 20
173.7841452482
 30
0.0
 11
81.1745426351
 21
175.7841452482
 31
0.0
  0
LINE
  5
923
330
67
100
AcDbEntity
  8
DV1_Default
  6
Continuous
 62
     7
 48
25.4
100
AcDbLine
 10
82.5745426351
 20
175.7841452482
 30
0.0
 11
82.5745426351
 21
173.7841452482
 31
0.0
  0
LINE
  5
924
330
67
100
AcDbEntity
  8
DV1_Default
  6
Continuous
 62
     7
 48
25.4
100
AcDbLine
 10
82.7745426351
 20
175.7841452482
 30
0.0
 11
84.1745426351
 21
175.7841452482
 31
0.0
  0
LINE
  5
925
330
67
100
AcDbEntity
  8
DV1_Default
  6
Continuous
 62
     7
 48
25.4
100
AcDbLine
 10
84.1745426351
 20
173.7841452482
 30
0.0
 11
82.7745426351
 21
173.7841452482
 31
0.0
  0
LINE
  5
926
330
67
100
AcDbEntity
  8
DV1_Default
  6
Continuous
 62
     7
 48
25.4
100
AcDbLine
 10
82.7745426351
 20
173.7841452482
 30
0.0
 11
82.7745426351
 21
175.7841452482
 31
0.0
  0
LINE
  5
927
330
67
100
AcDbEntity
  8
DV1_Default
  6
Continuous
 62
     7
 48
25.4
100
AcDbLine
 10
84.1745426351
 20
175.7841452482
 30
0.0
 11
84.1745426351
 21
173.7841452482
 31
0.0
  0
LINE
  5
928
330
67
100
AcDbEntity
  8
DV1_Default
  6
Continuous
 62
     7
 48
25.4
100
AcDbLine
 10
84.3745426351
 20
175.7841452482
 30
0.0
 11
85.7745426351
 21
175.7841452482
 31
0.0
  0
LINE
  5
929
330
67
100
AcDbEntity
  8
DV1_Default
  6
Continuous
 62
     7
 48
25.4
100
AcDbLine
 10
85.7745426351
 20
173.7841452482
 30
0.0
 11
84.3745426351
 21
173.7841452482
 31
0.0
  0
LINE
  5
92A
330
67
100
AcDbEntity
  8
DV1_Default
  6
Continuous
 62
     7
 48
25.4
100
AcDbLine
 10
84.3745426351
 20
173.7841452482
 30
0.0
 11
84.3745426351
 21
175.7841452482
 31
0.0
  0
LINE
  5
92B
330
67
100
AcDbEntity
  8
DV1_Default
  6
Continuous
 62
     7
 48
25.4
100
AcDbLine
 10
85.7745426351
 20
175.7841452482
 30
0.0
 11
85.7745426351
 21
173.7841452482
 31
0.0
  0
LINE
  5
92C
330
67
100
AcDbEntity
  8
DV1_Default
  6
Continuous
 62
     7
 48
25.4
100
AcDbLine
 10
85.9745426351
 20
175.7841452482
 30
0.0
 11
87.3745426351
 21
175.7841452482
 31
0.0
  0
LINE
  5
92D
330
67
100
AcDbEntity
  8
DV1_Default
  6
Continuous
 62
     7
 48
25.4
100
AcDbLine
 10
87.3745426351
 20
173.7841452482
 30
0.0
 11
85.9745426351
 21
173.7841452482
 31
0.0
  0
LINE
  5
92E
330
67
100
AcDbEntity
  8
DV1_Default
  6
Continuous
 62
     7
 48
25.4
100
AcDbLine
 10
85.9745426351
 20
173.7841452482
 30
0.0
 11
85.9745426351
 21
175.7841452482
 31
0.0
  0
LINE
  5
92F
330
67
100
AcDbEntity
  8
DV1_Default
  6
Continuous
 62
     7
 48
25.4
100
AcDbLine
 10
87.3745426351
 20
175.7841452482
 30
0.0
 11
87.3745426351
 21
173.7841452482
 31
0.0
  0
LINE
  5
930
330
67
100
AcDbEntity
  8
DV1_Default
  6
Continuous
 62
     7
 48
25.4
100
AcDbLine
 10
87.5745426351
 20
175.7841452482
 30
0.0
 11
88.9745426351
 21
175.7841452482
 31
0.0
  0
LINE
  5
931
330
67
100
AcDbEntity
  8
DV1_Default
  6
Continuous
 62
     7
 48
25.4
100
AcDbLine
 10
88.9745426351
 20
173.7841452482
 30
0.0
 11
87.5745426351
 21
173.7841452482
 31
0.0
  0
LINE
  5
932
330
67
100
AcDbEntity
  8
DV1_Default
  6
Continuous
 62
     7
 48
25.4
100
AcDbLine
 10
87.5745426351
 20
173.7841452482
 30
0.0
 11
87.5745426351
 21
175.7841452482
 31
0.0
  0
LINE
  5
933
330
67
100
AcDbEntity
  8
DV1_Default
  6
Continuous
 62
     7
 48
25.4
100
AcDbLine
 10
88.9745426351
 20
175.7841452482
 30
0.0
 11
88.9745426351
 21
173.7841452482
 31
0.0
  0
LINE
  5
934
330
67
100
AcDbEntity
  8
DV1_Default
  6
Continuous
 62
     7
 48
25.4
100
AcDbLine
 10
89.1745426351
 20
175.7841452482
 30
0.0
 11
90.5745426351
 21
175.7841452482
 31
0.0
  0
LINE
  5
935
330
67
100
AcDbEntity
  8
DV1_Default
  6
Continuous
 62
     7
 48
25.4
100
AcDbLine
 10
90.5745426351
 20
173.7841452482
 30
0.0
 11
89.1745426351
 21
173.7841452482
 31
0.0
  0
LINE
  5
936
330
67
100
AcDbEntity
  8
DV1_Default
  6
Continuous
 62
     7
 48
25.4
100
AcDbLine
 10
89.1745426351
 20
173.7841452482
 30
0.0
 11
89.1745426351
 21
175.7841452482
 31
0.0
  0
LINE
  5
937
330
67
100
AcDbEntity
  8
DV1_Default
  6
Continuous
 62
     7
 48
25.4
100
AcDbLine
 10
90.5745426351
 20
175.7841452482
 30
0.0
 11
90.5745426351
 21
173.7841452482
 31
0.0
  0
LINE
  5
938
330
67
100
AcDbEntity
  8
DV1_Default
  6
Continuous
 62
     7
 48
25.4
100
AcDbLine
 10
90.7745426351
 20
175.7841452482
 30
0.0
 11
92.1745426351
 21
175.7841452482
 31
0.0
  0
LINE
  5
939
330
67
100
AcDbEntity
  8
DV1_Default
  6
Continuous
 62
     7
 48
25.4
100
AcDbLine
 10
92.1745426351
 20
173.7841452482
 30
0.0
 11
90.7745426351
 21
173.7841452482
 31
0.0
  0
LINE
  5
93A
330
67
100
AcDbEntity
  8
DV1_Default
  6
Continuous
 62
     7
 48
25.4
100
AcDbLine
 10
90.7745426351
 20
173.7841452482
 30
0.0
 11
90.7745426351
 21
175.7841452482
 31
0.0
  0
LINE
  5
93B
330
67
100
AcDbEntity
  8
DV1_Default
  6
Continuous
 62
     7
 48
25.4
100
AcDbLine
 10
92.1745426351
 20
175.7841452482
 30
0.0
 11
92.1745426351
 21
173.7841452482
 31
0.0
  0
LINE
  5
93C
330
67
100
AcDbEntity
  8
DV1_Default
  6
Continuous
 62
     7
 48
25.4
100
AcDbLine
 10
92.3745426351
 20
175.7841452482
 30
0.0
 11
93.7745426351
 21
175.7841452482
 31
0.0
  0
LINE
  5
93D
330
67
100
AcDbEntity
  8
DV1_Default
  6
Continuous
 62
     7
 48
25.4
100
AcDbLine
 10
93.7745426351
 20
173.7841452482
 30
0.0
 11
92.3745426351
 21
173.7841452482
 31
0.0
  0
LINE
  5
93E
330
67
100
AcDbEntity
  8
DV1_Default
  6
Continuous
 62
     7
 48
25.4
100
AcDbLine
 10
92.3745426351
 20
173.7841452482
 30
0.0
 11
92.3745426351
 21
175.7841452482
 31
0.0
  0
LINE
  5
93F
330
67
100
AcDbEntity
  8
DV1_Default
  6
Continuous
 62
     7
 48
25.4
100
AcDbLine
 10
93.7745426351
 20
175.7841452482
 30
0.0
 11
93.7745426351
 21
173.7841452482
 31
0.0
  0
LINE
  5
940
330
67
100
AcDbEntity
  8
DV1_Default
  6
Continuous
 62
     7
 48
25.4
100
AcDbLine
 10
57.1745426351
 20
178.1841452482
 30
0.0
 11
58.5745426351
 21
178.1841452482
 31
0.0
  0
LINE
  5
941
330
67
100
AcDbEntity
  8
DV1_Default
  6
Continuous
 62
     7
 48
25.4
100
AcDbLine
 10
58.5745426351
 20
176.1841452482
 30
0.0
 11
57.1745426351
 21
176.1841452482
 31
0.0
  0
LINE
  5
942
330
67
100
AcDbEntity
  8
DV1_Default
  6
Continuous
 62
     7
 48
25.4
100
AcDbLine
 10
57.1745426351
 20
176.1841452482
 30
0.0
 11
57.1745426351
 21
178.1841452482
 31
0.0
  0
LINE
  5
943
330
67
100
AcDbEntity
  8
DV1_Default
  6
Continuous
 62
     7
 48
25.4
100
AcDbLine
 10
58.5745426351
 20
178.1841452482
 30
0.0
 11
58.5745426351
 21
176.1841452482
 31
0.0
  0
LINE
  5
944
330
67
100
AcDbEntity
  8
DV1_Default
  6
Continuous
 62
     7
 48
25.4
100
AcDbLine
 10
58.7745426351
 20
178.1841452482
 30
0.0
 11
60.1745426351
 21
178.1841452482
 31
0.0
  0
LINE
  5
945
330
67
100
AcDbEntity
  8
DV1_Default
  6
Continuous
 62
     7
 48
25.4
100
AcDbLine
 10
60.1745426351
 20
176.1841452482
 30
0.0
 11
58.7745426351
 21
176.1841452482
 31
0.0
  0
LINE
  5
946
330
67
100
AcDbEntity
  8
DV1_Default
  6
Continuous
 62
     7
 48
25.4
100
AcDbLine
 10
58.7745426351
 20
176.1841452482
 30
0.0
 11
58.7745426351
 21
178.1841452482
 31
0.0
  0
LINE
  5
947
330
67
100
AcDbEntity
  8
DV1_Default
  6
Continuous
 62
     7
 48
25.4
100
AcDbLine
 10
60.1745426351
 20
178.1841452482
 30
0.0
 11
60.1745426351
 21
176.1841452482
 31
0.0
  0
LINE
  5
948
330
67
100
AcDbEntity
  8
DV1_Default
  6
Continuous
 62
     7
 48
25.4
100
AcDbLine
 10
60.3745426351
 20
178.1841452482
 30
0.0
 11
61.7745426351
 21
178.1841452482
 31
0.0
  0
LINE
  5
949
330
67
100
AcDbEntity
  8
DV1_Default
  6
Continuous
 62
     7
 48
25.4
100
AcDbLine
 10
61.7745426351
 20
176.1841452482
 30
0.0
 11
60.3745426351
 21
176.1841452482
 31
0.0
  0
LINE
  5
94A
330
67
100
AcDbEntity
  8
DV1_Default
  6
Continuous
 62
     7
 48
25.4
100
AcDbLine
 10
60.3745426351
 20
176.1841452482
 30
0.0
 11
60.3745426351
 21
178.1841452482
 31
0.0
  0
LINE
  5
94B
330
67
100
AcDbEntity
  8
DV1_Default
  6
Continuous
 62
     7
 48
25.4
100
AcDbLine
 10
61.7745426351
 20
178.1841452482
 30
0.0
 11
61.7745426351
 21
176.1841452482
 31
0.0
  0
LINE
  5
94C
330
67
100
AcDbEntity
  8
DV1_Default
  6
Continuous
 62
     7
 48
25.4
100
AcDbLine
 10
61.9745426351
 20
178.1841452482
 30
0.0
 11
63.3745426351
 21
178.1841452482
 31
0.0
  0
LINE
  5
94D
330
67
100
AcDbEntity
  8
DV1_Default
  6
Continuous
 62
     7
 48
25.4
100
AcDbLine
 10
63.3745426351
 20
176.1841452482
 30
0.0
 11
61.9745426351
 21
176.1841452482
 31
0.0
  0
LINE
  5
94E
330
67
100
AcDbEntity
  8
DV1_Default
  6
Continuous
 62
     7
 48
25.4
100
AcDbLine
 10
61.9745426351
 20
176.1841452482
 30
0.0
 11
61.9745426351
 21
178.1841452482
 31
0.0
  0
LINE
  5
94F
330
67
100
AcDbEntity
  8
DV1_Default
  6
Continuous
 62
     7
 48
25.4
100
AcDbLine
 10
63.3745426351
 20
178.1841452482
 30
0.0
 11
63.3745426351
 21
176.1841452482
 31
0.0
  0
LINE
  5
950
330
67
100
AcDbEntity
  8
DV1_Default
  6
Continuous
 62
     7
 48
25.4
100
AcDbLine
 10
63.5745426351
 20
178.1841452482
 30
0.0
 11
64.9745426351
 21
178.1841452482
 31
0.0
  0
LINE
  5
951
330
67
100
AcDbEntity
  8
DV1_Default
  6
Continuous
 62
     7
 48
25.4
100
AcDbLine
 10
64.9745426351
 20
176.1841452482
 30
0.0
 11
63.5745426351
 21
176.1841452482
 31
0.0
  0
LINE
  5
952
330
67
100
AcDbEntity
  8
DV1_Default
  6
Continuous
 62
     7
 48
25.4
100
AcDbLine
 10
63.5745426351
 20
176.1841452482
 30
0.0
 11
63.5745426351
 21
178.1841452482
 31
0.0
  0
LINE
  5
953
330
67
100
AcDbEntity
  8
DV1_Default
  6
Continuous
 62
     7
 48
25.4
100
AcDbLine
 10
64.9745426351
 20
178.1841452482
 30
0.0
 11
64.9745426351
 21
176.1841452482
 31
0.0
  0
LINE
  5
954
330
67
100
AcDbEntity
  8
DV1_Default
  6
Continuous
 62
     7
 48
25.4
100
AcDbLine
 10
65.1745426351
 20
178.1841452482
 30
0.0
 11
66.5745426351
 21
178.1841452482
 31
0.0
  0
LINE
  5
955
330
67
100
AcDbEntity
  8
DV1_Default
  6
Continuous
 62
     7
 48
25.4
100
AcDbLine
 10
66.5745426351
 20
176.1841452482
 30
0.0
 11
65.1745426351
 21
176.1841452482
 31
0.0
  0
LINE
  5
956
330
67
100
AcDbEntity
  8
DV1_Default
  6
Continuous
 62
     7
 48
25.4
100
AcDbLine
 10
65.1745426351
 20
176.1841452482
 30
0.0
 11
65.1745426351
 21
178.1841452482
 31
0.0
  0
LINE
  5
957
330
67
100
AcDbEntity
  8
DV1_Default
  6
Continuous
 62
     7
 48
25.4
100
AcDbLine
 10
66.5745426351
 20
178.1841452482
 30
0.0
 11
66.5745426351
 21
176.1841452482
 31
0.0
  0
LINE
  5
958
330
67
100
AcDbEntity
  8
DV1_Default
  6
Continuous
 62
     7
 48
25.4
100
AcDbLine
 10
66.7745426351
 20
178.1841452482
 30
0.0
 11
68.1745426351
 21
178.1841452482
 31
0.0
  0
LINE
  5
959
330
67
100
AcDbEntity
  8
DV1_Default
  6
Continuous
 62
     7
 48
25.4
100
AcDbLine
 10
68.1745426351
 20
176.1841452482
 30
0.0
 11
66.7745426351
 21
176.1841452482
 31
0.0
  0
LINE
  5
95A
330
67
100
AcDbEntity
  8
DV1_Default
  6
Continuous
 62
     7
 48
25.4
100
AcDbLine
 10
66.7745426351
 20
176.1841452482
 30
0.0
 11
66.7745426351
 21
178.1841452482
 31
0.0
  0
LINE
  5
95B
330
67
100
AcDbEntity
  8
DV1_Default
  6
Continuous
 62
     7
 48
25.4
100
AcDbLine
 10
68.1745426351
 20
178.1841452482
 30
0.0
 11
68.1745426351
 21
176.1841452482
 31
0.0
  0
LINE
  5
95C
330
67
100
AcDbEntity
  8
DV1_Default
  6
Continuous
 62
     7
 48
25.4
100
AcDbLine
 10
68.3745426351
 20
178.1841452482
 30
0.0
 11
69.7745426351
 21
178.1841452482
 31
0.0
  0
LINE
  5
95D
330
67
100
AcDbEntity
  8
DV1_Default
  6
Continuous
 62
     7
 48
25.4
100
AcDbLine
 10
69.7745426351
 20
176.1841452482
 30
0.0
 11
68.3745426351
 21
176.1841452482
 31
0.0
  0
LINE
  5
95E
330
67
100
AcDbEntity
  8
DV1_Default
  6
Continuous
 62
     7
 48
25.4
100
AcDbLine
 10
68.3745426351
 20
176.1841452482
 30
0.0
 11
68.3745426351
 21
178.1841452482
 31
0.0
  0
LINE
  5
95F
330
67
100
AcDbEntity
  8
DV1_Default
  6
Continuous
 62
     7
 48
25.4
100
AcDbLine
 10
69.7745426351
 20
178.1841452482
 30
0.0
 11
69.7745426351
 21
176.1841452482
 31
0.0
  0
LINE
  5
960
330
67
100
AcDbEntity
  8
DV1_Default
  6
Continuous
 62
     7
 48
25.4
100
AcDbLine
 10
69.9745426351
 20
178.1841452482
 30
0.0
 11
71.3745426351
 21
178.1841452482
 31
0.0
  0
LINE
  5
961
330
67
100
AcDbEntity
  8
DV1_Default
  6
Continuous
 62
     7
 48
25.4
100
AcDbLine
 10
71.3745426351
 20
176.1841452482
 30
0.0
 11
69.9745426351
 21
176.1841452482
 31
0.0
  0
LINE
  5
962
330
67
100
AcDbEntity
  8
DV1_Default
  6
Continuous
 62
     7
 48
25.4
100
AcDbLine
 10
69.9745426351
 20
176.1841452482
 30
0.0
 11
69.9745426351
 21
178.1841452482
 31
0.0
  0
LINE
  5
963
330
67
100
AcDbEntity
  8
DV1_Default
  6
Continuous
 62
     7
 48
25.4
100
AcDbLine
 10
71.3745426351
 20
178.1841452482
 30
0.0
 11
71.3745426351
 21
176.1841452482
 31
0.0
  0
LINE
  5
964
330
67
100
AcDbEntity
  8
DV1_Default
  6
Continuous
 62
     7
 48
25.4
100
AcDbLine
 10
71.5745426351
 20
178.1841452482
 30
0.0
 11
72.9745426351
 21
178.1841452482
 31
0.0
  0
LINE
  5
965
330
67
100
AcDbEntity
  8
DV1_Default
  6
Continuous
 62
     7
 48
25.4
100
AcDbLine
 10
72.9745426351
 20
176.1841452482
 30
0.0
 11
71.5745426351
 21
176.1841452482
 31
0.0
  0
LINE
  5
966
330
67
100
AcDbEntity
  8
DV1_Default
  6
Continuous
 62
     7
 48
25.4
100
AcDbLine
 10
71.5745426351
 20
176.1841452482
 30
0.0
 11
71.5745426351
 21
178.1841452482
 31
0.0
  0
LINE
  5
967
330
67
100
AcDbEntity
  8
DV1_Default
  6
Continuous
 62
     7
 48
25.4
100
AcDbLine
 10
72.9745426351
 20
178.1841452482
 30
0.0
 11
72.9745426351
 21
176.1841452482
 31
0.0
  0
LINE
  5
968
330
67
100
AcDbEntity
  8
DV1_Default
  6
Continuous
 62
     7
 48
25.4
100
AcDbLine
 10
73.1745426351
 20
178.1841452482
 30
0.0
 11
74.5745426351
 21
178.1841452482
 31
0.0
  0
LINE
  5
969
330
67
100
AcDbEntity
  8
DV1_Default
  6
Continuous
 62
     7
 48
25.4
100
AcDbLine
 10
74.5745426351
 20
176.1841452482
 30
0.0
 11
73.1745426351
 21
176.1841452482
 31
0.0
  0
LINE
  5
96A
330
67
100
AcDbEntity
  8
DV1_Default
  6
Continuous
 62
     7
 48
25.4
100
AcDbLine
 10
73.1745426351
 20
176.1841452482
 30
0.0
 11
73.1745426351
 21
178.1841452482
 31
0.0
  0
LINE
  5
96B
330
67
100
AcDbEntity
  8
DV1_Default
  6
Continuous
 62
     7
 48
25.4
100
AcDbLine
 10
74.5745426351
 20
178.1841452482
 30
0.0
 11
74.5745426351
 21
176.1841452482
 31
0.0
  0
LINE
  5
96C
330
67
100
AcDbEntity
  8
DV1_Default
  6
Continuous
 62
     7
 48
25.4
100
AcDbLine
 10
74.7745426351
 20
178.1841452482
 30
0.0
 11
76.1745426351
 21
178.1841452482
 31
0.0
  0
LINE
  5
96D
330
67
100
AcDbEntity
  8
DV1_Default
  6
Continuous
 62
     7
 48
25.4
100
AcDbLine
 10
76.1745426351
 20
176.1841452482
 30
0.0
 11
74.7745426351
 21
176.1841452482
 31
0.0
  0
LINE
  5
96E
330
67
100
AcDbEntity
  8
DV1_Default
  6
Continuous
 62
     7
 48
25.4
100
AcDbLine
 10
74.7745426351
 20
176.1841452482
 30
0.0
 11
74.7745426351
 21
178.1841452482
 31
0.0
  0
LINE
  5
96F
330
67
100
AcDbEntity
  8
DV1_Default
  6
Continuous
 62
     7
 48
25.4
100
AcDbLine
 10
76.1745426351
 20
178.1841452482
 30
0.0
 11
76.1745426351
 21
176.1841452482
 31
0.0
  0
LINE
  5
970
330
67
100
AcDbEntity
  8
DV1_Default
  6
Continuous
 62
     7
 48
25.4
100
AcDbLine
 10
76.3745426351
 20
178.1841452482
 30
0.0
 11
77.7745426351
 21
178.1841452482
 31
0.0
  0
LINE
  5
971
330
67
100
AcDbEntity
  8
DV1_Default
  6
Continuous
 62
     7
 48
25.4
100
AcDbLine
 10
77.7745426351
 20
176.1841452482
 30
0.0
 11
76.3745426351
 21
176.1841452482
 31
0.0
  0
LINE
  5
972
330
67
100
AcDbEntity
  8
DV1_Default
  6
Continuous
 62
     7
 48
25.4
100
AcDbLine
 10
76.3745426351
 20
176.1841452482
 30
0.0
 11
76.3745426351
 21
178.1841452482
 31
0.0
  0
LINE
  5
973
330
67
100
AcDbEntity
  8
DV1_Default
  6
Continuous
 62
     7
 48
25.4
100
AcDbLine
 10
77.7745426351
 20
178.1841452482
 30
0.0
 11
77.7745426351
 21
176.1841452482
 31
0.0
  0
LINE
  5
974
330
67
100
AcDbEntity
  8
DV1_Default
  6
Continuous
 62
     7
 48
25.4
100
AcDbLine
 10
77.9745426351
 20
178.1841452482
 30
0.0
 11
79.3745426351
 21
178.1841452482
 31
0.0
  0
LINE
  5
975
330
67
100
AcDbEntity
  8
DV1_Default
  6
Continuous
 62
     7
 48
25.4
100
AcDbLine
 10
79.3745426351
 20
176.1841452482
 30
0.0
 11
77.9745426351
 21
176.1841452482
 31
0.0
  0
LINE
  5
976
330
67
100
AcDbEntity
  8
DV1_Default
  6
Continuous
 62
     7
 48
25.4
100
AcDbLine
 10
77.9745426351
 20
176.1841452482
 30
0.0
 11
77.9745426351
 21
178.1841452482
 31
0.0
  0
LINE
  5
977
330
67
100
AcDbEntity
  8
DV1_Default
  6
Continuous
 62
     7
 48
25.4
100
AcDbLine
 10
79.3745426351
 20
178.1841452482
 30
0.0
 11
79.3745426351
 21
176.1841452482
 31
0.0
  0
LINE
  5
978
330
67
100
AcDbEntity
  8
DV1_Default
  6
Continuous
 62
     7
 48
25.4
100
AcDbLine
 10
79.5745426351
 20
178.1841452482
 30
0.0
 11
80.9745426351
 21
178.1841452482
 31
0.0
  0
LINE
  5
979
330
67
100
AcDbEntity
  8
DV1_Default
  6
Continuous
 62
     7
 48
25.4
100
AcDbLine
 10
80.9745426351
 20
176.1841452482
 30
0.0
 11
79.5745426351
 21
176.1841452482
 31
0.0
  0
LINE
  5
97A
330
67
100
AcDbEntity
  8
DV1_Default
  6
Continuous
 62
     7
 48
25.4
100
AcDbLine
 10
79.5745426351
 20
176.1841452482
 30
0.0
 11
79.5745426351
 21
178.1841452482
 31
0.0
  0
LINE
  5
97B
330
67
100
AcDbEntity
  8
DV1_Default
  6
Continuous
 62
     7
 48
25.4
100
AcDbLine
 10
80.9745426351
 20
178.1841452482
 30
0.0
 11
80.9745426351
 21
176.1841452482
 31
0.0
  0
LINE
  5
97C
330
67
100
AcDbEntity
  8
DV1_Default
  6
Continuous
 62
     7
 48
25.4
100
AcDbLine
 10
81.1745426351
 20
178.1841452482
 30
0.0
 11
82.5745426351
 21
178.1841452482
 31
0.0
  0
LINE
  5
97D
330
67
100
AcDbEntity
  8
DV1_Default
  6
Continuous
 62
     7
 48
25.4
100
AcDbLine
 10
82.5745426351
 20
176.1841452482
 30
0.0
 11
81.1745426351
 21
176.1841452482
 31
0.0
  0
LINE
  5
97E
330
67
100
AcDbEntity
  8
DV1_Default
  6
Continuous
 62
     7
 48
25.4
100
AcDbLine
 10
81.1745426351
 20
176.1841452482
 30
0.0
 11
81.1745426351
 21
178.1841452482
 31
0.0
  0
LINE
  5
97F
330
67
100
AcDbEntity
  8
DV1_Default
  6
Continuous
 62
     7
 48
25.4
100
AcDbLine
 10
82.5745426351
 20
178.1841452482
 30
0.0
 11
82.5745426351
 21
176.1841452482
 31
0.0
  0
LINE
  5
980
330
67
100
AcDbEntity
  8
DV1_Default
  6
Continuous
 62
     7
 48
25.4
100
AcDbLine
 10
82.7745426351
 20
178.1841452482
 30
0.0
 11
84.1745426351
 21
178.1841452482
 31
0.0
  0
LINE
  5
981
330
67
100
AcDbEntity
  8
DV1_Default
  6
Continuous
 62
     7
 48
25.4
100
AcDbLine
 10
84.1745426351
 20
176.1841452482
 30
0.0
 11
82.7745426351
 21
176.1841452482
 31
0.0
  0
LINE
  5
982
330
67
100
AcDbEntity
  8
DV1_Default
  6
Continuous
 62
     7
 48
25.4
100
AcDbLine
 10
82.7745426351
 20
176.1841452482
 30
0.0
 11
82.7745426351
 21
178.1841452482
 31
0.0
  0
LINE
  5
983
330
67
100
AcDbEntity
  8
DV1_Default
  6
Continuous
 62
     7
 48
25.4
100
AcDbLine
 10
84.1745426351
 20
178.1841452482
 30
0.0
 11
84.1745426351
 21
176.1841452482
 31
0.0
  0
LINE
  5
984
330
67
100
AcDbEntity
  8
DV1_Default
  6
Continuous
 62
     7
 48
25.4
100
AcDbLine
 10
84.3745426351
 20
178.1841452482
 30
0.0
 11
85.7745426351
 21
178.1841452482
 31
0.0
  0
LINE
  5
985
330
67
100
AcDbEntity
  8
DV1_Default
  6
Continuous
 62
     7
 48
25.4
100
AcDbLine
 10
85.7745426351
 20
176.1841452482
 30
0.0
 11
84.3745426351
 21
176.1841452482
 31
0.0
  0
LINE
  5
986
330
67
100
AcDbEntity
  8
DV1_Default
  6
Continuous
 62
     7
 48
25.4
100
AcDbLine
 10
84.3745426351
 20
176.1841452482
 30
0.0
 11
84.3745426351
 21
178.1841452482
 31
0.0
  0
LINE
  5
987
330
67
100
AcDbEntity
  8
DV1_Default
  6
Continuous
 62
     7
 48
25.4
100
AcDbLine
 10
85.7745426351
 20
178.1841452482
 30
0.0
 11
85.7745426351
 21
176.1841452482
 31
0.0
  0
LINE
  5
988
330
67
100
AcDbEntity
  8
DV1_Default
  6
Continuous
 62
     7
 48
25.4
100
AcDbLine
 10
85.9745426351
 20
178.1841452482
 30
0.0
 11
87.3745426351
 21
178.1841452482
 31
0.0
  0
LINE
  5
989
330
67
100
AcDbEntity
  8
DV1_Default
  6
Continuous
 62
     7
 48
25.4
100
AcDbLine
 10
87.3745426351
 20
176.1841452482
 30
0.0
 11
85.9745426351
 21
176.1841452482
 31
0.0
  0
LINE
  5
98A
330
67
100
AcDbEntity
  8
DV1_Default
  6
Continuous
 62
     7
 48
25.4
100
AcDbLine
 10
85.9745426351
 20
176.1841452482
 30
0.0
 11
85.9745426351
 21
178.1841452482
 31
0.0
  0
LINE
  5
98B
330
67
100
AcDbEntity
  8
DV1_Default
  6
Continuous
 62
     7
 48
25.4
100
AcDbLine
 10
87.3745426351
 20
178.1841452482
 30
0.0
 11
87.3745426351
 21
176.1841452482
 31
0.0
  0
LINE
  5
98C
330
67
100
AcDbEntity
  8
DV1_Default
  6
Continuous
 62
     7
 48
25.4
100
AcDbLine
 10
87.5745426351
 20
178.1841452482
 30
0.0
 11
88.9745426351
 21
178.1841452482
 31
0.0
  0
LINE
  5
98D
330
67
100
AcDbEntity
  8
DV1_Default
  6
Continuous
 62
     7
 48
25.4
100
AcDbLine
 10
88.9745426351
 20
176.1841452482
 30
0.0
 11
87.5745426351
 21
176.1841452482
 31
0.0
  0
LINE
  5
98E
330
67
100
AcDbEntity
  8
DV1_Default
  6
Continuous
 62
     7
 48
25.4
100
AcDbLine
 10
87.5745426351
 20
176.1841452482
 30
0.0
 11
87.5745426351
 21
178.1841452482
 31
0.0
  0
LINE
  5
98F
330
67
100
AcDbEntity
  8
DV1_Default
  6
Continuous
 62
     7
 48
25.4
100
AcDbLine
 10
88.9745426351
 20
178.1841452482
 30
0.0
 11
88.9745426351
 21
176.1841452482
 31
0.0
  0
LINE
  5
990
330
67
100
AcDbEntity
  8
DV1_Default
  6
Continuous
 62
     7
 48
25.4
100
AcDbLine
 10
89.1745426351
 20
178.1841452482
 30
0.0
 11
90.5745426351
 21
178.1841452482
 31
0.0
  0
LINE
  5
991
330
67
100
AcDbEntity
  8
DV1_Default
  6
Continuous
 62
     7
 48
25.4
100
AcDbLine
 10
90.5745426351
 20
176.1841452482
 30
0.0
 11
89.1745426351
 21
176.1841452482
 31
0.0
  0
LINE
  5
992
330
67
100
AcDbEntity
  8
DV1_Default
  6
Continuous
 62
     7
 48
25.4
100
AcDbLine
 10
89.1745426351
 20
176.1841452482
 30
0.0
 11
89.1745426351
 21
178.1841452482
 31
0.0
  0
LINE
  5
993
330
67
100
AcDbEntity
  8
DV1_Default
  6
Continuous
 62
     7
 48
25.4
100
AcDbLine
 10
90.5745426351
 20
178.1841452482
 30
0.0
 11
90.5745426351
 21
176.1841452482
 31
0.0
  0
LINE
  5
994
330
67
100
AcDbEntity
  8
DV1_Default
  6
Continuous
 62
     7
 48
25.4
100
AcDbLine
 10
90.7745426351
 20
178.1841452482
 30
0.0
 11
92.1745426351
 21
178.1841452482
 31
0.0
  0
LINE
  5
995
330
67
100
AcDbEntity
  8
DV1_Default
  6
Continuous
 62
     7
 48
25.4
100
AcDbLine
 10
92.1745426351
 20
176.1841452482
 30
0.0
 11
90.7745426351
 21
176.1841452482
 31
0.0
  0
LINE
  5
996
330
67
100
AcDbEntity
  8
DV1_Default
  6
Continuous
 62
     7
 48
25.4
100
AcDbLine
 10
90.7745426351
 20
176.1841452482
 30
0.0
 11
90.7745426351
 21
178.1841452482
 31
0.0
  0
LINE
  5
997
330
67
100
AcDbEntity
  8
DV1_Default
  6
Continuous
 62
     7
 48
25.4
100
AcDbLine
 10
92.1745426351
 20
178.1841452482
 30
0.0
 11
92.1745426351
 21
176.1841452482
 31
0.0
  0
LINE
  5
998
330
67
100
AcDbEntity
  8
DV1_Default
  6
Continuous
 62
     7
 48
25.4
100
AcDbLine
 10
92.3745426351
 20
178.1841452482
 30
0.0
 11
93.7745426351
 21
178.1841452482
 31
0.0
  0
LINE
  5
999
330
67
100
AcDbEntity
  8
DV1_Default
  6
Continuous
 62
     7
 48
25.4
100
AcDbLine
 10
93.7745426351
 20
176.1841452482
 30
0.0
 11
92.3745426351
 21
176.1841452482
 31
0.0
  0
LINE
  5
99A
330
67
100
AcDbEntity
  8
DV1_Default
  6
Continuous
 62
     7
 48
25.4
100
AcDbLine
 10
92.3745426351
 20
176.1841452482
 30
0.0
 11
92.3745426351
 21
178.1841452482
 31
0.0
  0
LINE
  5
99B
330
67
100
AcDbEntity
  8
DV1_Default
  6
Continuous
 62
     7
 48
25.4
100
AcDbLine
 10
93.7745426351
 20
178.1841452482
 30
0.0
 11
93.7745426351
 21
176.1841452482
 31
0.0
  0
LINE
  5
99C
330
67
100
AcDbEntity
  8
DV1_Default
  6
Continuous
 62
     7
 48
25.4
100
AcDbLine
 10
57.1745426351
 20
180.5841452482
 30
0.0
 11
58.5745426351
 21
180.5841452482
 31
0.0
  0
LINE
  5
99D
330
67
100
AcDbEntity
  8
DV1_Default
  6
Continuous
 62
     7
 48
25.4
100
AcDbLine
 10
58.5745426351
 20
178.5841452482
 30
0.0
 11
57.1745426351
 21
178.5841452482
 31
0.0
  0
LINE
  5
99E
330
67
100
AcDbEntity
  8
DV1_Default
  6
Continuous
 62
     7
 48
25.4
100
AcDbLine
 10
57.1745426351
 20
178.5841452482
 30
0.0
 11
57.1745426351
 21
180.5841452482
 31
0.0
  0
LINE
  5
99F
330
67
100
AcDbEntity
  8
DV1_Default
  6
Continuous
 62
     7
 48
25.4
100
AcDbLine
 10
58.5745426351
 20
180.5841452482
 30
0.0
 11
58.5745426351
 21
178.5841452482
 31
0.0
  0
LINE
  5
9A0
330
67
100
AcDbEntity
  8
DV1_Default
  6
Continuous
 62
     7
 48
25.4
100
AcDbLine
 10
58.7745426351
 20
180.5841452482
 30
0.0
 11
60.1745426351
 21
180.5841452482
 31
0.0
  0
LINE
  5
9A1
330
67
100
AcDbEntity
  8
DV1_Default
  6
Continuous
 62
     7
 48
25.4
100
AcDbLine
 10
60.1745426351
 20
178.5841452482
 30
0.0
 11
58.7745426351
 21
178.5841452482
 31
0.0
  0
LINE
  5
9A2
330
67
100
AcDbEntity
  8
DV1_Default
  6
Continuous
 62
     7
 48
25.4
100
AcDbLine
 10
58.7745426351
 20
178.5841452482
 30
0.0
 11
58.7745426351
 21
180.5841452482
 31
0.0
  0
LINE
  5
9A3
330
67
100
AcDbEntity
  8
DV1_Default
  6
Continuous
 62
     7
 48
25.4
100
AcDbLine
 10
60.1745426351
 20
180.5841452482
 30
0.0
 11
60.1745426351
 21
178.5841452482
 31
0.0
  0
LINE
  5
9A4
330
67
100
AcDbEntity
  8
DV1_Default
  6
Continuous
 62
     7
 48
25.4
100
AcDbLine
 10
60.3745426351
 20
180.5841452482
 30
0.0
 11
61.7745426351
 21
180.5841452482
 31
0.0
  0
LINE
  5
9A5
330
67
100
AcDbEntity
  8
DV1_Default
  6
Continuous
 62
     7
 48
25.4
100
AcDbLine
 10
61.7745426351
 20
178.5841452482
 30
0.0
 11
60.3745426351
 21
178.5841452482
 31
0.0
  0
LINE
  5
9A6
330
67
100
AcDbEntity
  8
DV1_Default
  6
Continuous
 62
     7
 48
25.4
100
AcDbLine
 10
60.3745426351
 20
178.5841452482
 30
0.0
 11
60.3745426351
 21
180.5841452482
 31
0.0
  0
LINE
  5
9A7
330
67
100
AcDbEntity
  8
DV1_Default
  6
Continuous
 62
     7
 48
25.4
100
AcDbLine
 10
61.7745426351
 20
180.5841452482
 30
0.0
 11
61.7745426351
 21
178.5841452482
 31
0.0
  0
LINE
  5
9A8
330
67
100
AcDbEntity
  8
DV1_Default
  6
Continuous
 62
     7
 48
25.4
100
AcDbLine
 10
61.9745426351
 20
180.5841452482
 30
0.0
 11
63.3745426351
 21
180.5841452482
 31
0.0
  0
LINE
  5
9A9
330
67
100
AcDbEntity
  8
DV1_Default
  6
Continuous
 62
     7
 48
25.4
100
AcDbLine
 10
63.3745426351
 20
178.5841452482
 30
0.0
 11
61.9745426351
 21
178.5841452482
 31
0.0
  0
LINE
  5
9AA
330
67
100
AcDbEntity
  8
DV1_Default
  6
Continuous
 62
     7
 48
25.4
100
AcDbLine
 10
61.9745426351
 20
178.5841452482
 30
0.0
 11
61.9745426351
 21
180.5841452482
 31
0.0
  0
LINE
  5
9AB
330
67
100
AcDbEntity
  8
DV1_Default
  6
Continuous
 62
     7
 48
25.4
100
AcDbLine
 10
63.3745426351
 20
180.5841452482
 30
0.0
 11
63.3745426351
 21
178.5841452482
 31
0.0
  0
LINE
  5
9AC
330
67
100
AcDbEntity
  8
DV1_Default
  6
Continuous
 62
     7
 48
25.4
100
AcDbLine
 10
63.5745426351
 20
180.5841452482
 30
0.0
 11
64.9745426351
 21
180.5841452482
 31
0.0
  0
LINE
  5
9AD
330
67
100
AcDbEntity
  8
DV1_Default
  6
Continuous
 62
     7
 48
25.4
100
AcDbLine
 10
64.9745426351
 20
178.5841452482
 30
0.0
 11
63.5745426351
 21
178.5841452482
 31
0.0
  0
LINE
  5
9AE
330
67
100
AcDbEntity
  8
DV1_Default
  6
Continuous
 62
     7
 48
25.4
100
AcDbLine
 10
63.5745426351
 20
178.5841452482
 30
0.0
 11
63.5745426351
 21
180.5841452482
 31
0.0
  0
LINE
  5
9AF
330
67
100
AcDbEntity
  8
DV1_Default
  6
Continuous
 62
     7
 48
25.4
100
AcDbLine
 10
64.9745426351
 20
180.5841452482
 30
0.0
 11
64.9745426351
 21
178.5841452482
 31
0.0
  0
LINE
  5
9B0
330
67
100
AcDbEntity
  8
DV1_Default
  6
Continuous
 62
     7
 48
25.4
100
AcDbLine
 10
65.1745426351
 20
180.5841452482
 30
0.0
 11
66.5745426351
 21
180.5841452482
 31
0.0
  0
LINE
  5
9B1
330
67
100
AcDbEntity
  8
DV1_Default
  6
Continuous
 62
     7
 48
25.4
100
AcDbLine
 10
66.5745426351
 20
178.5841452482
 30
0.0
 11
65.1745426351
 21
178.5841452482
 31
0.0
  0
LINE
  5
9B2
330
67
100
AcDbEntity
  8
DV1_Default
  6
Continuous
 62
     7
 48
25.4
100
AcDbLine
 10
65.1745426351
 20
178.5841452482
 30
0.0
 11
65.1745426351
 21
180.5841452482
 31
0.0
  0
LINE
  5
9B3
330
67
100
AcDbEntity
  8
DV1_Default
  6
Continuous
 62
     7
 48
25.4
100
AcDbLine
 10
66.5745426351
 20
180.5841452482
 30
0.0
 11
66.5745426351
 21
178.5841452482
 31
0.0
  0
LINE
  5
9B4
330
67
100
AcDbEntity
  8
DV1_Default
  6
Continuous
 62
     7
 48
25.4
100
AcDbLine
 10
66.7745426351
 20
180.5841452482
 30
0.0
 11
68.1745426351
 21
180.5841452482
 31
0.0
  0
LINE
  5
9B5
330
67
100
AcDbEntity
  8
DV1_Default
  6
Continuous
 62
     7
 48
25.4
100
AcDbLine
 10
68.1745426351
 20
178.5841452482
 30
0.0
 11
66.7745426351
 21
178.5841452482
 31
0.0
  0
LINE
  5
9B6
330
67
100
AcDbEntity
  8
DV1_Default
  6
Continuous
 62
     7
 48
25.4
100
AcDbLine
 10
66.7745426351
 20
178.5841452482
 30
0.0
 11
66.7745426351
 21
180.5841452482
 31
0.0
  0
LINE
  5
9B7
330
67
100
AcDbEntity
  8
DV1_Default
  6
Continuous
 62
     7
 48
25.4
100
AcDbLine
 10
68.1745426351
 20
180.5841452482
 30
0.0
 11
68.1745426351
 21
178.5841452482
 31
0.0
  0
LINE
  5
9B8
330
67
100
AcDbEntity
  8
DV1_Default
  6
Continuous
 62
     7
 48
25.4
100
AcDbLine
 10
68.3745426351
 20
180.5841452482
 30
0.0
 11
69.7745426351
 21
180.5841452482
 31
0.0
  0
LINE
  5
9B9
330
67
100
AcDbEntity
  8
DV1_Default
  6
Continuous
 62
     7
 48
25.4
100
AcDbLine
 10
69.7745426351
 20
178.5841452482
 30
0.0
 11
68.3745426351
 21
178.5841452482
 31
0.0
  0
LINE
  5
9BA
330
67
100
AcDbEntity
  8
DV1_Default
  6
Continuous
 62
     7
 48
25.4
100
AcDbLine
 10
68.3745426351
 20
178.5841452482
 30
0.0
 11
68.3745426351
 21
180.5841452482
 31
0.0
  0
LINE
  5
9BB
330
67
100
AcDbEntity
  8
DV1_Default
  6
Continuous
 62
     7
 48
25.4
100
AcDbLine
 10
69.7745426351
 20
180.5841452482
 30
0.0
 11
69.7745426351
 21
178.5841452482
 31
0.0
  0
LINE
  5
9BC
330
67
100
AcDbEntity
  8
DV1_Default
  6
Continuous
 62
     7
 48
25.4
100
AcDbLine
 10
69.9745426351
 20
180.5841452482
 30
0.0
 11
71.3745426351
 21
180.5841452482
 31
0.0
  0
LINE
  5
9BD
330
67
100
AcDbEntity
  8
DV1_Default
  6
Continuous
 62
     7
 48
25.4
100
AcDbLine
 10
71.3745426351
 20
178.5841452482
 30
0.0
 11
69.9745426351
 21
178.5841452482
 31
0.0
  0
LINE
  5
9BE
330
67
100
AcDbEntity
  8
DV1_Default
  6
Continuous
 62
     7
 48
25.4
100
AcDbLine
 10
69.9745426351
 20
178.5841452482
 30
0.0
 11
69.9745426351
 21
180.5841452482
 31
0.0
  0
LINE
  5
9BF
330
67
100
AcDbEntity
  8
DV1_Default
  6
Continuous
 62
     7
 48
25.4
100
AcDbLine
 10
71.3745426351
 20
180.5841452482
 30
0.0
 11
71.3745426351
 21
178.5841452482
 31
0.0
  0
LINE
  5
9C0
330
67
100
AcDbEntity
  8
DV1_Default
  6
Continuous
 62
     7
 48
25.4
100
AcDbLine
 10
71.5745426351
 20
180.5841452482
 30
0.0
 11
72.9745426351
 21
180.5841452482
 31
0.0
  0
LINE
  5
9C1
330
67
100
AcDbEntity
  8
DV1_Default
  6
Continuous
 62
     7
 48
25.4
100
AcDbLine
 10
72.9745426351
 20
178.5841452482
 30
0.0
 11
71.5745426351
 21
178.5841452482
 31
0.0
  0
LINE
  5
9C2
330
67
100
AcDbEntity
  8
DV1_Default
  6
Continuous
 62
     7
 48
25.4
100
AcDbLine
 10
71.5745426351
 20
178.5841452482
 30
0.0
 11
71.5745426351
 21
180.5841452482
 31
0.0
  0
LINE
  5
9C3
330
67
100
AcDbEntity
  8
DV1_Default
  6
Continuous
 62
     7
 48
25.4
100
AcDbLine
 10
72.9745426351
 20
180.5841452482
 30
0.0
 11
72.9745426351
 21
178.5841452482
 31
0.0
  0
LINE
  5
9C4
330
67
100
AcDbEntity
  8
DV1_Default
  6
Continuous
 62
     7
 48
25.4
100
AcDbLine
 10
73.1745426351
 20
180.5841452482
 30
0.0
 11
74.5745426351
 21
180.5841452482
 31
0.0
  0
LINE
  5
9C5
330
67
100
AcDbEntity
  8
DV1_Default
  6
Continuous
 62
     7
 48
25.4
100
AcDbLine
 10
74.5745426351
 20
178.5841452482
 30
0.0
 11
73.1745426351
 21
178.5841452482
 31
0.0
  0
LINE
  5
9C6
330
67
100
AcDbEntity
  8
DV1_Default
  6
Continuous
 62
     7
 48
25.4
100
AcDbLine
 10
73.1745426351
 20
178.5841452482
 30
0.0
 11
73.1745426351
 21
180.5841452482
 31
0.0
  0
LINE
  5
9C7
330
67
100
AcDbEntity
  8
DV1_Default
  6
Continuous
 62
     7
 48
25.4
100
AcDbLine
 10
74.5745426351
 20
180.5841452482
 30
0.0
 11
74.5745426351
 21
178.5841452482
 31
0.0
  0
LINE
  5
9C8
330
67
100
AcDbEntity
  8
DV1_Default
  6
Continuous
 62
     7
 48
25.4
100
AcDbLine
 10
74.7745426351
 20
180.5841452482
 30
0.0
 11
76.1745426351
 21
180.5841452482
 31
0.0
  0
LINE
  5
9C9
330
67
100
AcDbEntity
  8
DV1_Default
  6
Continuous
 62
     7
 48
25.4
100
AcDbLine
 10
76.1745426351
 20
178.5841452482
 30
0.0
 11
74.7745426351
 21
178.5841452482
 31
0.0
  0
LINE
  5
9CA
330
67
100
AcDbEntity
  8
DV1_Default
  6
Continuous
 62
     7
 48
25.4
100
AcDbLine
 10
74.7745426351
 20
178.5841452482
 30
0.0
 11
74.7745426351
 21
180.5841452482
 31
0.0
  0
LINE
  5
9CB
330
67
100
AcDbEntity
  8
DV1_Default
  6
Continuous
 62
     7
 48
25.4
100
AcDbLine
 10
76.1745426351
 20
180.5841452482
 30
0.0
 11
76.1745426351
 21
178.5841452482
 31
0.0
  0
LINE
  5
9CC
330
67
100
AcDbEntity
  8
DV1_Default
  6
Continuous
 62
     7
 48
25.4
100
AcDbLine
 10
76.3745426351
 20
180.5841452482
 30
0.0
 11
77.7745426351
 21
180.5841452482
 31
0.0
  0
LINE
  5
9CD
330
67
100
AcDbEntity
  8
DV1_Default
  6
Continuous
 62
     7
 48
25.4
100
AcDbLine
 10
77.7745426351
 20
178.5841452482
 30
0.0
 11
76.3745426351
 21
178.5841452482
 31
0.0
  0
LINE
  5
9CE
330
67
100
AcDbEntity
  8
DV1_Default
  6
Continuous
 62
     7
 48
25.4
100
AcDbLine
 10
76.3745426351
 20
178.5841452482
 30
0.0
 11
76.3745426351
 21
180.5841452482
 31
0.0
  0
LINE
  5
9CF
330
67
100
AcDbEntity
  8
DV1_Default
  6
Continuous
 62
     7
 48
25.4
100
AcDbLine
 10
77.7745426351
 20
180.5841452482
 30
0.0
 11
77.7745426351
 21
178.5841452482
 31
0.0
  0
LINE
  5
9D0
330
67
100
AcDbEntity
  8
DV1_Default
  6
Continuous
 62
     7
 48
25.4
100
AcDbLine
 10
77.9745426351
 20
180.5841452482
 30
0.0
 11
79.3745426351
 21
180.5841452482
 31
0.0
  0
LINE
  5
9D1
330
67
100
AcDbEntity
  8
DV1_Default
  6
Continuous
 62
     7
 48
25.4
100
AcDbLine
 10
79.3745426351
 20
178.5841452482
 30
0.0
 11
77.9745426351
 21
178.5841452482
 31
0.0
  0
LINE
  5
9D2
330
67
100
AcDbEntity
  8
DV1_Default
  6
Continuous
 62
     7
 48
25.4
100
AcDbLine
 10
77.9745426351
 20
178.5841452482
 30
0.0
 11
77.9745426351
 21
180.5841452482
 31
0.0
  0
LINE
  5
9D3
330
67
100
AcDbEntity
  8
DV1_Default
  6
Continuous
 62
     7
 48
25.4
100
AcDbLine
 10
79.3745426351
 20
180.5841452482
 30
0.0
 11
79.3745426351
 21
178.5841452482
 31
0.0
  0
LINE
  5
9D4
330
67
100
AcDbEntity
  8
DV1_Default
  6
Continuous
 62
     7
 48
25.4
100
AcDbLine
 10
79.5745426351
 20
180.5841452482
 30
0.0
 11
80.9745426351
 21
180.5841452482
 31
0.0
  0
LINE
  5
9D5
330
67
100
AcDbEntity
  8
DV1_Default
  6
Continuous
 62
     7
 48
25.4
100
AcDbLine
 10
80.9745426351
 20
178.5841452482
 30
0.0
 11
79.5745426351
 21
178.5841452482
 31
0.0
  0
LINE
  5
9D6
330
67
100
AcDbEntity
  8
DV1_Default
  6
Continuous
 62
     7
 48
25.4
100
AcDbLine
 10
79.5745426351
 20
178.5841452482
 30
0.0
 11
79.5745426351
 21
180.5841452482
 31
0.0
  0
LINE
  5
9D7
330
67
100
AcDbEntity
  8
DV1_Default
  6
Continuous
 62
     7
 48
25.4
100
AcDbLine
 10
80.9745426351
 20
180.5841452482
 30
0.0
 11
80.9745426351
 21
178.5841452482
 31
0.0
  0
LINE
  5
9D8
330
67
100
AcDbEntity
  8
DV1_Default
  6
Continuous
 62
     7
 48
25.4
100
AcDbLine
 10
81.1745426351
 20
180.5841452482
 30
0.0
 11
82.5745426351
 21
180.5841452482
 31
0.0
  0
LINE
  5
9D9
330
67
100
AcDbEntity
  8
DV1_Default
  6
Continuous
 62
     7
 48
25.4
100
AcDbLine
 10
82.5745426351
 20
178.5841452482
 30
0.0
 11
81.1745426351
 21
178.5841452482
 31
0.0
  0
LINE
  5
9DA
330
67
100
AcDbEntity
  8
DV1_Default
  6
Continuous
 62
     7
 48
25.4
100
AcDbLine
 10
81.1745426351
 20
178.5841452482
 30
0.0
 11
81.1745426351
 21
180.5841452482
 31
0.0
  0
LINE
  5
9DB
330
67
100
AcDbEntity
  8
DV1_Default
  6
Continuous
 62
     7
 48
25.4
100
AcDbLine
 10
82.5745426351
 20
180.5841452482
 30
0.0
 11
82.5745426351
 21
178.5841452482
 31
0.0
  0
LINE
  5
9DC
330
67
100
AcDbEntity
  8
DV1_Default
  6
Continuous
 62
     7
 48
25.4
100
AcDbLine
 10
82.7745426351
 20
180.5841452482
 30
0.0
 11
84.1745426351
 21
180.5841452482
 31
0.0
  0
LINE
  5
9DD
330
67
100
AcDbEntity
  8
DV1_Default
  6
Continuous
 62
     7
 48
25.4
100
AcDbLine
 10
84.1745426351
 20
178.5841452482
 30
0.0
 11
82.7745426351
 21
178.5841452482
 31
0.0
  0
LINE
  5
9DE
330
67
100
AcDbEntity
  8
DV1_Default
  6
Continuous
 62
     7
 48
25.4
100
AcDbLine
 10
82.7745426351
 20
178.5841452482
 30
0.0
 11
82.7745426351
 21
180.5841452482
 31
0.0
  0
LINE
  5
9DF
330
67
100
AcDbEntity
  8
DV1_Default
  6
Continuous
 62
     7
 48
25.4
100
AcDbLine
 10
84.1745426351
 20
180.5841452482
 30
0.0
 11
84.1745426351
 21
178.5841452482
 31
0.0
  0
LINE
  5
9E0
330
67
100
AcDbEntity
  8
DV1_Default
  6
Continuous
 62
     7
 48
25.4
100
AcDbLine
 10
84.3745426351
 20
180.5841452482
 30
0.0
 11
85.7745426351
 21
180.5841452482
 31
0.0
  0
LINE
  5
9E1
330
67
100
AcDbEntity
  8
DV1_Default
  6
Continuous
 62
     7
 48
25.4
100
AcDbLine
 10
85.7745426351
 20
178.5841452482
 30
0.0
 11
84.3745426351
 21
178.5841452482
 31
0.0
  0
LINE
  5
9E2
330
67
100
AcDbEntity
  8
DV1_Default
  6
Continuous
 62
     7
 48
25.4
100
AcDbLine
 10
84.3745426351
 20
178.5841452482
 30
0.0
 11
84.3745426351
 21
180.5841452482
 31
0.0
  0
LINE
  5
9E3
330
67
100
AcDbEntity
  8
DV1_Default
  6
Continuous
 62
     7
 48
25.4
100
AcDbLine
 10
85.7745426351
 20
180.5841452482
 30
0.0
 11
85.7745426351
 21
178.5841452482
 31
0.0
  0
LINE
  5
9E4
330
67
100
AcDbEntity
  8
DV1_Default
  6
Continuous
 62
     7
 48
25.4
100
AcDbLine
 10
85.9745426351
 20
180.5841452482
 30
0.0
 11
87.3745426351
 21
180.5841452482
 31
0.0
  0
LINE
  5
9E5
330
67
100
AcDbEntity
  8
DV1_Default
  6
Continuous
 62
     7
 48
25.4
100
AcDbLine
 10
87.3745426351
 20
178.5841452482
 30
0.0
 11
85.9745426351
 21
178.5841452482
 31
0.0
  0
LINE
  5
9E6
330
67
100
AcDbEntity
  8
DV1_Default
  6
Continuous
 62
     7
 48
25.4
100
AcDbLine
 10
85.9745426351
 20
178.5841452482
 30
0.0
 11
85.9745426351
 21
180.5841452482
 31
0.0
  0
LINE
  5
9E7
330
67
100
AcDbEntity
  8
DV1_Default
  6
Continuous
 62
     7
 48
25.4
100
AcDbLine
 10
87.3745426351
 20
180.5841452482
 30
0.0
 11
87.3745426351
 21
178.5841452482
 31
0.0
  0
LINE
  5
9E8
330
67
100
AcDbEntity
  8
DV1_Default
  6
Continuous
 62
     7
 48
25.4
100
AcDbLine
 10
87.5745426351
 20
180.5841452482
 30
0.0
 11
88.9745426351
 21
180.5841452482
 31
0.0
  0
LINE
  5
9E9
330
67
100
AcDbEntity
  8
DV1_Default
  6
Continuous
 62
     7
 48
25.4
100
AcDbLine
 10
88.9745426351
 20
178.5841452482
 30
0.0
 11
87.5745426351
 21
178.5841452482
 31
0.0
  0
LINE
  5
9EA
330
67
100
AcDbEntity
  8
DV1_Default
  6
Continuous
 62
     7
 48
25.4
100
AcDbLine
 10
87.5745426351
 20
178.5841452482
 30
0.0
 11
87.5745426351
 21
180.5841452482
 31
0.0
  0
LINE
  5
9EB
330
67
100
AcDbEntity
  8
DV1_Default
  6
Continuous
 62
     7
 48
25.4
100
AcDbLine
 10
88.9745426351
 20
180.5841452482
 30
0.0
 11
88.9745426351
 21
178.5841452482
 31
0.0
  0
LINE
  5
9EC
330
67
100
AcDbEntity
  8
DV1_Default
  6
Continuous
 62
     7
 48
25.4
100
AcDbLine
 10
89.1745426351
 20
180.5841452482
 30
0.0
 11
90.5745426351
 21
180.5841452482
 31
0.0
  0
LINE
  5
9ED
330
67
100
AcDbEntity
  8
DV1_Default
  6
Continuous
 62
     7
 48
25.4
100
AcDbLine
 10
90.5745426351
 20
178.5841452482
 30
0.0
 11
89.1745426351
 21
178.5841452482
 31
0.0
  0
LINE
  5
9EE
330
67
100
AcDbEntity
  8
DV1_Default
  6
Continuous
 62
     7
 48
25.4
100
AcDbLine
 10
89.1745426351
 20
178.5841452482
 30
0.0
 11
89.1745426351
 21
180.5841452482
 31
0.0
  0
LINE
  5
9EF
330
67
100
AcDbEntity
  8
DV1_Default
  6
Continuous
 62
     7
 48
25.4
100
AcDbLine
 10
90.5745426351
 20
180.5841452482
 30
0.0
 11
90.5745426351
 21
178.5841452482
 31
0.0
  0
LINE
  5
9F0
330
67
100
AcDbEntity
  8
DV1_Default
  6
Continuous
 62
     7
 48
25.4
100
AcDbLine
 10
90.7745426351
 20
180.5841452482
 30
0.0
 11
92.1745426351
 21
180.5841452482
 31
0.0
  0
LINE
  5
9F1
330
67
100
AcDbEntity
  8
DV1_Default
  6
Continuous
 62
     7
 48
25.4
100
AcDbLine
 10
92.1745426351
 20
178.5841452482
 30
0.0
 11
90.7745426351
 21
178.5841452482
 31
0.0
  0
LINE
  5
9F2
330
67
100
AcDbEntity
  8
DV1_Default
  6
Continuous
 62
     7
 48
25.4
100
AcDbLine
 10
90.7745426351
 20
178.5841452482
 30
0.0
 11
90.7745426351
 21
180.5841452482
 31
0.0
  0
LINE
  5
9F3
330
67
100
AcDbEntity
  8
DV1_Default
  6
Continuous
 62
     7
 48
25.4
100
AcDbLine
 10
92.1745426351
 20
180.5841452482
 30
0.0
 11
92.1745426351
 21
178.5841452482
 31
0.0
  0
LINE
  5
9F4
330
67
100
AcDbEntity
  8
DV1_Default
  6
Continuous
 62
     7
 48
25.4
100
AcDbLine
 10
92.3745426351
 20
180.5841452482
 30
0.0
 11
93.7745426351
 21
180.5841452482
 31
0.0
  0
LINE
  5
9F5
330
67
100
AcDbEntity
  8
DV1_Default
  6
Continuous
 62
     7
 48
25.4
100
AcDbLine
 10
93.7745426351
 20
178.5841452482
 30
0.0
 11
92.3745426351
 21
178.5841452482
 31
0.0
  0
LINE
  5
9F6
330
67
100
AcDbEntity
  8
DV1_Default
  6
Continuous
 62
     7
 48
25.4
100
AcDbLine
 10
92.3745426351
 20
178.5841452482
 30
0.0
 11
92.3745426351
 21
180.5841452482
 31
0.0
  0
LINE
  5
9F7
330
67
100
AcDbEntity
  8
DV1_Default
  6
Continuous
 62
     7
 48
25.4
100
AcDbLine
 10
93.7745426351
 20
180.5841452482
 30
0.0
 11
93.7745426351
 21
178.5841452482
 31
0.0
  0
LINE
  5
9F8
330
67
100
AcDbEntity
  8
DV1_Default
  6
Continuous
 62
     7
 48
25.4
100
AcDbLine
 10
51.8319663847
 20
282.74413603
 30
0.0
 11
99.1171188844
 21
282.74413603
 31
0.0
  0
TEXT
  5
9F9
330
67
100
AcDbEntity
  8
DV1_Default
  6
Continuous
 62
     7
 48
25.4
100
AcDbText
 10
64.589478731
 20
279.1071509335
 30
0.0
 40
2.4
  1
+.A7    ¿ØÖÆ
  7
SEACAD_arial_ttf
 11
64.589478731
 21
281.5071509335
 31
0.0
100
AcDbText
 73
     3
  0
LWPOLYLINE
  5
9FA
330
67
100
AcDbEntity
  8
DV1_Default
  6
Continuous
 62
     7
 48
25.4
100
AcDbPolyline
 90
        5
 70
     0
 43
0.0
 10
64.589478731
 20
282.1315411774
 10
64.589478731
 20
278.6193452555
 10
85.9526807508
 20
278.6193452555
 10
85.9526807508
 20
282.1315411774
 10
64.589478731
 20
282.1315411774
  0
LINE
  5
9FB
330
67
100
AcDbEntity
  8
DV1_Default
  6
Continuous
 62
     7
 48
25.4
100
AcDbLine
 10
53.8345426351
 20
275.9889262572
 30
0.0
 11
97.1145426351
 21
275.9889262572
 31
0.0
  0
LINE
  5
9FC
330
67
100
AcDbEntity
  8
DV1_Default
  6
Continuous
 62
     7
 48
25.4
100
AcDbLine
 10
53.8345426351
 20
262.7737071343
 30
0.0
 11
97.1145426351
 21
262.7737071343
 31
0.0
  0
ARC
  5
9FD
330
67
100
AcDbEntity
  8
DV1_Default
  6
Continuous
 62
     7
 48
25.4
100
AcDbCircle
 10
51.8345426351
 20
43.4190843057
 30
0.0
 40
0.3600000000000004
100
AcDbArc
 50
180.0
 51
270.0
  0
LINE
  5
9FE
330
67
100
AcDbEntity
  8
DV1_Default
  6
Continuous
 62
     7
 48
25.4
100
AcDbLine
 10
51.4745426351
 20
43.4190843057
 30
0.0
 11
51.4745426351
 21
46.4299674233
 31
0.0
  0
LINE
  5
9FF
330
67
100
AcDbEntity
  8
DV1_Default
  6
Continuous
 62
     7
 48
25.4
100
AcDbLine
 10
51.8345426351
 20
43.0590843057
 30
0.0
 11
53.4745426351
 21
43.0590843057
 31
0.0
  0
ARC
  5
A00
330
67
100
AcDbEntity
  8
DV1_Default
  6
Continuous
 62
     7
 48
25.4
100
AcDbCircle
 10
53.4745426351
 20
43.4190843057
 30
0.0
 40
0.3599999999999999
100
AcDbArc
 50
270.0
 51
360.0
  0
ARC
  5
A01
330
67
100
AcDbEntity
  8
DV1_Default
  6
Continuous
 62
     7
 48
25.4
100
AcDbCircle
 10
51.8345426351
 20
90.6990843057
 30
0.0
 40
0.3599999999999959
100
AcDbArc
 50
90.0
 51
180.0
  0
LINE
  5
A02
330
67
100
AcDbEntity
  8
DV1_Default
  6
Continuous
 62
     7
 48
25.4
100
AcDbLine
 10
51.8345426351
 20
91.0590843057
 30
0.0
 11
53.4745426351
 21
91.0590843057
 31
0.0
  0
LINE
  5
A03
330
67
100
AcDbEntity
  8
DV1_Default
  6
Continuous
 62
     7
 48
25.4
100
AcDbLine
 10
51.4745426351
 20
43.4190843057
 30
0.0
 11
51.4745426351
 21
90.6990843057
 31
0.0
  0
LINE
  5
A04
330
67
100
AcDbEntity
  8
DV1_Default
  6
Continuous
 62
     7
 48
25.4
100
AcDbLine
 10
51.8345426351
 20
43.0590843057
 30
0.0
 11
53.4745426351
 21
43.0590843057
 31
0.0
  0
ARC
  5
A05
330
67
100
AcDbEntity
  8
DV1_Default
  6
Continuous
 62
     7
 48
25.4
100
AcDbCircle
 10
51.8345426351
 20
43.4190843057
 30
0.0
 40
0.3599999999999992
100
AcDbArc
 50
180.0
 51
270.0
  0
ARC
  5
A06
330
67
100
AcDbEntity
  8
DV1_Default
  6
Continuous
 62
     7
 48
25.4
100
AcDbCircle
 10
53.4745426351
 20
43.4190843057
 30
0.0
 40
0.36
100
AcDbArc
 50
270.0
 51
360.0
  0
ARC
  5
A07
330
67
100
AcDbEntity
  8
DV1_Default
  6
Continuous
 62
     7
 48
25.4
100
AcDbCircle
 10
53.4745426351
 20
90.6990843057
 30
0.0
 40
0.3599999999999997
100
AcDbArc
 50
0.0
 51
90.0
  0
ARC
  5
A08
330
67
100
AcDbEntity
  8
DV1_Default
  6
Continuous
 62
     7
 48
25.4
100
AcDbCircle
 10
53.4745426351
 20
90.6990843057
 30
0.0
 40
0.3599999999999964
100
AcDbArc
 50
0.0
 51
90.0
  0
ARC
  5
A09
330
67
100
AcDbEntity
  8
DV1_Default
  6
Continuous
 62
     7
 48
25.4
100
AcDbCircle
 10
51.8345426351
 20
90.6990843057
 30
0.0
 40
0.3599999999999959
100
AcDbArc
 50
90.0
 51
180.0
  0
LINE
  5
A0A
330
67
100
AcDbEntity
  8
DV1_Default
  6
Continuous
 62
     7
 48
25.4
100
AcDbLine
 10
51.4745426351
 20
90.6990843057
 30
0.0
 11
51.4745426351
 21
87.6882011882
 31
0.0
  0
LINE
  5
A0B
330
67
100
AcDbEntity
  8
DV1_Default
  6
Continuous
 62
     7
 48
25.4
100
AcDbLine
 10
51.8345426351
 20
91.0590843057
 30
0.0
 11
53.4745426351
 21
91.0590843057
 31
0.0
  0
LINE
  5
A0C
330
67
100
AcDbEntity
  8
DV1_Default
  6
Continuous
 62
     7
 48
25.4
100
AcDbLine
 10
97.1145426351
 20
90.6990843057
 30
0.0
 11
97.1145426351
 21
86.0590843057
 31
0.0
  0
LINE
  5
A0D
330
67
100
AcDbEntity
  8
DV1_Default
  6
Continuous
 62
     7
 48
25.4
100
AcDbLine
 10
97.1145426351
 20
86.0590843057
 30
0.0
 11
97.1145426351
 21
85.6990843057
 31
0.0
  0
LINE
  5
A0E
330
67
100
AcDbEntity
  8
DV1_Default
  6
Continuous
 62
     7
 48
25.4
100
AcDbLine
 10
97.1145426351
 20
91.0590843057
 30
0.0
 11
97.1145426351
 21
90.6990843057
 31
0.0
  0
LINE
  5
A0F
330
67
100
AcDbEntity
  8
DV1_Default
  6
Continuous
 62
     7
 48
25.4
100
AcDbLine
 10
88.4664030498
 20
48.4190843057
 30
0.0
 11
97.1145426351
 21
48.4190843057
 31
0.0
  0
LINE
  5
A10
330
67
100
AcDbEntity
  8
DV1_Default
  6
Continuous
 62
     7
 48
25.4
100
AcDbLine
 10
97.1145426351
 20
43.0590843057
 30
0.0
 11
97.1145426351
 21
43.4190843057
 31
0.0
  0
LINE
  5
A11
330
67
100
AcDbEntity
  8
DV1_Default
  6
Continuous
 62
     7
 48
25.4
100
AcDbLine
 10
97.1145426351
 20
43.4190843057
 30
0.0
 11
97.1145426351
 21
48.0590843057
 31
0.0
  0
LINE
  5
A12
330
67
100
AcDbEntity
  8
DV1_Default
  6
Continuous
 62
     7
 48
25.4
100
AcDbLine
 10
97.1145426351
 20
48.0590843057
 30
0.0
 11
97.1145426351
 21
48.4190843057
 31
0.0
  0
LINE
  5
A13
330
67
100
AcDbEntity
  8
DV1_Default
  6
Continuous
 62
     7
 48
25.4
100
AcDbLine
 10
99.1145426351
 20
43.0590843057
 30
0.0
 11
97.4745426351
 21
43.0590843057
 31
0.0
  0
ARC
  5
A14
330
67
100
AcDbEntity
  8
DV1_Default
  6
Continuous
 62
     7
 48
25.4
100
AcDbCircle
 10
97.4745426351
 20
43.4190843057
 30
0.0
 40
0.3599999999999959
100
AcDbArc
 50
180.0
 51
270.0
  0
ARC
  5
A15
330
67
100
AcDbEntity
  8
DV1_Default
  6
Continuous
 62
     7
 48
25.4
100
AcDbCircle
 10
99.1145426351
 20
43.4190843057
 30
0.0
 40
0.3599999999999959
100
AcDbArc
 50
270.0
 51
360.0
  0
ARC
  5
A16
330
67
100
AcDbEntity
  8
DV1_Default
  6
Continuous
 62
     7
 48
25.4
100
AcDbCircle
 10
97.4745426351
 20
90.6990843057
 30
0.0
 40
0.3599999999999959
100
AcDbArc
 50
90.0
 51
180.0
  0
LINE
  5
A17
330
67
100
AcDbEntity
  8
DV1_Default
  6
Continuous
 62
     7
 48
25.4
100
AcDbLine
 10
99.4745426351
 20
90.6990843057
 30
0.0
 11
99.4745426351
 21
87.6882011882
 31
0.0
  0
ARC
  5
A18
330
67
100
AcDbEntity
  8
DV1_Default
  6
Continuous
 62
     7
 48
25.4
100
AcDbCircle
 10
99.1145426351
 20
90.6990843057
 30
0.0
 40
0.359999999999987
100
AcDbArc
 50
0.0
 51
90.0
  0
LINE
  5
A19
330
67
100
AcDbEntity
  8
DV1_Default
  6
Continuous
 62
     7
 48
25.4
100
AcDbLine
 10
99.1145426351
 20
91.0590843057
 30
0.0
 11
97.4745426351
 21
91.0590843057
 31
0.0
  0
ARC
  5
A1A
330
67
100
AcDbEntity
  8
DV1_Default
  6
Continuous
 62
     7
 48
25.4
100
AcDbCircle
 10
99.1145426351
 20
43.4190843057
 30
0.0
 40
0.3599999999999998
100
AcDbArc
 50
270.0
 51
360.0
  0
LINE
  5
A1B
330
67
100
AcDbEntity
  8
DV1_Default
  6
Continuous
 62
     7
 48
25.4
100
AcDbLine
 10
99.4745426351
 20
90.6990843057
 30
0.0
 11
99.4745426351
 21
43.4190843057
 31
0.0
  0
LINE
  5
A1C
330
67
100
AcDbEntity
  8
DV1_Default
  6
Continuous
 62
     7
 48
25.4
100
AcDbLine
 10
99.1145426351
 20
43.0590843057
 30
0.0
 11
97.4745426351
 21
43.0590843057
 31
0.0
  0
LINE
  5
A1D
330
67
100
AcDbEntity
  8
DV1_Default
  6
Continuous
 62
     7
 48
25.4
100
AcDbLine
 10
99.1145426351
 20
91.0590843057
 30
0.0
 11
97.4745426351
 21
91.0590843057
 31
0.0
  0
LINE
  5
A1E
330
67
100
AcDbEntity
  8
DV1_Default
  6
Continuous
 62
     7
 48
25.4
100
AcDbLine
 10
97.1145426351
 20
85.6990843057
 30
0.0
 11
97.1145426351
 21
48.4190843057
 31
0.0
  0
ARC
  5
A1F
330
67
100
AcDbEntity
  8
DV1_Default
  6
Continuous
 62
     7
 48
25.4
100
AcDbCircle
 10
97.4745426351
 20
90.6990843057
 30
0.0
 40
0.3599999999999959
100
AcDbArc
 50
90.0
 51
180.0
  0
ARC
  5
A20
330
67
100
AcDbEntity
  8
DV1_Default
  6
Continuous
 62
     7
 48
25.4
100
AcDbCircle
 10
99.1145426351
 20
90.6990843057
 30
0.0
 40
0.359999999999987
100
AcDbArc
 50
0.0
 51
90.0
  0
ARC
  5
A21
330
67
100
AcDbEntity
  8
DV1_Default
  6
Continuous
 62
     7
 48
25.4
100
AcDbCircle
 10
97.4745426351
 20
43.4190843057
 30
0.0
 40
0.3599999999999959
100
AcDbArc
 50
180.0
 51
270.0
  0
LINE
  5
A22
330
67
100
AcDbEntity
  8
DV1_Default
  6
Continuous
 62
     7
 48
25.4
100
AcDbLine
 10
88.4664030498
 20
43.0590843057
 30
0.0
 11
99.8345426351
 21
43.0590843057
 31
0.0
  0
LINE
  5
A23
330
67
100
AcDbEntity
  8
DV1_Default
  6
Continuous
 62
     7
 48
25.4
100
AcDbLine
 10
99.4745426351
 20
43.4190843057
 30
0.0
 11
99.4745426351
 21
90.6990843057
 31
0.0
  0
LINE
  5
A24
330
67
100
AcDbEntity
  8
DV1_Default
  6
Continuous
 62
     7
 48
25.4
100
AcDbLine
 10
99.4745426351
 20
90.6990843057
 30
0.0
 11
99.4745426351
 21
87.6882011882
 31
0.0
  0
LINE
  5
A25
330
67
100
AcDbEntity
  8
DV1_Default
  6
Continuous
 62
     7
 48
25.4
100
AcDbLine
 10
52.6545426351
 20
91.0590843057
 30
0.0
 11
52.6545426351
 21
91.7790843057
 31
0.0
  0
LINE
  5
A26
330
67
100
AcDbEntity
  8
DV1_Default
  6
Continuous
 62
     7
 48
25.4
100
AcDbLine
 10
98.2945426351
 20
91.0590843057
 30
0.0
 11
98.2945426351
 21
91.7790843057
 31
0.0
  0
LINE
  5
A27
330
67
100
AcDbEntity
  8
DV1_Default
  6
Continuous
 62
     7
 48
25.4
100
AcDbLine
 10
52.6545426351
 20
91.7790843057
 30
0.0
 11
98.2945426351
 21
91.7790843057
 31
0.0
  0
LINE
  5
A28
330
67
100
AcDbEntity
  8
DV1_Default
  6
Continuous
 62
     7
 48
25.4
100
AcDbLine
 10
51.4745426351
 20
43.4190843057
 30
0.0
 11
51.4745426351
 21
46.4299674233
 31
0.0
  0
LINE
  5
A29
330
67
100
AcDbEntity
  8
DV1_Default
  6
Continuous
 62
     7
 48
25.4
100
AcDbLine
 10
51.4745426351
 20
90.6990843057
 30
0.0
 11
51.4745426351
 21
43.4190843057
 31
0.0
  0
CIRCLE
  5
A2A
330
67
100
AcDbEntity
  8
DV1_Default
  6
Continuous
 62
     7
 48
25.4
100
AcDbCircle
 10
57.4746920063
 20
88.2590257508
 30
0.0
 40
0.7999999999999831
  0
CIRCLE
  5
A2B
330
67
100
AcDbEntity
  8
DV1_Default
  6
Continuous
 62
     7
 48
25.4
100
AcDbCircle
 10
93.4745432789
 20
88.2590257508
 30
0.0
 40
0.8
  0
CIRCLE
  5
A2C
330
67
100
AcDbEntity
  8
DV1_Default
  6
Continuous
 62
     7
 48
25.4
100
AcDbCircle
 10
57.4746920063
 20
45.8590257508
 30
0.0
 40
0.7999999999999831
  0
CIRCLE
  5
A2D
330
67
100
AcDbEntity
  8
DV1_Default
  6
Continuous
 62
     7
 48
25.4
100
AcDbCircle
 10
93.4745432789
 20
45.8590257508
 30
0.0
 40
0.8
  0
LINE
  5
A2E
330
67
100
AcDbEntity
  8
DV1_Default
  6
Continuous
 62
     7
 48
25.4
100
AcDbLine
 10
53.8345426351
 20
91.0590843057
 30
0.0
 11
53.8345426351
 21
43.0590843057
 31
0.0
  0
LINE
  5
A2F
330
67
100
AcDbEntity
  8
DV1_Default
  6
Continuous
 62
     7
 48
25.4
100
AcDbLine
 10
97.1145426351
 20
85.6990843057
 30
0.0
 11
53.8345426351
 21
85.6990843057
 31
0.0
  0
LINE
  5
A30
330
67
100
AcDbEntity
  8
DV1_Default
  6
Continuous
 62
     7
 48
25.4
100
AcDbLine
 10
97.1145426351
 20
48.4190843057
 30
0.0
 11
53.8345426351
 21
48.4190843057
 31
0.0
  0
LINE
  5
A31
330
67
100
AcDbEntity
  8
DV1_Default
  6
Continuous
 62
     7
 48
25.4
100
AcDbLine
 10
99.1145426351
 20
43.0590843057
 30
0.0
 11
53.8345426351
 21
43.0590843057
 31
0.0
  0
LINE
  5
A32
330
67
100
AcDbEntity
  8
DV1_Default
  6
Continuous
 62
     7
 48
25.4
100
AcDbLine
 10
51.8745426351
 20
40.6590843057
 30
0.0
 11
99.0745426351
 21
40.6590843057
 31
0.0
  0
LINE
  5
A33
330
67
100
AcDbEntity
  8
DV1_Default
  6
Continuous
 62
     7
 48
25.4
100
AcDbLine
 10
53.8345426351
 20
91.0590843057
 30
0.0
 11
99.1145426351
 21
91.0590843057
 31
0.0
  0
LINE
  5
A34
330
67
100
AcDbEntity
  8
DV1_Default
  6
Continuous
 62
     7
 48
25.4
100
AcDbLine
 10
51.8745426351
 20
43.0590843057
 30
0.0
 11
51.8745426351
 21
40.6590843057
 31
0.0
  0
LINE
  5
A35
330
67
100
AcDbEntity
  8
DV1_Default
  6
Continuous
 62
     7
 48
25.4
100
AcDbLine
 10
99.0745426351
 20
43.0590843057
 30
0.0
 11
99.0745426351
 21
40.6590843057
 31
0.0
  0
LINE
  5
A36
330
67
100
AcDbEntity
  8
DV1_Default
  6
Continuous
 62
     7
 48
25.4
100
AcDbLine
 10
51.4745426351
 20
90.6990843057
 30
0.0
 11
51.4745426351
 21
87.6882011882
 31
0.0
  0
LINE
  5
A37
330
67
100
AcDbEntity
  8
DV1_Default
  6
Continuous
 62
     7
 48
25.4
100
AcDbLine
 10
51.4745426351
 20
90.6990843057
 30
0.0
 11
51.4745426351
 21
43.4190843057
 31
0.0
  0
LINE
  5
A38
330
67
100
AcDbEntity
  8
DV1_Default
  6
Continuous
 62
     7
 48
25.4
100
AcDbLine
 10
51.4745426351
 20
43.4190843057
 30
0.0
 11
51.4745426351
 21
90.6990843057
 31
0.0
  0
LINE
  5
A39
330
67
100
AcDbEntity
  8
DV1_Default
  6
Continuous
 62
     7
 48
25.4
100
AcDbLine
 10
51.4745426351
 20
90.6990843057
 30
0.0
 11
51.4745426351
 21
87.6882011882
 31
0.0
  0
LINE
  5
A3A
330
67
100
AcDbEntity
  8
DV1_Default
  6
Continuous
 62
     7
 48
25.4
100
AcDbLine
 10
99.4745426351
 20
43.4190843057
 30
0.0
 11
99.4745426351
 21
46.4299674233
 31
0.0
  0
LINE
  5
A3B
330
67
100
AcDbEntity
  8
DV1_Default
  6
Continuous
 62
     7
 48
25.4
100
AcDbLine
 10
99.4745426351
 20
43.4190843057
 30
0.0
 11
99.4745426351
 21
90.6990843057
 31
0.0
  0
LINE
  5
A3C
330
67
100
AcDbEntity
  8
DV1_Default
  6
Continuous
 62
     7
 48
25.4
100
AcDbLine
 10
99.4745426351
 20
90.6990843057
 30
0.0
 11
99.4745426351
 21
87.6882011882
 31
0.0
  0
LINE
  5
A3D
330
67
100
AcDbEntity
  8
DV1_Default
  6
Continuous
 62
     7
 48
25.4
100
AcDbLine
 10
99.4745426351
 20
43.4190843057
 30
0.0
 11
99.4745426351
 21
46.4299674233
 31
0.0
  0
LINE
  5
A3E
330
67
100
AcDbEntity
  8
DV1_Default
  6
Continuous
 62
     7
 48
25.4
100
AcDbLine
 10
99.4745426351
 20
90.6990843057
 30
0.0
 11
99.4745426351
 21
43.4190843057
 31
0.0
  0
LINE
  5
A40
330
67
100
AcDbEntity
  8
DV1_Default
  6
CENTER2
 62
     7
 48
25.4
100
AcDbLine
 10
57.4746920063
 20
90.0789045108
 30
0.0
 11
57.4746920063
 21
43.8132694055
 31
0.0
  0
LINE
  5
A41
330
67
100
AcDbEntity
  8
DV1_Default
  6
CENTER2
 62
     7
 48
25.4
100
AcDbLine
 10
93.4745432789
 20
90.0789045108
 30
0.0
 11
93.4745432789
 21
43.8132694055
 31
0.0
  0
LINE
  5
A42
330
67
100
AcDbEntity
  8
DV1_Default
  6
CENTER2
 62
     7
 48
25.4
100
AcDbLine
 10
56.6746920063
 20
88.2590257508
 30
0.0
 11
96.5505070252
 21
88.2590257508
 31
0.0
  0
LINE
  5
A43
330
67
100
AcDbEntity
  8
DV1_Default
  6
CENTER2
 62
     7
 48
25.4
100
AcDbLine
 10
56.6746920063
 20
45.8590257508
 30
0.0
 11
95.7567361253
 21
45.8590257508
 31
0.0
  0
LINE
  5
A44
330
67
100
AcDbEntity
  8
DV1_Default
  6
Continuous
 62
     7
 48
25.4
100
AcDbLine
 10
51.4745426351
 20
282.3841452482
 30
0.0
 11
50.7545426351
 21
282.3841452482
 31
0.0
  0
LINE
  5
A45
330
67
100
AcDbEntity
  8
DV1_Default
  6
Continuous
 62
     7
 48
25.4
100
AcDbLine
 10
50.7545426351
 20
282.3841452482
 30
0.0
 11
50.7545426351
 21
107.1041452482
 31
0.0
  0
LINE
  5
A46
330
67
100
AcDbEntity
  8
DV1_Default
  6
Continuous
 62
     7
 48
25.4
100
AcDbLine
 10
51.4745426351
 20
107.1041452482
 30
0.0
 11
50.7545426351
 21
107.1041452482
 31
0.0
  0
LINE
  5
A47
330
67
100
AcDbEntity
  8
DV1_Default
  6
Continuous
 62
     7
 48
25.4
100
AcDbLine
 10
51.4745426351
 20
90.6990843057
 30
0.0
 11
50.7545426351
 21
90.6990843057
 31
0.0
  0
LINE
  5
A48
330
67
100
AcDbEntity
  8
DV1_Default
  6
Continuous
 62
     7
 48
25.4
100
AcDbLine
 10
50.7545426351
 20
90.6990843057
 30
0.0
 11
50.7545426351
 21
43.4190843057
 31
0.0
  0
LINE
  5
A49
330
67
100
AcDbEntity
  8
DV1_Default
  6
Continuous
 62
     7
 48
25.4
100
AcDbLine
 10
51.4745426351
 20
43.4190843057
 30
0.0
 11
50.7545426351
 21
43.4190843057
 31
0.0
  0
ENDBLK
  5
A4B
330
67
100
AcDbEntity
  8
0
100
AcDbBlockEnd
  0
BLOCK
  5
A4F
330
A4C
100
AcDbEntity
  8
0
100
AcDbBlockBegin
  2
_SE_FILLED
 70
     0
 71
     0
 10
0.0
 20
0.0
 30
0.0
  3
_SE_FILLED
  1

  0
SOLID
  5
A4D
330
A4C
100
AcDbEntity
  8
0
100
AcDbTrace
 10
0.0
 20
0.0
 30
0.0
 11
-1.0
 21
-0.1665
 31
0.0
 12
-1.0
 22
0.1665
 32
0.0
 13
0.0
 23
0.0
 33
0.0
  0
LINE
  5
A4E
330
A4C
100
AcDbEntity
  8
0
100
AcDbLine
 10
0.0
 20
0.0
 30
0.0
 11
-1.0
 21
0.0
 31
0.0
  0
ENDBLK
  5
A50
330
A4C
100
AcDbEntity
  8
0
100
AcDbBlockEnd
  0
BLOCK
  5
A5D
330
A54
100
AcDbEntity
  8
0
100
AcDbBlockBegin
  2
DMBLK81
 70
     0
 71
     0
 10
0.0
 20
0.0
 30
0.0
  3
DMBLK81
  1

  0
HATCH
  5
A55
330
A54
100
AcDbEntity
  8
Default
  6
Continuous
 62
     7
 48
25.4
100
AcDbHatch
 10
0.0
 20
0.0
 30
0.0
210
0.0
220
0.0
230
1.0
  2
SOLID
 70
     1
 71
     0
 91
        1
 92
        1
 93
        3
 72
     1
 10
41.41407464154817
 20
108.7441453432442
 11
41.74740799071399
 21
106.7441452482493
 72
     1
 10
41.74740799071399
 20
106.7441452482493
 11
42.08074133987981
 21
108.7441453432442
 72
     1
 10
42.08074133987981
 20
108.7441453432442
 11
41.41407464154817
 21
108.7441453432442
 97
        0
 75
     0
 76
     1
 98
        0
  0
LWPOLYLINE
  5
A56
330
A54
100
AcDbEntity
  8
Default
  6
Continuous
 62
     7
 48
25.4
370
    13
100
AcDbPolyline
 90
        4
 70
     1
 43
0.00015
 10
41.4140746415
 20
108.7441453432
 10
41.7474079907
 20
106.7441452482
 10
42.0807413399
 20
108.7441453432
 10
41.4140746415
 20
108.7441453432
  0
HATCH
  5
A57
330
A54
100
AcDbEntity
  8
Default
  6
Continuous
 62
     7
 48
25.4
100
AcDbHatch
 10
0.0
 20
0.0
 30
0.0
210
0.0
220
0.0
230
1.0
  2
SOLID
 70
     1
 71
     0
 91
        1
 92
        1
 93
        3
 72
     1
 10
41.41407464154817
 20
280.7441292984189
 11
42.08074133987981
 21
280.7441292984189
 72
     1
 10
42.08074133987981
 20
280.7441292984189
 11
41.74740799071399
 21
282.7441293934138
 72
     1
 10
41.74740799071399
 20
282.7441293934138
 11
41.41407464154817
 21
280.7441292984189
 97
        0
 75
     0
 76
     1
 98
        0
  0
LWPOLYLINE
  5
A58
330
A54
100
AcDbEntity
  8
Default
  6
Continuous
 62
     7
 48
25.4
370
    13
100
AcDbPolyline
 90
        4
 70
     1
 43
0.00015
 10
41.4140746415
 20
280.7441292984
 10
41.7474079907
 20
282.7441293934
 10
42.0807413399
 20
280.7441292984
 10
41.4140746415
 20
280.7441292984
  0
LINE
  5
A59
330
A54
100
AcDbEntity
  8
Default
  6
Continuous
 62
     7
 48
25.4
100
AcDbLine
 10
53.8345426351
 20
106.7441452482
 30
0.0
 11
40.7474079432
 21
106.7441452482
 31
0.0
  0
LINE
  5
A5A
330
A54
100
AcDbEntity
  8
Default
  6
Continuous
 62
     7
 48
25.4
100
AcDbLine
 10
51.8319663847
 20
282.74413603
 30
0.0
 11
40.7474079432
 21
282.74413603
 31
0.0
  0
LINE
  5
A5B
330
A54
100
AcDbEntity
  8
Default
  6
Continuous
 62
     7
 48
25.4
100
AcDbLine
 10
41.7474079907
 20
106.7441452482
 30
0.0
 11
41.7474079907
 21
282.7441293934
 31
0.0
  0
TEXT
  5
A5C
330
A54
100
AcDbEntity
  8
Default
  6
Continuous
 62
     7
 48
25.4
100
AcDbText
 10
41.2474079907
 20
192.3350464117
 30
0.0
 40
2.0
  1
2200
 50
90.0
  7
SEACAD_seiso_ttf
 11
39.2474079907
 21
192.3350464117
 31
0.0
100
AcDbText
 73
     3
  0
ENDBLK
  5
A5E
330
A54
100
AcDbEntity
  8
0
100
AcDbBlockEnd
  0
BLOCK
  5
A69
330
A60
100
AcDbEntity
  8
0
100
AcDbBlockBegin
  2
DMBLK82
 70
     0
 71
     0
 10
0.0
 20
0.0
 30
0.0
  3
DMBLK82
  1

  0
HATCH
  5
A61
330
A60
100
AcDbEntity
  8
Default
  6
Continuous
 62
     7
 48
25.4
100
AcDbHatch
 10
0.0
 20
0.0
 30
0.0
210
0.0
220
0.0
230
1.0
  2
SOLID
 70
     1
 71
     0
 91
        1
 92
        1
 93
        3
 72
     1
 10
53.47454273009808
 20
101.1829444379387
 11
53.47454273009808
 21
101.8496111362703
 72
     1
 10
53.47454273009808
 20
101.8496111362703
 11
51.47454263510318
 21
101.5162777871045
 72
     1
 10
51.47454263510318
 20
101.5162777871045
 11
53.47454273009808
 21
101.1829444379387
 97
        0
 75
     0
 76
     1
 98
        0
  0
LWPOLYLINE
  5
A62
330
A60
100
AcDbEntity
  8
Default
  6
Continuous
 62
     7
 48
25.4
370
    13
100
AcDbPolyline
 90
        4
 70
     1
 43
0.00015
 10
53.4745427301
 20
101.1829444379
 10
51.4745426351
 20
101.5162777871
 10
53.4745427301
 20
101.8496111363
 10
53.4745427301
 20
101.1829444379
  0
HATCH
  5
A63
330
A60
100
AcDbEntity
  8
Default
  6
Continuous
 62
     7
 48
25.4
100
AcDbHatch
 10
0.0
 20
0.0
 30
0.0
210
0.0
220
0.0
230
1.0
  2
SOLID
 70
     1
 71
     0
 91
        1
 92
        1
 93
        3
 72
     1
 10
97.47454295734079
 20
101.1829444379387
 11
99.47454305233569
 21
101.5162777871045
 72
     1
 10
99.47454305233569
 20
101.5162777871045
 11
97.47454295734079
 21
101.8496111362703
 72
     1
 10
97.47454295734079
 20
101.8496111362703
 11
97.47454295734079
 21
101.1829444379387
 97
        0
 75
     0
 76
     1
 98
        0
  0
LWPOLYLINE
  5
A64
330
A60
100
AcDbEntity
  8
Default
  6
Continuous
 62
     7
 48
25.4
370
    13
100
AcDbPolyline
 90
        4
 70
     1
 43
0.00015
 10
97.4745429573
 20
101.1829444379
 10
99.4745430523
 20
101.5162777871
 10
97.4745429573
 20
101.8496111363
 10
97.4745429573
 20
101.1829444379
  0
LINE
  5
A65
330
A60
100
AcDbEntity
  8
Default
  6
Continuous
 62
     7
 48
25.4
100
AcDbLine
 10
51.4745426351
 20
107.1041452482
 30
0.0
 11
51.4745426351
 21
100.5162777396
 31
0.0
  0
LINE
  5
A66
330
A60
100
AcDbEntity
  8
Default
  6
Continuous
 62
     7
 48
25.4
100
AcDbLine
 10
99.4745426351
 20
107.1041451369
 30
0.0
 11
99.4745426351
 21
100.5162777396
 31
0.0
  0
LINE
  5
A67
330
A60
100
AcDbEntity
  8
Default
  6
Continuous
 62
     7
 48
25.4
100
AcDbLine
 10
51.4745426351
 20
101.5162777871
 30
0.0
 11
99.4745430523
 21
101.5162777871
 31
0.0
  0
TEXT
  5
A68
330
A60
100
AcDbEntity
  8
Default
  6
Continuous
 62
     7
 48
25.4
100
AcDbText
 10
73.6790882983
 20
102.0162777871
 30
0.0
 40
2.0
  1
600
  7
SEACAD_seiso_ttf
 11
73.6790882983
 21
104.0162777871
 31
0.0
100
AcDbText
 73
     3
  0
ENDBLK
  5
A6A
330
A60
100
AcDbEntity
  8
0
100
AcDbBlockEnd
  0
BLOCK
  5
A75
330
A6C
100
AcDbEntity
  8
0
100
AcDbBlockBegin
  2
DMBLK83
 70
     0
 71
     0
 10
0.0
 20
0.0
 30
0.0
  3
DMBLK83
  1

  0
HATCH
  5
A6D
330
A6C
100
AcDbEntity
  8
Default
  6
Continuous
 62
     7
 48
25.4
100
AcDbHatch
 10
0.0
 20
0.0
 30
0.0
210
0.0
220
0.0
230
1.0
  2
SOLID
 70
     1
 71
     0
 91
        1
 92
        1
 93
        3
 72
     1
 10
41.27109799989322
 20
89.05908421072374
 11
41.93776469822486
 21
89.05908421072374
 72
     1
 10
41.93776469822486
 20
89.05908421072374
 11
41.60443134905904
 21
91.05908430571864
 72
     1
 10
41.60443134905904
 20
91.05908430571864
 11
41.27109799989322
 21
89.05908421072374
 97
        0
 75
     0
 76
     1
 98
        0
  0
LWPOLYLINE
  5
A6E
330
A6C
100
AcDbEntity
  8
Default
  6
Continuous
 62
     7
 48
25.4
370
    13
100
AcDbPolyline
 90
        4
 70
     1
 43
0.00015
 10
41.2710979999
 20
89.0590842107
 10
41.6044313491
 20
91.0590843057
 10
41.9377646982
 20
89.0590842107
 10
41.2710979999
 20
89.0590842107
  0
HATCH
  5
A6F
330
A6C
100
AcDbEntity
  8
Default
  6
Continuous
 62
     7
 48
25.4
100
AcDbHatch
 10
0.0
 20
0.0
 30
0.0
210
0.0
220
0.0
230
1.0
  2
SOLID
 70
     1
 71
     0
 91
        1
 92
        1
 93
        3
 72
     1
 10
41.27109799989322
 20
45.05908398348103
 11
41.60443134905904
 21
43.05908388848613
 72
     1
 10
41.60443134905904
 20
43.05908388848613
 11
41.93776469822486
 21
45.05908398348103
 72
     1
 10
41.93776469822486
 20
45.05908398348103
 11
41.27109799989322
 21
45.05908398348103
 97
        0
 75
     0
 76
     1
 98
        0
  0
LWPOLYLINE
  5
A70
330
A6C
100
AcDbEntity
  8
Default
  6
Continuous
 62
     7
 48
25.4
370
    13
100
AcDbPolyline
 90
        4
 70
     1
 43
0.00015
 10
41.2710979999
 20
45.0590839835
 10
41.6044313491
 20
43.0590838885
 10
41.9377646982
 20
45.0590839835
 10
41.2710979999
 20
45.0590839835
  0
LINE
  5
A71
330
A6C
100
AcDbEntity
  8
Default
  6
Continuous
 62
     7
 48
25.4
100
AcDbLine
 10
53.8345426351
 20
91.0590843057
 30
0.0
 11
40.6044313016
 21
91.0590843057
 31
0.0
  0
LINE
  5
A72
330
A6C
100
AcDbEntity
  8
Default
  6
Continuous
 62
     7
 48
25.4
100
AcDbLine
 10
53.8345426351
 20
43.0590843057
 30
0.0
 11
40.6044313016
 21
43.0590843057
 31
0.0
  0
LINE
  5
A73
330
A6C
100
AcDbEntity
  8
Default
  6
Continuous
 62
     7
 48
25.4
100
AcDbLine
 10
41.6044313491
 20
91.0590843057
 30
0.0
 11
41.6044313491
 21
43.0590838885
 31
0.0
  0
TEXT
  5
A74
330
A6C
100
AcDbEntity
  8
Default
  6
Continuous
 62
     7
 48
25.4
100
AcDbText
 10
41.1044313491
 20
65.2636295516
 30
0.0
 40
2.0
  1
600
 50
90.0
  7
SEACAD_seiso_ttf
 11
39.1044313491
 21
65.2636295516
 31
0.0
100
AcDbText
 73
     3
  0
ENDBLK
  5
A76
330
A6C
100
AcDbEntity
  8
0
100
AcDbBlockEnd
  0
BLOCK
  5
A81
330
A78
100
AcDbEntity
  8
0
100
AcDbBlockBegin
  2
DMBLK84
 70
     0
 71
     0
 10
0.0
 20
0.0
 30
0.0
  3
DMBLK84
  1

  0
HATCH
  5
A79
330
A78
100
AcDbEntity
  8
Default
  6
Continuous
 62
     7
 48
25.4
100
AcDbHatch
 10
0.0
 20
0.0
 30
0.0
210
0.0
220
0.0
230
1.0
  2
SOLID
 70
     1
 71
     0
 91
        1
 92
        1
 93
        3
 72
     1
 10
46.03577188251558
 20
86.25902565577448
 11
46.70243858084722
 21
86.25902565577448
 72
     1
 10
46.70243858084722
 20
86.25902565577448
 11
46.3691052316814
 21
88.25902575076938
 72
     1
 10
46.3691052316814
 20
88.25902575076938
 11
46.03577188251558
 21
86.25902565577448
 97
        0
 75
     0
 76
     1
 98
        0
  0
LWPOLYLINE
  5
A7A
330
A78
100
AcDbEntity
  8
Default
  6
Continuous
 62
     7
 48
25.4
370
    13
100
AcDbPolyline
 90
        4
 70
     1
 43
0.00015
 10
46.0357718825
 20
86.2590256558
 10
46.3691052317
 20
88.2590257508
 10
46.7024385808
 20
86.2590256558
 10
46.0357718825
 20
86.2590256558
  0
HATCH
  5
A7B
330
A78
100
AcDbEntity
  8
Default
  6
Continuous
 62
     7
 48
25.4
100
AcDbHatch
 10
0.0
 20
0.0
 30
0.0
210
0.0
220
0.0
230
1.0
  2
SOLID
 70
     1
 71
     0
 91
        1
 92
        1
 93
        3
 72
     1
 10
46.03577188251558
 20
93.05908440071354
 11
46.3691052316814
 21
91.05908430571864
 72
     1
 10
46.3691052316814
 20
91.05908430571864
 11
46.70243858084722
 21
93.05908440071354
 72
     1
 10
46.70243858084722
 20
93.05908440071354
 11
46.03577188251558
 21
93.05908440071354
 97
        0
 75
     0
 76
     1
 98
        0
  0
LWPOLYLINE
  5
A7C
330
A78
100
AcDbEntity
  8
Default
  6
Continuous
 62
     7
 48
25.4
370
    13
100
AcDbPolyline
 90
        4
 70
     1
 43
0.00015
 10
46.0357718825
 20
93.0590844007
 10
46.3691052317
 20
91.0590843057
 10
46.7024385808
 20
93.0590844007
 10
46.0357718825
 20
93.0590844007
  0
LINE
  5
A7D
330
A78
100
AcDbEntity
  8
Default
  6
Continuous
 62
     7
 48
25.4
100
AcDbLine
 10
57.4746920063
 20
88.2590257508
 30
0.0
 11
45.3691051842
 21
88.2590257508
 31
0.0
  0
LINE
  5
A7E
330
A78
100
AcDbEntity
  8
Default
  6
Continuous
 62
     7
 48
25.4
100
AcDbLine
 10
53.8345426351
 20
91.0590843057
 30
0.0
 11
45.3691051842
 21
91.0590843057
 31
0.0
  0
LINE
  5
A7F
330
A78
100
AcDbEntity
  8
Default
  6
Continuous
 62
     7
 48
25.4
100
AcDbLine
 10
46.3691052317
 20
84.2590255608
 30
0.0
 11
46.3691052317
 21
95.0590845142
 31
0.0
  0
TEXT
  5
A80
330
A78
100
AcDbEntity
  8
Default
  6
Continuous
 62
     7
 48
25.4
100
AcDbText
 10
45.8691052317
 20
88.5681459466
 30
0.0
 40
2.0
  1
35
 50
90.0
  7
SEACAD_seiso_ttf
 11
43.8691052317
 21
88.5681459466
 31
0.0
100
AcDbText
 73
     3
  0
ENDBLK
  5
A82
330
A78
100
AcDbEntity
  8
0
100
AcDbBlockEnd
  0
BLOCK
  5
A8D
330
A84
100
AcDbEntity
  8
0
100
AcDbBlockBegin
  2
DMBLK85
 70
     0
 71
     0
 10
0.0
 20
0.0
 30
0.0
  3
DMBLK85
  1

  0
HATCH
  5
A85
330
A84
100
AcDbEntity
  8
Default
  6
Continuous
 62
     7
 48
25.4
100
AcDbHatch
 10
0.0
 20
0.0
 30
0.0
210
0.0
220
0.0
230
1.0
  2
SOLID
 70
     1
 71
     0
 91
        1
 92
        1
 93
        3
 72
     1
 10
45.51787271199766
 20
47.85902584576421
 11
45.85120606116348
 21
45.85902575076931
 72
     1
 10
45.85120606116348
 20
45.85902575076931
 11
46.1845394103293
 21
47.85902584576421
 72
     1
 10
46.1845394103293
 20
47.85902584576421
 11
45.51787271199766
 21
47.85902584576421
 97
        0
 75
     0
 76
     1
 98
        0
  0
LWPOLYLINE
  5
A86
330
A84
100
AcDbEntity
  8
Default
  6
Continuous
 62
     7
 48
25.4
370
    13
100
AcDbPolyline
 90
        4
 70
     1
 43
0.00015
 10
45.517872712
 20
47.8590258458
 10
45.8512060612
 20
45.8590257508
 10
46.1845394103
 20
47.8590258458
 10
45.517872712
 20
47.8590258458
  0
HATCH
  5
A87
330
A84
100
AcDbEntity
  8
Default
  6
Continuous
 62
     7
 48
25.4
100
AcDbHatch
 10
0.0
 20
0.0
 30
0.0
210
0.0
220
0.0
230
1.0
  2
SOLID
 70
     1
 71
     0
 91
        1
 92
        1
 93
        3
 72
     1
 10
45.51787271199766
 20
41.05908421072371
 11
46.1845394103293
 21
41.05908421072371
 72
     1
 10
46.1845394103293
 20
41.05908421072371
 11
45.85120606116348
 21
43.05908430571861
 72
     1
 10
45.85120606116348
 20
43.05908430571861
 11
45.51787271199766
 21
41.05908421072371
 97
        0
 75
     0
 76
     1
 98
        0
  0
LWPOLYLINE
  5
A88
330
A84
100
AcDbEntity
  8
Default
  6
Continuous
 62
     7
 48
25.4
370
    13
100
AcDbPolyline
 90
        4
 70
     1
 43
0.00015
 10
45.517872712
 20
41.0590842107
 10
45.8512060612
 20
43.0590843057
 10
46.1845394103
 20
41.0590842107
 10
45.517872712
 20
41.0590842107
  0
LINE
  5
A89
330
A84
100
AcDbEntity
  8
Default
  6
Continuous
 62
     7
 48
25.4
100
AcDbLine
 10
57.4746920063
 20
45.8590257508
 30
0.0
 11
44.8512060137
 21
45.8590257508
 31
0.0
  0
LINE
  5
A8A
330
A84
100
AcDbEntity
  8
Default
  6
Continuous
 62
     7
 48
25.4
100
AcDbLine
 10
53.8345426351
 20
43.0590843057
 30
0.0
 11
44.8512060137
 21
43.0590843057
 31
0.0
  0
LINE
  5
A8B
330
A84
100
AcDbEntity
  8
Default
  6
Continuous
 62
     7
 48
25.4
100
AcDbLine
 10
45.8512060612
 20
49.8590259408
 30
0.0
 11
45.8512060612
 21
39.0590843339
 31
0.0
  0
TEXT
  5
A8C
330
A84
100
AcDbEntity
  8
Default
  6
Continuous
 62
     7
 48
25.4
100
AcDbText
 10
45.3512060612
 20
43.36814593
 30
0.0
 40
2.0
  1
35
 50
90.0
  7
SEACAD_seiso_ttf
 11
43.3512060612
 21
43.36814593
 31
0.0
100
AcDbText
 73
     3
  0
ENDBLK
  5
A8E
330
A84
100
AcDbEntity
  8
0
100
AcDbBlockEnd
  0
BLOCK
  5
A99
330
A90
100
AcDbEntity
  8
0
100
AcDbBlockBegin
  2
DMBLK86
 70
     0
 71
     0
 10
0.0
 20
0.0
 30
0.0
  3
DMBLK86
  1

  0
HATCH
  5
A91
330
A90
100
AcDbEntity
  8
Default
  6
Continuous
 62
     7
 48
25.4
100
AcDbHatch
 10
0.0
 20
0.0
 30
0.0
210
0.0
220
0.0
230
1.0
  2
SOLID
 70
     1
 71
     0
 91
        1
 92
        1
 93
        3
 72
     1
 10
53.47454273009816
 20
95.03343851365457
 11
51.47454263510326
 21
94.70010516448876
 72
     1
 10
51.47454263510326
 20
94.70010516448876
 11
53.47454273009816
 21
94.36677181532295
 72
     1
 10
53.47454273009816
 20
94.36677181532295
 11
53.47454273009816
 21
95.03343851365457
 97
        0
 75
     0
 76
     1
 98
        0
  0
LWPOLYLINE
  5
A92
330
A90
100
AcDbEntity
  8
Default
  6
Continuous
 62
     7
 48
25.4
370
    13
100
AcDbPolyline
 90
        4
 70
     1
 43
0.00015
 10
53.4745427301
 20
95.0334385137
 10
51.4745426351
 20
94.7001051645
 10
53.4745427301
 20
94.3667718153
 10
53.4745427301
 20
95.0334385137
  0
HATCH
  5
A93
330
A90
100
AcDbEntity
  8
Default
  6
Continuous
 62
     7
 48
25.4
100
AcDbHatch
 10
0.0
 20
0.0
 30
0.0
210
0.0
220
0.0
230
1.0
  2
SOLID
 70
     1
 71
     0
 91
        1
 92
        1
 93
        3
 72
     1
 10
55.47469206953565
 20
95.03343851365457
 11
55.47469206953565
 21
94.36677181532295
 72
     1
 10
55.47469206953565
 20
94.36677181532295
 11
57.47469216453055
 21
94.70010516448876
 72
     1
 10
57.47469216453055
 20
94.70010516448876
 11
55.47469206953565
 21
95.03343851365457
 97
        0
 75
     0
 76
     1
 98
        0
  0
LWPOLYLINE
  5
A94
330
A90
100
AcDbEntity
  8
Default
  6
Continuous
 62
     7
 48
25.4
370
    13
100
AcDbPolyline
 90
        4
 70
     1
 43
0.00015
 10
55.4746920695
 20
95.0334385137
 10
57.4746921645
 20
94.7001051645
 10
55.4746920695
 20
94.3667718153
 10
55.4746920695
 20
95.0334385137
  0
LINE
  5
A95
330
A90
100
AcDbEntity
  8
Default
  6
Continuous
 62
     7
 48
25.4
100
AcDbLine
 10
51.4745426351
 20
89.1936427469
 30
0.0
 11
51.4745426351
 21
95.700105212
 31
0.0
  0
LINE
  5
A96
330
A90
100
AcDbEntity
  8
Default
  6
Continuous
 62
     7
 48
25.4
100
AcDbLine
 10
57.4746920063
 20
88.2590257508
 30
0.0
 11
57.4746920063
 21
95.700105212
 31
0.0
  0
LINE
  5
A97
330
A90
100
AcDbEntity
  8
Default
  6
Continuous
 62
     7
 48
25.4
100
AcDbLine
 10
51.4745426351
 20
94.7001051645
 30
0.0
 11
57.4746921645
 21
94.7001051645
 31
0.0
  0
TEXT
  5
A98
330
A90
100
AcDbEntity
  8
Default
  6
Continuous
 62
     7
 48
25.4
100
AcDbText
 10
53.2700719453
 20
95.2001051645
 30
0.0
 40
2.0
  1
75
  7
SEACAD_seiso_ttf
 11
53.2700719453
 21
97.2001051645
 31
0.0
100
AcDbText
 73
     3
  0
ENDBLK
  5
A9A
330
A90
100
AcDbEntity
  8
0
100
AcDbBlockEnd
  0
BLOCK
  5
AA5
330
A9C
100
AcDbEntity
  8
0
100
AcDbBlockBegin
  2
DMBLK87
 70
     0
 71
     0
 10
0.0
 20
0.0
 30
0.0
  3
DMBLK87
  1

  0
HATCH
  5
A9D
330
A9C
100
AcDbEntity
  8
Default
  6
Continuous
 62
     7
 48
25.4
100
AcDbHatch
 10
0.0
 20
0.0
 30
0.0
210
0.0
220
0.0
230
1.0
  2
SOLID
 70
     1
 71
     0
 91
        1
 92
        1
 93
        3
 72
     1
 10
95.47454337391142
 20
95.24059831390848
 11
93.47454327891651
 21
94.90726496474267
 72
     1
 10
93.47454327891651
 20
94.90726496474267
 11
95.47454337391142
 21
94.57393161557685
 72
     1
 10
95.47454337391142
 20
94.57393161557685
 11
95.47454337391142
 21
95.24059831390848
 97
        0
 75
     0
 76
     1
 98
        0
  0
LWPOLYLINE
  5
A9E
330
A9C
100
AcDbEntity
  8
Default
  6
Continuous
 62
     7
 48
25.4
370
    13
100
AcDbPolyline
 90
        4
 70
     1
 43
0.00015
 10
95.4745433739
 20
95.2405983139
 10
93.4745432789
 20
94.9072649647
 10
95.4745433739
 20
94.5739316156
 10
95.4745433739
 20
95.2405983139
  0
HATCH
  5
A9F
330
A9C
100
AcDbEntity
  8
Default
  6
Continuous
 62
     7
 48
25.4
100
AcDbHatch
 10
0.0
 20
0.0
 30
0.0
210
0.0
220
0.0
230
1.0
  2
SOLID
 70
     1
 71
     0
 91
        1
 92
        1
 93
        3
 72
     1
 10
97.47454277041439
 20
95.24059831390848
 11
97.47454277041439
 21
94.57393161557685
 72
     1
 10
97.47454277041439
 20
94.57393161557685
 11
99.47454286540929
 21
94.90726496474267
 72
     1
 10
99.47454286540929
 20
94.90726496474267
 11
97.47454277041439
 21
95.24059831390848
 97
        0
 75
     0
 76
     1
 98
        0
  0
LWPOLYLINE
  5
AA0
330
A9C
100
AcDbEntity
  8
Default
  6
Continuous
 62
     7
 48
25.4
370
    13
100
AcDbPolyline
 90
        4
 70
     1
 43
0.00015
 10
97.4745427704
 20
95.2405983139
 10
99.4745428654
 20
94.9072649647
 10
97.4745427704
 20
94.5739316156
 10
97.4745427704
 20
95.2405983139
  0
LINE
  5
AA1
330
A9C
100
AcDbEntity
  8
Default
  6
Continuous
 62
     7
 48
25.4
100
AcDbLine
 10
93.4745432789
 20
88.2590257508
 30
0.0
 11
93.4745432789
 21
95.9072650122
 31
0.0
  0
LINE
  5
AA2
330
A9C
100
AcDbEntity
  8
Default
  6
Continuous
 62
     7
 48
25.4
100
AcDbLine
 10
99.4745426351
 20
90.6990843057
 30
0.0
 11
99.4745426351
 21
95.9072650122
 31
0.0
  0
LINE
  5
AA3
330
A9C
100
AcDbEntity
  8
Default
  6
Continuous
 62
     7
 48
25.4
100
AcDbLine
 10
93.4745432789
 20
94.9072649647
 30
0.0
 11
99.4745428654
 21
94.9072649647
 31
0.0
  0
TEXT
  5
AA4
330
A9C
100
AcDbEntity
  8
Default
  6
Continuous
 62
     7
 48
25.4
100
AcDbText
 10
95.2699976176
 20
95.4072649647
 30
0.0
 40
2.0
  1
75
  7
SEACAD_seiso_ttf
 11
95.2699976176
 21
97.4072649647
 31
0.0
100
AcDbText
 73
     3
  0
ENDBLK
  5
AA6
330
A9C
100
AcDbEntity
  8
0
100
AcDbBlockEnd
  0
BLOCK
  5
AB2
330
AA9
100
AcDbEntity
  8
0
100
AcDbBlockBegin
  2
DMBLK88
 70
     0
 71
     0
 10
0.0
 20
0.0
 30
0.0
  3
DMBLK88
  1

  0
LINE
  5
AAA
330
AA9
100
AcDbEntity
  8
Default
  6
Continuous
 62
     7
 48
25.4
100
AcDbLine
 10
97.02943032
 20
42.6336916674
 30
0.0
 11
92.8820621588
 21
46.3965813829
 31
0.0
  0
LINE
  5
AAB
330
AA9
100
AcDbEntity
  8
Default
  6
Continuous
 62
     7
 48
25.4
100
AcDbLine
 10
92.8820621289
 20
46.3965814101
 30
0.0
 11
83.3741598567
 21
55.0230612126
 31
0.0
  0
HATCH
  5
AAC
330
AA9
100
AcDbEntity
  8
Default
  6
Continuous
 62
     7
 48
25.4
100
AcDbHatch
 10
0.0
 20
0.0
 30
0.0
210
0.0
220
0.0
230
1.0
  2
SOLID
 70
     1
 71
     0
 91
        1
 92
        1
 93
        3
 72
     1
 10
95.32424583912035
 20
43.73071372185697
 11
95.77220890980206
 21
44.22444803702032
 72
     1
 10
95.77220890980206
 20
44.22444803702032
 11
94.06702442897117
 21
45.32147009148377
 72
     1
 10
94.06702442897118
 20
45.32147009148377
 11
95.32424583912037
 21
43.73071372185697
 97
        0
 75
     0
 76
     1
 98
        0
  0
LWPOLYLINE
  5
AAD
330
AA9
100
AcDbEntity
  8
Default
  6
Continuous
 62
     7
 48
25.4
370
    13
100
AcDbPolyline
 90
        4
 70
     1
 43
0.00015
 10
95.3242458391
 20
43.7307137219
 10
94.067024429
 20
45.3214700915
 10
95.7722089098
 20
44.224448037
 10
95.3242458391
 20
43.7307137219
  0
HATCH
  5
AAE
330
AA9
100
AcDbEntity
  8
Default
  6
Continuous
 62
     7
 48
25.4
100
AcDbHatch
 10
0.0
 20
0.0
 30
0.0
210
0.0
220
0.0
230
1.0
  2
SOLID
 70
     1
 71
     0
 91
        1
 92
        1
 93
        3
 72
     1
 10
91.17687764803095
 20
47.49360346451829
 11
92.88206212886185
 21
46.39658141005484
 72
     1
 10
92.88206212886183
 20
46.39658141005484
 11
91.62484071871265
 21
47.98733777968165
 72
     1
 10
91.62484071871266
 20
47.98733777968165
 11
91.17687764803095
 21
47.49360346451829
 97
        0
 75
     0
 76
     1
 98
        0
  0
LWPOLYLINE
  5
AAF
330
AA9
100
AcDbEntity
  8
Default
  6
Continuous
 62
     7
 48
25.4
370
    13
100
AcDbPolyline
 90
        4
 70
     1
 43
0.00015
 10
91.176877648
 20
47.4936034645
 10
92.8820621289
 20
46.3965814101
 10
91.6248407187
 20
47.9873377797
 10
91.176877648
 20
47.4936034645
  0
TEXT
  5
AB0
330
AA9
100
AcDbEntity
  8
Default
  6
Continuous
 62
     7
 48
25.4
100
AcDbText
 10
84.2285526375
 20
54.9230011945
 30
0.0
 40
2.0
  1
O
 50
317.782674051
  7
SEACAD_semeci1_ttf
 11
85.5724417857
 21
56.4042040697
 31
0.0
100
AcDbText
 73
     3
  0
TEXT
  5
AB1
330
AA9
100
AcDbEntity
  8
Default
  6
Continuous
 62
     7
 48
25.4
100
AcDbText
 10
86.7666487432
 20
52.6201972567
 30
0.0
 40
2.0
  1
20
 50
317.782674051
  7
SEACAD_seiso_ttf
 11
88.1105378914
 21
54.1014001319
 31
0.0
100
AcDbText
 73
     3
  0
ENDBLK
  5
AB3
330
AA9
100
AcDbEntity
  8
0
100
AcDbBlockEnd
  0
BLOCK
  5
ACD
330
AB5
100
AcDbEntity
  8
0
100
AcDbBlockBegin
  2
819336
 70
     0
 71
     0
 10
0.0
 20
0.0
 30
0.0
  3
819336
  1

  0
LINE
  5
AB6
330
AB5
100
AcDbEntity
  8
Default
  6
Continuous
 62
     7
 48
25.4
100
AcDbLine
 10
91.3297025162
 20
204.0076570482
 30
0.0
 11
92.4007600859
 21
205.8627831767
 31
0.0
  0
LINE
  5
AB7
330
AB5
100
AcDbEntity
  8
Default
  6
Continuous
 62
     7
 48
25.4
100
AcDbLine
 10
92.4007600859
 20
205.8627831767
 30
0.0
 11
93.4718176555
 21
204.0076570482
 31
0.0
  0
LINE
  5
AB8
330
AB5
100
AcDbEntity
  8
Default
  6
Continuous
 62
     7
 48
25.4
100
AcDbLine
 10
93.4718176555
 20
204.0076570482
 30
0.0
 11
91.3297025162
 21
204.0076570482
 31
0.0
  0
TEXT
  5
ABA
330
AB5
100
AcDbEntity
  8
Default
  6
Continuous
 62
     7
 48
25.4
100
AcDbText
 10
94.8063049092
 20
204.5281939773
 30
0.0
 40
0.16
  1
DANGER
  7
SEACAD_arial_ttfB
 11
94.8063049092
 21
204.6881939773
 31
0.0
100
AcDbText
 73
     3
  0
TEXT
  5
ABB
330
AB5
100
AcDbEntity
  8
Default
  6
Continuous
 62
     7
 48
25.4
100
AcDbText
 10
93.6785679341
 20
203.8971649785
 30
0.0
 40
0.12
  1
HAZARDOUS VOITAGE REMAINS
  7
SEACAD_arial_ttfB
 11
93.6785679341
 21
204.0171649785
 31
0.0
100
AcDbText
 73
     3
  0
TEXT
  5
ABC
330
AB5
100
AcDbEntity
  8
Default
  6
Continuous
 62
     7
 48
25.4
100
AcDbText
 10
93.6785679341
 20
203.7051649785
 30
0.0
 40
0.12
  1
FOR 5 MINUTES AFTER REMOVING MAIN 
  7
SEACAD_arial_ttfB
 11
93.6785679341
 21
203.8251649785
 31
0.0
100
AcDbText
 73
     3
  0
TEXT
  5
ABD
330
AB5
100
AcDbEntity
  8
Default
  6
Continuous
 62
     7
 48
25.4
100
AcDbText
 10
93.6785679341
 20
203.5131649785
 30
0.0
 40
0.12
  1
POWER SUPPLY.MORE THAN ONE LIVE 
  7
SEACAD_arial_ttfB
 11
93.6785679341
 21
203.6331649785
 31
0.0
100
AcDbText
 73
     3
  0
TEXT
  5
ABE
330
AB5
100
AcDbEntity
  8
Default
  6
Continuous
 62
     7
 48
25.4
100
AcDbText
 10
93.6785679341
 20
203.3211649785
 30
0.0
 40
0.12
  1
CIRCUIT.SEE DIAGRAM
  7
SEACAD_arial_ttfB
 11
93.6785679341
 21
203.4411649785
 31
0.0
100
AcDbText
 73
     3
  0
LINE
  5
ABF
330
AB5
100
AcDbEntity
  8
Default
  6
Continuous
 62
     7
 48
25.4
100
AcDbLine
 10
92.497790876
 20
204.8181794644
 30
0.0
 11
92.3186182046
 21
204.3124325781
 31
0.0
  0
LINE
  5
AC0
330
AB5
100
AcDbEntity
  8
Default
  6
Continuous
 62
     7
 48
25.4
100
AcDbLine
 10
92.1682206313
 20
204.737617849
 30
0.0
 11
92.497790876
 21
204.8181794644
 31
0.0
  0
LINE
  5
AC1
330
AB5
100
AcDbEntity
  8
Default
  6
Continuous
 62
     7
 48
25.4
100
AcDbLine
 10
92.3891643002
 20
205.2765625506
 30
0.0
 11
92.1682206313
 21
204.737617849
 31
0.0
  0
LINE
  5
AC2
330
AB5
100
AcDbEntity
  8
Default
  6
Continuous
 62
     7
 48
25.4
100
AcDbLine
 10
92.3186182046
 20
204.3124325781
 30
0.0
 11
92.3186182046
 21
204.4206032579
 31
0.0
  0
LINE
  5
AC3
330
AB5
100
AcDbEntity
  8
Default
  6
Continuous
 62
     7
 48
25.4
100
AcDbLine
 10
92.3186182046
 20
204.3124325781
 30
0.0
 11
92.3891643002
 21
204.3970878927
 31
0.0
  0
LINE
  5
AC4
330
AB5
100
AcDbEntity
  8
Default
  6
Continuous
 62
     7
 48
25.4
100
AcDbLine
 10
91.1428109558
 20
206.777085627
 30
0.0
 11
97.1828109558
 21
206.777085627
 31
0.0
  0
LINE
  5
AC5
330
AB5
100
AcDbEntity
  8
Default
  6
Continuous
 62
     7
 48
25.4
100
AcDbLine
 10
97.2828109558
 20
206.677085627
 30
0.0
 11
97.2828109558
 21
202.957085627
 31
0.0
  0
LINE
  5
AC6
330
AB5
100
AcDbEntity
  8
Default
  6
Continuous
 62
     7
 48
25.4
100
AcDbLine
 10
97.1828109558
 20
202.857085627
 30
0.0
 11
91.1428109558
 21
202.857085627
 31
0.0
  0
LINE
  5
AC7
330
AB5
100
AcDbEntity
  8
Default
  6
Continuous
 62
     7
 48
25.4
100
AcDbLine
 10
91.0428109558
 20
202.957085627
 30
0.0
 11
91.0428109558
 21
206.677085627
 31
0.0
  0
ARC
  5
AC8
330
AB5
100
AcDbEntity
  8
Default
  6
Continuous
 62
     7
 48
25.4
100
AcDbCircle
 10
91.1428109558
 20
206.677085627
 30
0.0
 40
0.1000000000000306
100
AcDbArc
 50
90.0
 51
180.0
  0
ARC
  5
AC9
330
AB5
100
AcDbEntity
  8
Default
  6
Continuous
 62
     7
 48
25.4
100
AcDbCircle
 10
97.1828109558
 20
206.677085627
 30
0.0
 40
0.0999999999999959
100
AcDbArc
 50
0.0
 51
90.0
  0
ARC
  5
ACA
330
AB5
100
AcDbEntity
  8
Default
  6
Continuous
 62
     7
 48
25.4
100
AcDbCircle
 10
97.1828109558
 20
202.957085627
 30
0.0
 40
0.0999999999999959
100
AcDbArc
 50
270.0
 51
360.0
  0
ARC
  5
ACB
330
AB5
100
AcDbEntity
  8
Default
  6
Continuous
 62
     7
 48
25.4
100
AcDbCircle
 10
91.1428109558
 20
202.957085627
 30
0.0
 40
0.0999999999999959
100
AcDbArc
 50
180.0
 51
270.0
  0
OLE2FRAME
  5
ACC
330
AB5
100
AcDbEntity
  8
Default
  6
Continuous
 62
     7
 48
25.4
100
AcDbOle2Frame
 70
     2
 10
98.3423448574
 20
175.0316185509
 30
0.0
 11
108.7028997619
 21
173.7705405097
 31
0.0
 72
     1
 73
     1
 90
    22656
310
8055CAAB67FAE8955840E440E80403E165400000000000000000D27B484FFC2C
310
5B40E440E80403E165400000000000000000D27B484FFC2C5B402A2C9244A8B8
310
65400000000000000000CAAB67FAE89558402A2C9244A8B86540000000000000
310
000000003F070000000000010000010000000100000000000100000000580000
310
D0CF11E0A1B11AE1000000000000000000000000000000003E000300FEFF0900
310
060000000000000000000000010000000200000000000000001000001E000000
310
01000000FEFFFFFF0000000003000000FFFFFFFFFFFFFFFFFFFFFFFFFFFFFFFF
310
FFFFFFFFFFFFFFFFFFFFFFFFFFFFFFFFFFFFFFFFFFFFFFFFFFFFFFFFFFFFFFFF
310
FFFFFFFFFFFFFFFFFFFFFFFFFFFFFFFFFFFFFFFFFFFFFFFFFFFFFFFFFFFFFFFF
310
FFFFFFFFFFFFFFFFFFFFFFFFFFFFFFFFFFFFFFFFFFFFFFFFFFFFFFFFFFFFFFFF
310
FFFFFFFFFFFFFFFFFFFFFFFFFFFFFFFFFFFFFFFFFFFFFFFFFFFFFFFFFFFFFFFF
310
FFFFFFFFFFFFFFFFFFFFFFFFFFFFFFFFFFFFFFFFFFFFFFFFFFFFFFFFFFFFFFFF
310
FFFFFFFFFFFFFFFFFFFFFFFFFFFFFFFFFFFFFFFFFFFFFFFFFFFFFFFFFFFFFFFF
310
FFFFFFFFFFFFFFFFFFFFFFFFFFFFFFFFFFFFFFFFFFFFFFFFFFFFFFFFFFFFFFFF
310
FFFFFFFFFFFFFFFFFFFFFFFFFFFFFFFFFFFFFFFFFFFFFFFFFFFFFFFFFFFFFFFF
310
FFFFFFFFFFFFFFFFFFFFFFFFFFFFFFFFFFFFFFFFFFFFFFFFFFFFFFFFFFFFFFFF
310
FFFFFFFFFFFFFFFFFFFFFFFFFFFFFFFFFFFFFFFFFFFFFFFFFFFFFFFFFFFFFFFF
310
FFFFFFFFFFFFFFFFFFFFFFFFFFFFFFFFFFFFFFFFFFFFFFFFFFFFFFFFFFFFFFFF
310
FFFFFFFFFFFFFFFFFFFFFFFFFFFFFFFFFFFFFFFFFFFFFFFFFFFFFFFFFFFFFFFF
310
FFFFFFFFFFFFFFFFFFFFFFFFFFFFFFFFFFFFFFFFFFFFFFFFFFFFFFFFFFFFFFFF
310
FDFFFFFFFEFFFFFFFFFFFFFFFFFFFFFFFFFFFFFFFFFFFFFFFFFFFFFFFFFFFFFF
310
FFFFFFFFFFFFFFFFFFFFFFFFFFFFFFFFFFFFFFFFFFFFFFFFFFFFFFFFFFFFFFFF
310
FFFFFFFFFFFFFFFFFFFFFFFFFFFFFFFFFFFFFFFFFFFFFFFFFFFFFFFFFFFFFFFF
310
FFFFFFFFFFFFFFFFFFFFFFFFFFFFFFFFFFFFFFFFFFFFFFFFFFFFFFFFFFFFFFFF
310
FFFFFFFFFFFFFFFFFFFFFFFFFFFFFFFFFFFFFFFFFFFFFFFFFFFFFFFFFFFFFFFF
310
FFFFFFFFFFFFFFFFFFFFFFFFFFFFFFFFFFFFFFFFFFFFFFFFFFFFFFFFFFFFFFFF
310
FFFFFFFFFFFFFFFFFFFFFFFFFFFFFFFFFFFFFFFFFFFFFFFFFFFFFFFFFFFFFFFF
310
FFFFFFFFFFFFFFFFFFFFFFFFFFFFFFFFFFFFFFFFFFFFFFFFFFFFFFFFFFFFFFFF
310
FFFFFFFFFFFFFFFFFFFFFFFFFFFFFFFFFFFFFFFFFFFFFFFFFFFFFFFFFFFFFFFF
310
FFFFFFFFFFFFFFFFFFFFFFFFFFFFFFFFFFFFFFFFFFFFFFFFFFFFFFFFFFFFFFFF
310
FFFFFFFFFFFFFFFFFFFFFFFFFFFFFFFFFFFFFFFFFFFFFFFFFFFFFFFFFFFFFFFF
310
FFFFFFFFFFFFFFFFFFFFFFFFFFFFFFFFFFFFFFFFFFFFFFFFFFFFFFFFFFFFFFFF
310
FFFFFFFFFFFFFFFFFFFFFFFFFFFFFFFFFFFFFFFFFFFFFFFFFFFFFFFFFFFFFFFF
310
FFFFFFFFFFFFFFFFFFFFFFFFFFFFFFFFFFFFFFFFFFFFFFFFFFFFFFFFFFFFFFFF
310
FFFFFFFFFFFFFFFFFFFFFFFFFFFFFFFFFFFFFFFFFFFFFFFFFFFFFFFFFFFFFFFF
310
FFFFFFFFFFFFFFFFFFFFFFFFFFFFFFFFFFFFFFFFFFFFFFFFFFFFFFFFFFFFFFFF
310
52006F006F007400200045006E00740072007900000000000000000000000000
310
0000000000000000000000000000000000000000000000000000000000000000
310
16000500FFFFFFFFFFFFFFFFFFFFFFFF00000000000000000000000000000000
310
0000000000000000000000000000000000000000FEFFFFFF0000000000000000
310
0000000000000000000000000000000000000000000000000000000000000000
310
0000000000000000000000000000000000000000000000000000000000000000
310
00000000FFFFFFFFFFFFFFFFFFFFFFFF00000000000000000000000000000000
310
0000000000000000000000000000000000000000000000000000000000000000
310
0000000000000000000000000000000000000000000000000000000000000000
310
0000000000000000000000000000000000000000000000000000000000000000
310
00000000FFFFFFFFFFFFFFFFFFFFFFFF00000000000000000000000000000000
310
0000000000000000000000000000000000000000000000000000000000000000
310
0000000000000000000000000000000000000000000000000000000000000000
310
0000000000000000000000000000000000000000000000000000000000000000
310
00000000FFFFFFFFFFFFFFFFFFFFFFFF00000000000000000000000000000000
310
0000000000000000000000000000000000000000000000000000000000000000
310
52006F006F007400200045006E00740072007900000000000000000000000000
310
0000000000000000000000000000000000000000000000000000000000000000
310
16000500FFFFFFFFFFFFFFFF040000000609020000000000C000000000000046
310
000000000000000000000000B03DC15E9EE4CC011F0000000008000000000000
310
01004F006C006500000000000000000000000000000000000000000000000000
310
0000000000000000000000000000000000000000000000000000000000000000
310
0A000201FFFFFFFFFFFFFFFFFFFFFFFF00000000000000000000000000000000
310
00000000000000000000000000000000000000001F0000001400000000000000
310
31005400610062006C0065000000000000000000000000000000000000000000
310
0000000000000000000000000000000000000000000000000000000000000000
310
0E0002000100000003000000FFFFFFFF00000000000000000000000000000000
310
0000000000000000000000000000000000000000230000000010000000000000
310
010043006F006D0070004F0062006A0000000000000000000000000000000000
310
0000000000000000000000000000000000000000000000000000000000000000
310
12000201FFFFFFFFFFFFFFFFFFFFFFFF00000000000000000000000000000000
310
00000000000000000000000000000000000000001D0000006A00000000000000
310
FFFFFFFFFFFFFFFF04000000FDFFFFFF05000000FEFFFFFF0700000008000000
310
090000000A0000000B0000000C0000000D000000FEFFFFFF0F00000010000000
310
1100000012000000130000001400000015000000FEFFFFFF1700000018000000
310
190000001A0000001B0000001C0000001D000000FEFFFFFFFEFFFFFF20000000
310
2100000022000000FEFFFFFF2400000025000000260000002700000028000000
310
290000002A000000FEFFFFFFFFFFFFFFFFFFFFFFFFFFFFFFFFFFFFFFFFFFFFFF
310
FFFFFFFFFFFFFFFFFFFFFFFFFFFFFFFFFFFFFFFFFFFFFFFFFFFFFFFFFFFFFFFF
310
FFFFFFFFFFFFFFFFFFFFFFFFFFFFFFFFFFFFFFFFFFFFFFFFFFFFFFFFFFFFFFFF
310
FFFFFFFFFFFFFFFFFFFFFFFFFFFFFFFFFFFFFFFFFFFFFFFFFFFFFFFFFFFFFFFF
310
FFFFFFFFFFFFFFFFFFFFFFFFFFFFFFFFFFFFFFFFFFFFFFFFFFFFFFFFFFFFFFFF
310
FFFFFFFFFFFFFFFFFFFFFFFFFFFFFFFFFFFFFFFFFFFFFFFFFFFFFFFFFFFFFFFF
310
FFFFFFFFFFFFFFFFFFFFFFFFFFFFFFFFFFFFFFFFFFFFFFFFFFFFFFFFFFFFFFFF
310
FFFFFFFFFFFFFFFFFFFFFFFFFFFFFFFFFFFFFFFFFFFFFFFFFFFFFFFFFFFFFFFF
310
FFFFFFFFFFFFFFFFFFFFFFFFFFFFFFFFFFFFFFFFFFFFFFFFFFFFFFFFFFFFFFFF
310
FFFFFFFFFFFFFFFFFFFFFFFFFFFFFFFFFFFFFFFFFFFFFFFFFFFFFFFFFFFFFFFF
310
FFFFFFFFFFFFFFFFFFFFFFFFFFFFFFFFFFFFFFFFFFFFFFFFFFFFFFFFFFFFFFFF
310
02004F006C006500500072006500730030003000300000000000000000000000
310
0000000000000000000000000000000000000000000000000000000000000000
310
180002010200000006000000FFFFFFFF00000000000000000000000000000000
310
000000000000000000000000000000000000000001000000D806000000000000
310
4A00500072006F00700065007200740069006500730000000000000000000000
310
0000000000000000000000000000000000000000000000000000000000000000
310
18000201FFFFFFFFFFFFFFFFFFFFFFFF00000000000000000000000000000000
310
0000000000000000000000000000000000000000000000000800000000000000
310
57006F007200640044006F00630075006D0065006E0074000000000000000000
310
0000000000000000000000000000000000000000000000000000000000000000
310
1A0002000500000007000000FFFFFFFF00000000000000000000000000000000
310
0000000000000000000000000000000000000000160000000010000000000000
310
0500530075006D006D0061007200790049006E0066006F0072006D0061007400
310
69006F006E000000000000000000000000000000000000000000000000000000
310
28000201FFFFFFFF08000000FFFFFFFF00000000000000000000000000000000
310
00000000000000000000000000000000000000000E0000000010000000000000
310
050044006F00630075006D0065006E007400530075006D006D00610072007900
310
49006E0066006F0072006D006100740069006F006E0000000000000000000000
310
38000200FFFFFFFFFFFFFFFFFFFFFFFF00000000000000000000000000000000
310
0000000000000000000000000000000000000000060000000010000000000000
310
0000000000000000000000000000000000000000000000000000000000000000
310
0000000000000000000000000000000000000000000000000000000000000000
310
00000000FFFFFFFFFFFFFFFFFFFFFFFF00000000000000000000000000000000
310
0000000000000000000000000000000000000000000000000000000000000000
310
0000000000000000000000000000000000000000000000000000000000000000
310
0000000000000000000000000000000000000000000000000000000000000000
310
00000000FFFFFFFFFFFFFFFFFFFFFFFF00000000000000000000000000000000
310
0000000000000000000000000000000000000000000000000000000000000000
310
0000000000000000000000000000000000000000000000000000000000000000
310
0000000000000000000000000000000000000000000000000000000000000000
310
00000000FFFFFFFFFFFFFFFFFFFFFFFF00000000000000000000000000000000
310
0000000000000000000000000000000000000000000000000000000000000000
310
FEFF000004000200000000000000000000000000000000000200000002D5CDD5
310
9C2E1B10939708002B2CF9AE4400000005D5CDD59C2E1B10939708002B2CF9AE
310
30010000EC0000000C00000001000000680000000F0000007000000005000000
310
800000000600000088000000110000009000000017000000980000000B000000
310
A000000010000000A800000013000000B000000016000000B80000000D000000
310
C00000000C000000CD00000002000000A80300001E000000050000005345444C
310
0069746C03000000010000000300000001000000030000003900000003000000
310
B30D08000B000000000000000B000000000000000B000000000000000B000000
310
000000001E1000000100000001000000000C100000020000001E000000060000
310
005469746C650003000000010000000098000000030000000000000020000000
310
0100000036000000020000003E00000001000000020000000A0000005F504944
310
5F475549440002000000A8030000410000004E0000007B004400380033004400
310
39003500420031002D0032004300370045002D0031003100440034002D004100
310
4500330039002D00300030003100300035004100380032003300410032003100
310
7D00000000000000000000000000000000000000000000000000000000000000
310
0000000000000000000000000000000000000000000000000000000000000000
310
0000000000000000000000000000000000000000000000000000000000000000
310
0000000000000000000000000000000000000000000000000000000000000000
310
0000000000000000000000000000000000000000000000000000000000000000
310
0000000000000000000000000000000000000000000000000000000000000000
310
0000000000000000000000000000000000000000000000000000000000000000
310
0000000000000000000000000000000000000000000000000000000000000000
310
0000000000000000000000000000000000000000000000000000000000000000
310
0000000000000000000000000000000000000000000000000000000000000000
310
0000000000000000000000000000000000000000000000000000000000000000
310
0000000000000000000000000000000000000000000000000000000000000000
310
0000000000000000000000000000000000000000000000000000000000000000
310
0000000000000000000000000000000000000000000000000000000000000000
310
0000000000000000000000000000000000000000000000000000000000000000
310
0000000000000000000000000000000000000000000000000000000000000000
310
0000000000000000000000000000000000000000000000000000000000000000
310
0000000000000000000000000000000000000000000000000000000000000000
310
0000000000000000000000000000000000000000000000000000000000000000
310
0000000000000000000000000000000000000000000000000000000000000000
310
0000000000000000000000000000000000000000000000000000000000000000
310
0000000000000000000000000000000000000000000000000000000000000000
310
0000000000000000000000000000000000000000000000000000000000000000
310
0000000000000000000000000000000000000000000000000000000000000000
310
0000000000000000000000000000000000000000000000000000000000000000
310
0000000000000000000000000000000000000000000000000000000000000000
310
0000000000000000000000000000000000000000000000000000000000000000
310
0000000000000000000000000000000000000000000000000000000000000000
310
0000000000000000000000000000000000000000000000000000000000000000
310
0000000000000000000000000000000000000000000000000000000000000000
310
0000000000000000000000000000000000000000000000000000000000000000
310
0000000000000000000000000000000000000000000000000000000000000000
310
0000000000000000000000000000000000000000000000000000000000000000
310
0000000000000000000000000000000000000000000000000000000000000000
310
0000000000000000000000000000000000000000000000000000000000000000
310
0000000000000000000000000000000000000000000000000000000000000000
310
0000000000000000000000000000000000000000000000000000000000000000
310
0000000000000000000000000000000000000000000000000000000000000000
310
0000000000000000000000000000000000000000000000000000000000000000
310
0000000000000000000000000000000000000000000000000000000000000000
310
0000000000000000000000000000000000000000000000000000000000000000
310
0000000000000000000000000000000000000000000000000000000000000000
310
0000000000000000000000000000000000000000000000000000000000000000
310
0000000000000000000000000000000000000000000000000000000000000000
310
0000000000000000000000000000000000000000000000000000000000000000
310
0000000000000000000000000000000000000000000000000000000000000000
310
0000000000000000000000000000000000000000000000000000000000000000
310
0000000000000000000000000000000000000000000000000000000000000000
310
0000000000000000000000000000000000000000000000000000000000000000
310
0000000000000000000000000000000000000000000000000000000000000000
310
0000000000000000000000000000000000000000000000000000000000000000
310
0000000000000000000000000000000000000000000000000000000000000000
310
0000000000000000000000000000000000000000000000000000000000000000
310
0000000000000000000000000000000000000000000000000000000000000000
310
0000000000000000000000000000000000000000000000000000000000000000
310
0000000000000000000000000000000000000000000000000000000000000000
310
0000000000000000000000000000000000000000000000000000000000000000
310
0000000000000000000000000000000000000000000000000000000000000000
310
0000000000000000000000000000000000000000000000000000000000000000
310
0000000000000000000000000000000000000000000000000000000000000000
310
0000000000000000000000000000000000000000000000000000000000000000
310
0000000000000000000000000000000000000000000000000000000000000000
310
0000000000000000000000000000000000000000000000000000000000000000
310
0000000000000000000000000000000000000000000000000000000000000000
310
0000000000000000000000000000000000000000000000000000000000000000
310
0000000000000000000000000000000000000000000000000000000000000000
310
0000000000000000000000000000000000000000000000000000000000000000
310
0000000000000000000000000000000000000000000000000000000000000000
310
0000000000000000000000000000000000000000000000000000000000000000
310
0000000000000000000000000000000000000000000000000000000000000000
310
0000000000000000000000000000000000000000000000000000000000000000
310
0000000000000000000000000000000000000000000000000000000000000000
310
0000000000000000000000000000000000000000000000000000000000000000
310
0000000000000000000000000000000000000000000000000000000000000000
310
0000000000000000000000000000000000000000000000000000000000000000
310
0000000000000000000000000000000000000000000000000000000000000000
310
0000000000000000000000000000000000000000000000000000000000000000
310
0000000000000000000000000000000000000000000000000000000000000000
310
0000000000000000000000000000000000000000000000000000000000000000
310
0000000000000000000000000000000000000000000000000000000000000000
310
0000000000000000000000000000000000000000000000000000000000000000
310
0000000000000000000000000000000000000000000000000000000000000000
310
0000000000000000000000000000000000000000000000000000000000000000
310
0000000000000000000000000000000000000000000000000000000000000000
310
0000000000000000000000000000000000000000000000000000000000000000
310
0000000000000000000000000000000000000000000000000000000000000000
310
0000000000000000000000000000000000000000000000000000000000000000
310
0000000000000000000000000000000000000000000000000000000000000000
310
0000000000000000000000000000000000000000000000000000000000000000
310
0000000000000000000000000000000000000000000000000000000000000000
310
0000000000000000000000000000000000000000000000000000000000000000
310
0000000000000000000000000000000000000000000000000000000000000000
310
0000000000000000000000000000000000000000000000000000000000000000
310
0000000000000000000000000000000000000000000000000000000000000000
310
0000000000000000000000000000000000000000000000000000000000000000
310
0000000000000000000000000000000000000000000000000000000000000000
310
0000000000000000000000000000000000000000000000000000000000000000
310
0000000000000000000000000000000000000000000000000000000000000000
310
0000000000000000000000000000000000000000000000000000000000000000
310
0000000000000000000000000000000000000000000000000000000000000000
310
0000000000000000000000000000000000000000000000000000000000000000
310
0000000000000000000000000000000000000000000000000000000000000000
310
0000000000000000000000000000000000000000000000000000000000000000
310
0000000000000000000000000000000000000000000000000000000000000000
310
0000000000000000000000000000000000000000000000000000000000000000
310
0000000000000000000000000000000000000000000000000000000000000000
310
0000000000000000000000000000000000000000000000000000000000000000
310
0000000000000000000000000000000000000000000000000000000000000000
310
0000000000000000000000000000000000000000000000000000000000000000
310
0000000000000000000000000000000000000000000000000000000000000000
310
0000000000000000000000000000000000000000000000000000000000000000
310
0000000000000000000000000000000000000000000000000000000000000000
310
0000000000000000000000000000000000000000000000000000000000000000
310
0000000000000000000000000000000000000000000000000000000000000000
310
FEFF0000040002000000000000000000000000000000000001000000E0859FF2
310
F94F6810AB9108002B27B3D930000000340100000F0000000100000080000000
310
0200000088000000030000009400000004000000A000000005000000AC000000
310
07000000B800000008000000C800000009000000D400000012000000E0000000
310
0A000000FC0000000C000000080100000E000000140100000F0000001C010000
310
1000000024010000130000002C01000002000000A80300001E00000001000000
310
000073001E00000001000000000073001E00000001000000000073001E000000
310
01000000000073001E000000070000004E6F726D616C00001E00000001000000
310
006F726D1E000000020000003100726D1E000000130000004D6963726F736F66
310
7420576F726420382E3000004000000000000000000000004000000000E67D16
310
8BC0BF0103000000010000000300000008000000030000002F00000003000000
310
0000000000000000000000000000000000000000000000000000000000000000
310
0000000000000000000000000000000000000000000000000000000000000000
310
0000000000000000000000000000000000000000000000000000000000000000
310
0000000000000000000000000000000000000000000000000000000000000000
310
0000000000000000000000000000000000000000000000000000000000000000
310
0000000000000000000000000000000000000000000000000000000000000000
310
0000000000000000000000000000000000000000000000000000000000000000
310
0000000000000000000000000000000000000000000000000000000000000000
310
0000000000000000000000000000000000000000000000000000000000000000
310
0000000000000000000000000000000000000000000000000000000000000000
310
0000000000000000000000000000000000000000000000000000000000000000
310
0000000000000000000000000000000000000000000000000000000000000000
310
0000000000000000000000000000000000000000000000000000000000000000
310
0000000000000000000000000000000000000000000000000000000000000000
310
0000000000000000000000000000000000000000000000000000000000000000
310
0000000000000000000000000000000000000000000000000000000000000000
310
0000000000000000000000000000000000000000000000000000000000000000
310
0000000000000000000000000000000000000000000000000000000000000000
310
0000000000000000000000000000000000000000000000000000000000000000
310
0000000000000000000000000000000000000000000000000000000000000000
310
0000000000000000000000000000000000000000000000000000000000000000
310
0000000000000000000000000000000000000000000000000000000000000000
310
0000000000000000000000000000000000000000000000000000000000000000
310
0000000000000000000000000000000000000000000000000000000000000000
310
0000000000000000000000000000000000000000000000000000000000000000
310
0000000000000000000000000000000000000000000000000000000000000000
310
0000000000000000000000000000000000000000000000000000000000000000
310
0000000000000000000000000000000000000000000000000000000000000000
310
0000000000000000000000000000000000000000000000000000000000000000
310
0000000000000000000000000000000000000000000000000000000000000000
310
0000000000000000000000000000000000000000000000000000000000000000
310
0000000000000000000000000000000000000000000000000000000000000000
310
0000000000000000000000000000000000000000000000000000000000000000
310
0000000000000000000000000000000000000000000000000000000000000000
310
0000000000000000000000000000000000000000000000000000000000000000
310
0000000000000000000000000000000000000000000000000000000000000000
310
0000000000000000000000000000000000000000000000000000000000000000
310
0000000000000000000000000000000000000000000000000000000000000000
310
0000000000000000000000000000000000000000000000000000000000000000
310
0000000000000000000000000000000000000000000000000000000000000000
310
0000000000000000000000000000000000000000000000000000000000000000
310
0000000000000000000000000000000000000000000000000000000000000000
310
0000000000000000000000000000000000000000000000000000000000000000
310
0000000000000000000000000000000000000000000000000000000000000000
310
0000000000000000000000000000000000000000000000000000000000000000
310
0000000000000000000000000000000000000000000000000000000000000000
310
0000000000000000000000000000000000000000000000000000000000000000
310
0000000000000000000000000000000000000000000000000000000000000000
310
0000000000000000000000000000000000000000000000000000000000000000
310
0000000000000000000000000000000000000000000000000000000000000000
310
0000000000000000000000000000000000000000000000000000000000000000
310
0000000000000000000000000000000000000000000000000000000000000000
310
0000000000000000000000000000000000000000000000000000000000000000
310
0000000000000000000000000000000000000000000000000000000000000000
310
0000000000000000000000000000000000000000000000000000000000000000
310
0000000000000000000000000000000000000000000000000000000000000000
310
0000000000000000000000000000000000000000000000000000000000000000
310
0000000000000000000000000000000000000000000000000000000000000000
310
0000000000000000000000000000000000000000000000000000000000000000
310
0000000000000000000000000000000000000000000000000000000000000000
310
0000000000000000000000000000000000000000000000000000000000000000
310
0000000000000000000000000000000000000000000000000000000000000000
310
0000000000000000000000000000000000000000000000000000000000000000
310
0000000000000000000000000000000000000000000000000000000000000000
310
0000000000000000000000000000000000000000000000000000000000000000
310
0000000000000000000000000000000000000000000000000000000000000000
310
0000000000000000000000000000000000000000000000000000000000000000
310
0000000000000000000000000000000000000000000000000000000000000000
310
0000000000000000000000000000000000000000000000000000000000000000
310
0000000000000000000000000000000000000000000000000000000000000000
310
0000000000000000000000000000000000000000000000000000000000000000
310
0000000000000000000000000000000000000000000000000000000000000000
310
0000000000000000000000000000000000000000000000000000000000000000
310
0000000000000000000000000000000000000000000000000000000000000000
310
0000000000000000000000000000000000000000000000000000000000000000
310
0000000000000000000000000000000000000000000000000000000000000000
310
0000000000000000000000000000000000000000000000000000000000000000
310
0000000000000000000000000000000000000000000000000000000000000000
310
0000000000000000000000000000000000000000000000000000000000000000
310
0000000000000000000000000000000000000000000000000000000000000000
310
0000000000000000000000000000000000000000000000000000000000000000
310
0000000000000000000000000000000000000000000000000000000000000000
310
0000000000000000000000000000000000000000000000000000000000000000
310
0000000000000000000000000000000000000000000000000000000000000000
310
0000000000000000000000000000000000000000000000000000000000000000
310
0000000000000000000000000000000000000000000000000000000000000000
310
0000000000000000000000000000000000000000000000000000000000000000
310
0000000000000000000000000000000000000000000000000000000000000000
310
0000000000000000000000000000000000000000000000000000000000000000
310
0000000000000000000000000000000000000000000000000000000000000000
310
0000000000000000000000000000000000000000000000000000000000000000
310
0000000000000000000000000000000000000000000000000000000000000000
310
0000000000000000000000000000000000000000000000000000000000000000
310
0000000000000000000000000000000000000000000000000000000000000000
310
0000000000000000000000000000000000000000000000000000000000000000
310
0000000000000000000000000000000000000000000000000000000000000000
310
0000000000000000000000000000000000000000000000000000000000000000
310
0000000000000000000000000000000000000000000000000000000000000000
310
0000000000000000000000000000000000000000000000000000000000000000
310
0000000000000000000000000000000000000000000000000000000000000000
310
0000000000000000000000000000000000000000000000000000000000000000
310
0000000000000000000000000000000000000000000000000000000000000000
310
0000000000000000000000000000000000000000000000000000000000000000
310
0000000000000000000000000000000000000000000000000000000000000000
310
0000000000000000000000000000000000000000000000000000000000000000
310
0000000000000000000000000000000000000000000000000000000000000000
310
0000000000000000000000000000000000000000000000000000000000000000
310
0000000000000000000000000000000000000000000000000000000000000000
310
0000000000000000000000000000000000000000000000000000000000000000
310
0000000000000000000000000000000000000000000000000000000000000000
310
0000000000000000000000000000000000000000000000000000000000000000
310
0000000000000000000000000000000000000000000000000000000000000000
310
0000000000000000000000000000000000000000000000000000000000000000
310
0000000000000000000000000000000000000000000000000000000000000000
310
0000000000000000000000000000000000000000000000000000000000000000
310
0000000000000000000000000000000000000000000000000000000000000000
310
0000000000000000000000000000000000000000000000000000000000000000
310
ECA5C1004700090400000012BF00000000000010000000000004000072040000
310
0E00626A626A8ED98ED900000000000000000000000000000000000009041600
310
1E0C0000ECB30100ECB301003900000000000000000000000000000000000000
310
000000000000000000000000FFFF0F000000000000000000FFFF0F0000000000
310
00000000FFFF0F00000000000000000000000000000000005D00000000009200
310
0000000000009200000092000000000000009200000000000000920000000000
310
0000920000000000000092000000140000000000000000000000A60000000000
310
0000A600000000000000A600000000000000A600000000000000A60000000C00
310
0000B20000000C000000A60000000000000091010000E8000000CA0000000000
310
0000CA00000000000000CA00000000000000CA00000000000000CA0000000000
310
0000CA00000000000000CA00000000000000CA000000000000007A0100000200
310
00007C010000000000007C010000000000007C010000000000007C0100000000
310
00007C010000000000007C0100000000000079020000F40100006D0400002A00
310
00007C0100001500000000000000000000000000000000000000920000000000
310
0000CA0000000000000000000000000000000000000000000000CA0000000000
310
0000CA00000000000000CA00000000000000CA000000000000007C0100000000
310
00007A0100000000000092000000000000009200000000000000CA0000000000
310
00000000000000000000CA00000000000000CA000000000000007A0100000000
310
00007A010000000000007A01000000000000CA0000006A000000920000000000
310
0000CA000000000000009200000000000000CA000000000000007A0100000000
310
000000000000000000000000000000000000A600000000000000A60000000000
310
0000920000000000000092000000000000009200000000000000920000000000
310
0000CA000000000000007A010000000000007A010000000000007A0100000000
310
000000000000000000007A010000000000009200000000000000920000000000
310
0000000000000000000000000000000000000000000000000000000000000000
310
00000000000000000000000000000000000000000000000000007A0100000000
310
0000CA00000000000000BE0000000C00000000925B9B8BC0BF01A60000000000
310
0000A60000000000000034010000460000007A01000000000000000000000000
310
0000000000000000000000000000000000000000000000000000000000000000
310
0000000000000000000000000000000000000000000000000000000000000000
310
0000000000000000000000000000000000000000000000000000000000000000
310
0000000000000000000000000000000000000000000000000000000000000000
310
2000200020002000200020002000200020002000200020002000200020002000
310
2000668B4A540D00AD65005F3B4E3575906E4B4E0E54350006529F948551CD4E
310
09670D007153699635758B53585B28572E000D4EC54E004E6167DE56EF8D0D00
310
265E35752E00C253C1899F530674FE560D000000000000000000000000000000
310
0000000000000000000000000000000000000000000000000000000000000000
310
0000000000000000000000000000000000000000000000000000000000000000
310
0000000000000000000000000000000000000000000000000000000000000000
310
0000000000000000000000000000000000000000000000000000000000000000
310
0000000000000000000000000000000000000000000000000000000000000000
310
0000000000000000000000000000000000000000000000000000000000000000
310
0000000000000000000000000000000000000000000000000000000000000000
310
0000000000000000000000000000000000000000000000000000000000000000
310
0000000000000000000000000000000000000000000000000000000000000000
310
0000000000000000000000000000000000000000000000000000000000000000
310
0000000000000000000000000000000000000000000000000000000000000000
310
0000000000000000000000000000000000000000000000000000000000000000
310
0004000026040000280400007004000072040000F6EEE6000000000000000000
310
0000000000000000000000000000000000000000000000000000000000000000
310
0000000000000000000000000000000000000000000000000000000000000000
310
0000000000000000000000000000000000000000000000000000000000000000
310
0000000000000000000000000000000000000000000000000000000000000000
310
0000000000000000000000000000000000000000000000000000000000000000
310
0000000000000000000000000000000000000000000000000000000000000000
310
0000000000000000000000000000000000000000000000000000000000000000
310
0000000000000000000000000000000000000000000000000000000000000000
310
0000000000000000000000000000000000000000000000000000000000000000
310
0000000000000000000000000000000000000000000000000000000000000000
310
0000000000000000000000000000000000000000000000000000000000000000
310
0000000000000000000000000000000000000000000000000000000000000000
310
0000000000000000000000000000000000000000000000000000000000000000
310
0000000000000000000000000E350881504A03006E4804086F2801000F434A18
310
00504A03006E4804086F280112350881434A1800504A03006E4804086F280104
310
0004000028040000440400006004000072040000FD0000000000000000000000
310
00FD000000000000000000000000FD000000000000000000000000FD00000000
310
0000000000000000000000000000000000000000000000000000000000000000
310
0000000000000000000000000000000000000000000000000000000000000000
310
0000000000000000000000000000000000000000000000000000000000000000
310
0000000000000000000000000000000000000000000000000000000000000000
310
0000000000000000000000000000000000000000000000000000000000000000
310
0000000000000000000000000000000000000000000000000000000000000000
310
0000000000000000000000000000000000000000000000000000000000000000
310
0000000000000000000000000000000000000000000000000000000000000000
310
0000000000000000000000000000000000000000000000000000000000000000
310
0000000000000000000000000000000000000000000000000000000000000000
310
0000000000000000000000000000000000000000000000000000000000000000
310
0000000000000000000000000000000000000000000000000000000000000000
310
0000000000000000000000000000000000000000000000000000000000000000
310
0000000000000000000000000000000000000000000000000000000100000004
310
00040000280400004404000060040000FEFCFC00000000000000000000000000
310
0000000000000000000000000000000000000000000000000000000000000000
310
0000000000000000000000000000000000000000000000000000000000000000
310
0000000000000000000000000000000000000000000000000000000000000000
310
0000000000000000000000000000000000000000000000000000000000000000
310
0000000000000000000000000000000000000000000000000000000000000000
310
0000000000000000000000000000000000000000000000000000000000000000
310
0000000000000000000000000000000000000000000000000000000000000000
310
0000000000000000000000000000000000000000000000000000000000000000
310
0000000000000000000000000000000000000000000000000000000000000000
310
0000000000000000000000000000000000000000000000000000000000000000
310
0000000000000000000000000000000000000000000000000000000000000000
310
0000000000000000000000000000000000000000000000000000000000000000
310
0000000000000000000000000000000000000000000000000000000000000000
310
0000000000000000000000000000000000000000000000000000000000000000
310
000000000000000000000000000000000000000000000000020D010002010103
310
1C001FB0D02F20B0E03D21B0080722B008072390A0052490A00525B000000000
310
0000000000000000000000000000000000000000000000000000000000000000
310
0000000000000000000000000000000000000000000000000000000000000000
310
0000000000000000000000000000000000000000000000000000000000000000
310
0000000000000000000000000000000000000000000000000000000000000000
310
0000000000000000000000000000000000000000000000000000000000000000
310
0000000000000000000000000000000000000000000000000000000000000000
310
0000000000000000000000000000000000000000000000000000000000000000
310
0000000000000000000000000000000000000000000000000000000000000000
310
0000000000000000000000000000000000000000000000000000000000000000
310
0000000000000000000000000000000000000000000000000000000000000000
310
0000000000000000000000000000000000000000000000000000000000000000
310
0000000000000000000000000000000000000000000000000000000000000000
310
0000000000000000000000000000000000000000000000000000000000000000
310
0000000000000000000000000000000000000000000000000000000000000000
310
0000000000000000000000000000000000000000000000000000000000000000
310
0000000000000000000000000000000000000000000000000000000000000000
310
0000000000000000000000000000000000000000000000000000000000000000
310
0000000000000000000000000000000000000000000000000000000000000000
310
0000000000000000000000000000000000000000000000000000000000000000
310
0000000000000000000000000000000000000000000000000000000000000000
310
0000000000000000000000000000000000000000000000000000000000000000
310
0000000000000000000000000000000000000000000000000000000000000000
310
0000000000000000000000000000000000000000000000000000000000000000
310
0000000000000000000000000000000000000000000000000000000000000000
310
0000000000000000000000000000000000000000000000000000000000000000
310
0000000000000000000000000000000000000000000000000000000000000000
310
0000000000000000000000000000000000000000000000000000000000000000
310
0000000000000000000000000000000000000000000000000000000000000000
310
0000000000000000000000000000000000000000000000000000000000000000
310
0000000000000000000000000000000000000000000000000000000000000000
310
0000000000000000000000000000000000000000000000000000000000000000
310
FEFFFFFF02000000030000000400000005000000060000000700000008000000
310
090000000A0000000B0000000C0000000D0000000E0000000F00000010000000
310
1100000012000000130000001400000015000000160000001700000018000000
310
190000001A0000001B0000001C000000FEFFFFFF1E000000FEFFFFFFFEFFFFFF
310
FFFFFFFFFFFFFFFFFFFFFFFFFFFFFFFFFFFFFFFFFFFFFFFFFFFFFFFFFFFFFFFF
310
FFFFFFFFFFFFFFFFFFFFFFFFFFFFFFFFFFFFFFFFFFFFFFFFFFFFFFFFFFFFFFFF
310
FFFFFFFFFFFFFFFFFFFFFFFFFFFFFFFFFFFFFFFFFFFFFFFFFFFFFFFFFFFFFFFF
310
FFFFFFFFFFFFFFFFFFFFFFFFFFFFFFFFFFFFFFFFFFFFFFFFFFFFFFFFFFFFFFFF
310
FFFFFFFFFFFFFFFFFFFFFFFFFFFFFFFFFFFFFFFFFFFFFFFFFFFFFFFFFFFFFFFF
310
FFFFFFFFFFFFFFFFFFFFFFFFFFFFFFFFFFFFFFFFFFFFFFFFFFFFFFFFFFFFFFFF
310
FFFFFFFFFFFFFFFFFFFFFFFFFFFFFFFFFFFFFFFFFFFFFFFFFFFFFFFFFFFFFFFF
310
FFFFFFFFFFFFFFFFFFFFFFFFFFFFFFFFFFFFFFFFFFFFFFFFFFFFFFFFFFFFFFFF
310
FFFFFFFFFFFFFFFFFFFFFFFFFFFFFFFFFFFFFFFFFFFFFFFFFFFFFFFFFFFFFFFF
310
FFFFFFFFFFFFFFFFFFFFFFFFFFFFFFFFFFFFFFFFFFFFFFFFFFFFFFFFFFFFFFFF
310
FFFFFFFFFFFFFFFFFFFFFFFFFFFFFFFFFFFFFFFFFFFFFFFFFFFFFFFFFFFFFFFF
310
FFFFFFFFFFFFFFFFFFFFFFFFFFFFFFFFFFFFFFFFFFFFFFFFFFFFFFFFFFFFFFFF
310
4F4C455300000000000000000000000000000000000000000000000000000000
310
0000000000000000000000000000000000000000000000000000000000000000
310
FFFFFFFF030000000400000001000000FFFFFFFF0200000000000000883B0000
310
3F0700009E0600000100090000034F0300000700250000000000140000002606
310
0F001E00FFFFFFFF040014000000576F72640E004D6963726F736F667420576F
310
7264050000000B0200000000050000000C026C03201C1C000000FB0238FF0000
310
00000000BC02000000000440001254696D6573204E657720526F6D616E005388
310
ED77D067EF779D070A0A00000A00040000002D0100001C000000FB0238FF0000
310
00000000BC0200000086040000023F3F000018000000B9070A194A88ED775388
310
ED77D067EF77B9070A1900000A00040000002D0101001C000000FB0238FF0000
310
000000009001000000000440001254696D6573204E657720526F6D616E005388
310
ED77D067EF77BB070A1D00000A00040000002D01020005000000020101000000
310
040000002D010000050000000902000000000500000014021D00000005000000
310
2E010100000025000000320A1D0000001100040000000000201C6C0320202020
310
2020202020202020202020202000320032003200320032003200320032003200
310
32003200320032003200320032003200050000002E0100000000050000001402
310
F08774E8040000002D01010005000000140228005203050000002E0101000000
310
11000000320A280052030400040000000000201C6C03BEAFB8E6C8000000C900
310
0000050000002E010000000005000000140200000000040000002D0102000500
310
00000201010000001C000000FB0259FF000000000000BC020000008604000002
310
3F3F000018000000C2070AD54A88ED775388ED77D067EF77C2070AD500000A00
310
040000002D0103001C000000FB0259FF000000000000BC020000000004400012
310
54696D6573204E657720526F6D616E005388ED77D067EF77CE070A5000000A00
310
040000002D010400040000002D01040005000000020101000000040000002D01
310
03000500000014020F010000050000002E010100000020000000320A0F010000
310
0E00040000000000201C6C03B6CFBFAAD6F7B5E7D4B4D6AEBAF3A7000000A700
310
0000A7000000A7000000A7000000A7000000A8000000050000002E0100000000
310
05000000140200000000040000002D0104000500000014020601920405000000
310
2E01010000000D000000320A060192040100040000000000201C6C0335005400
310
050000002E010000000005000000140200000000040000002D01030005000000
310
14020F01E604050000002E01010000001A000000320A0F01E6040A0004000000
310
0000201C6C03B7D6D6D3C4DAC8D4D3D0A6000000A6000000A6000000A7000000
310
A8000000050000002E010000000005000000140200000000040000002D010400
310
0500000002010100000005000000020101000000040000002D01030005000000
310
1402E4010000050000002E01010000001D000000320AE40100000C0004000000
310
0000201C6C03CEA3CFD5B5E7D1B9B4E6D4DAA7000000A7000000A7000000A700
310
0000A7000000A7000000050000002E0100000000050000001402000000000400
310
00002D010400050000001402DB01EA03050000002E01010000000D000000320A
310
DB01EA030100040000000000201C6C032E002A00050000002E01000000000500
310
0000140200000000040000002D010300050000001402E4011404050000002E01
310
010000001D000000320AE40114040C00040000000000201C6C03B2BBBDF6D2BB
310
CCF5BBD8C2B7A6000000A7000000A7000000A7000000A7000000A80000000500
310
00002E010000000005000000140200000000040000002D010400050000000201
310
010000001C000000FB0259FF0000000000009001000000000440001254696D65
310
73204E657720526F6D616E005388ED77D067EF77D0070A5000000A0004000000
310
2D01050005000000020101000000040000002D010300050000001402B8020000
310
050000002E010100000011000000320AB80200000400040000000000201C6C03
310
B4F8B5E7A7000000A7000000050000002E010000000005000000140200000000
310
040000002D010400050000001402AF024E01050000002E01010000000D000000
310
320AAF024E010100040000000000201C6C032E072900050000002E0100000000
310
05000000140200000000040000002D010300050000001402B802770105000000
310
2E01010000001A000000320AB80277010A00040000000000201C6C03B2CEBCFB
310
D4ADC0EDCDBCA7000000A7000000A8000000A6000000A8000000050000002E01
310
0000000005000000140200000000040000002D01050005000000020101000000
310
1C000000FB021000070000000000BC02000000000000000253797374656D0000
310
020000000C008A0100000A00060000000C008A0100000A00040000002D010600
310
0300000000000000000000000000000000000000000000000000000000000000
310
0000000000000000000000000000000000000000000000000000000000000000
310
0100FEFF030A0000FFFFFFFF0609020000000000C00000000000004618000000
310
4D6963726F736F667420576F726420446F63756D656E74000A0000004D53576F
310
7264446F630010000000576F72642E446F63756D656E742E3800F439B2710000
310
0000000000000000000000000000000000000000000000000000000000000000
310
0100000200000000000000000000000000000000000000000000000000000000
310
0000000000000000000000000000000000000000000000000000000000000000
310
12000F000A0001005B000F00020000000000000024000040F1FF020024000000
310
06004E006F0072006D0061006C0000000200000004006D480904000000000000
310
0000000000000000000000003C004140F2FFA1003C0000001600440065006600
310
610075006C007400200050006100720061006700720061007000680020004600
310
6F006E00740000000000000000000000000000000000390000000300000C0000
310
0100FFFFFFFF0004000072040000030000000004000072040000040000000004
310
0000600400000500000000000000000000001100000013000000140000001B00
310
00001C000000210000002200000028000000290000002F000000300000003200
310
00003300000038000000380000003B0000000400070005000700050007000500
310
0700050007000500070005000700050004000700000000000000000011000000
310
130000001400000021000000220000002F000000300000003800000038000000
310
3B00000004000700050007000500070005000700050004000700FF4002100000
310
0000000000390000003000000400000000040000004716900100000202060305
310
0405020304870200000000000000000000000000009F00000000000000540069
310
006D006500730020004E0065007700200052006F006D0061006E000000351690
310
0102000505010201070602050700000000000000100000000000000000000000
310
8000000000530079006D0062006F006C000000332690010000020B0604020202
310
020204870200000000000000000000000000009F000000000000004100720069
310
0061006C000000312690018600020B06040202020202048702000000000E0810
310
000000000000009F00040000000000B965636B7769534F000022000400310888
310
180000D002000068010000000065934586000000000000000001000000000008
310
0000002F00000001000100000004000310010000000000000000000000010001
310
0000000100000000000000000000000000000000000000000000000000000000
310
0000000000000000000000000000000000000000000000000000000000000000
310
0000000000000000000000000000000000000000000000000000000000000000
310
0000000000000000000000000000000000000000000000000000000000000000
310
0000000000000000000000000000000000000000000000000000000000000000
310
0000000000000000000000000000000000000000000000000000000000000000
310
0000000000000000000000000000000000000000000000000000000000000000
310
0000000000000000000000000000000000000000000000000000000000000000
310
0000000000000000000000000000000000000000000000000000000000000000
310
0000000000000000000000000000000000000000000000000000000000000000
310
000000000000000000A506C007B400B400800012300000000000000000000000
310
0000003900000000000000000000000000000000000000000000000000000000
310
0000000000000000000000000000000000000000000000000000000000000000
310
00000000000000020000000000FFFF1200000000000000000000000000000000
310
0000000000000000000000000000000000000000000000000000000000000000
310
0000000000000000000000000000000000000000000000000000000000000000
310
0000000000000000000000000000000000000000000000000000000000000000
310
0000000000000000000000000000000000000000000000000000000000000000
310
0000000000000000000000000000000000000000000000000000000000000000
310
0000000000000000000000000000000000000000000000000000000000000000
310
0000000000000000000000000000000000000000000000000000000000000000
310
0000000000000000000000000000000000000000000000000000000000000000
310
0000000000000000000000000000000000000000000000000000000000000000
310
0000000000000000000000000000000000000000000000000000000000000000
310
0000000000000000000000000000000000000000000000000000000000000000
310
0000000000000000000000000000000000000000000000000000000000000000
310
0000000000000000000000000000000000000000000000000000000000000000
310
0000000000000000000000000000000000000000000000000000000000000000
310
0000000000000000000000000000000000000000000000000000000000000000
310
0000000000000000000000000000000000000000000000000000000000000000
310
0000000000000000000000000000000000000000000000000000000000000000
310
0000000000000000000000000000000000000000000000000000000000000000
310
0000000000000000000000000000000000000000000000000000000000000000
310
0000000000000000000000000000000000000000000000000000000000000000
310
0000000000000000000000000000000000000000000000000000000000000000
310
0000000000000000000000000000000000000000000000000000000000000000
310
0000000000000000000000000000000000000000000000000000000000000000
310
0000000000000000000000000000000000000000000000000000000000000000
310
0000000000000000000000000000000000000000000000000000000000000000
310
0000000000000000000000000000000000000000000000000000000000000000
310
0000000000000000000000000000000000000000000000000000000000000000
310
0000000000000000000000000000000000000000000000000000000000000000
310
0000000000000000000000000000000000000000000000000000000000000000
310
0000000000000000000000000000000000000000000000000000000000000000
310
0000000000000000000000000000000000000000000000000000000000000000
310
0000000000000000000000000000000000000000000000000000000000000000
310
0000000000000000000000000000000000000000000000000000000000000000
310
0000000000000000000000000000000000000000000000000000000000000000
310
0000000000000000000000000000000000000000000000000000000000000000
310
0000000000000000000000000000000000000000000000000000000000000000
310
0000000000000000000000000000000000000000000000000000000000000000
310
0000000000000000000000000000000000000000000000000000000000000000
310
0000000000000000000000000000000000000000000000000000000000000000
310
0000000000000000000000000000000000000000000000000000000000000000
310
0000000000000000000000000000000000000000000000000000000000000000
310
0000000000000000000000000000000000000000000000000000000000000000
310
0000000000000000000000000000000000000000000000000000000000000000
310
0000000000000000000000000000000000000000000000000000000000000000
310
0000000000000000000000000000000000000000000000000000000000000000
310
0000000000000000000000000000000000000000000000000000000000000000
310
0000000000000000000000000000000000000000000000000000000000000000
310
0000000000000000000000000000000000000000000000000000000000000000
310
0000000000000000000000000000000000000000000000000000000000000000
310
0000000000000000000000000000000000000000000000000000000000000000
310
0000000000000000000000000000000000000000000000000000000000000000
310
0000000000000000000000000000000000000000000000000000000000000000
310
0000000000000000000000000000000000000000000000000000000000000000
310
0000000000000000000000000000000000000000000000000000000000000000
310
0000000000000000000000000000000000000000000000000000000000000000
310
0000000000000000000000000000000000000000000000000000000000000000
310
0000000000000000000000000000000000000000000000000000000000000000
310
0000000000000000000000000000000000000000000000000000000000000000
310
0000000000000000000000000000000000000000000000000000000000000000
310
0000000000000000000000000000000000000000000000000000000000000000
310
0000000000000000000000000000000000000000000000000000000000000000
310
0000000000000000000000000000000000000000000000000000000000000000
310
0000000000000000000000000000000000000000000000000000000000000000
310
0000000000000000000000000000000000000000000000000000000000000000
310
0000000000000000000000000000000000000000000000000000000000000000
310
0000000000000000000000000000000000000000000000000000000000000000
310
0000000000000000000000000000000000000000000000000000000000000000
310
0000000000000000000000000000000000000000000000000000000000000000
310
0000000000000000000000000000000000000000000000000000000000000000
310
0000000000000000000000000000000000000000000000000000000000000000
310
0000000000000000000000000000000000000000000000000000000000000000
310
0000000000000000000000000000000000000000000000000000000000000000
310
0000000000000000000000000000000000000000000000000000000000000000
310
0000000000000000000000000000000000000000000000000000000000000000
310
0000000000000000000000000000000000000000000000000000000000000000
310
0000000000000000000000000000000000000000000000000000000000000000
310
0000000000000000000000000000000000000000000000000000000000000000
310
0000000000000000000000000000000000000000000000000000000000000000
310
0000000000000000000000000000000000000000000000000000000000000000
310
0000000000000000000000000000000000000000000000000000000000000000
310
0000000000000000000000000000000000000000000000000000000000000000
310
0000000000000000000000000000000000000000000000000000000000000000
310
0000000000000000000000000000000000000000000000000000000000000000
310
0000000000000000000000000000000000000000000000000000000000000000
310
0000000000000000000000000000000000000000000000000000000000000000
310
0000000000000000000000000000000000000000000000000000000000000000
310
0000000000000000000000000000000000000000000000000000000000000000
310
0000000000000000000000000000000000000000000000000000000000000000
310
0000000000000000000000000000000000000000000000000000000000000000
310
0000000000000000000000000000000000000000000000000000000000000000
310
0000000000000000000000000000000000000000000000000000000000000000
310
0000000000000000000000000000000000000000000000000000000000000000
  1
OLE
  0
ENDBLK
  5
ACE
330
AB5
100
AcDbEntity
  8
0
100
AcDbBlockEnd
  0
ENDSEC
  0
SECTION
  2
ENTITIES
  0
TEXT
  5
2B
330
1F
100
AcDbEntity
  8
Default
  6
Continuous
 62
     7
 48
25.4
100
AcDbText
 10
407.9394958221
 20
3.3526996904
 30
0.0
 40
2.5
  1
1/1
  7
SEACAD_arial_ttf
 11
407.9394958221
 21
5.8526996904
 31
0.0
100
AcDbText
 73
     3
  0
TEXT
  5
2D
330
1F
100
AcDbEntity
  8
Default
  6
Continuous
 62
     7
 48
25.4
100
AcDbText
 10
90.4190295825
 20
18.1838611999
 30
0.0
 40
2.5
  1
29.1.2012
  7
SEACAD_arial_ttf
 11
90.4190295825
 21
20.6838611999
 31
0.0
100
AcDbText
 73
     3
  0
TEXT
  5
2E
330
1F
100
AcDbEntity
  8
Default
  6
Continuous
 62
     7
 48
25.4
100
AcDbText
 10
118.1192471591
 20
14.1261524937
 30
0.0
 40
2.5
  1
Application For TYZG
  7
SEACAD_arial_ttf
 11
118.1192471591
 21
16.6261524937
 31
0.0
100
AcDbText
 73
     3
  0
TEXT
  5
2F
330
1F
100
AcDbEntity
  8
Default
  6
Continuous
 62
     7
 48
25.4
100
AcDbText
 10
217.5120287766
 20
18.3830178426
 30
0.0
 40
3.0
  1
SINAMICS S120 CABINET MODULE
  7
SEACAD_arial_ttf
 11
217.5120287766
 21
21.3830178426
 31
0.0
100
AcDbText
 73
     3
  0
LINE
  5
30
330
1F
100
AcDbEntity
  8
Default
  6
Continuous
 62
     7
 48
25.4
100
AcDbLine
 10
2.3536943585
 20
2.3387260724
 30
0.0
 11
2.3536943585
 21
295.367936872
 31
0.0
  0
LINE
  5
31
330
1F
100
AcDbEntity
  8
Default
  6
Continuous
 62
     7
 48
25.4
100
AcDbLine
 10
2.3536943585
 20
295.367936872
 30
0.0
 11
17.4053206374
 21
295.367936872
 31
0.0
  0
LINE
  5
32
330
1F
100
AcDbEntity
  8
Default
  6
Continuous
 62
     7
 48
25.4
100
AcDbLine
 10
17.4053206374
 20
295.367936872
 30
0.0
 11
17.4053206374
 21
2.2887719549
 31
0.0
  0
LINE
  5
33
330
1F
100
AcDbEntity
  8
Default
  6
Continuous
 62
     7
 48
25.4
100
AcDbLine
 10
2.3536943585
 20
22.3780312544
 30
0.0
 11
418.371481467
 21
22.3780312544
 31
0.0
  0
LINE
  5
34
330
1F
100
AcDbEntity
  8
Default
  6
Continuous
 62
     7
 48
25.4
100
AcDbLine
 10
2.3536943585
 20
2.3387260724
 30
0.0
 11
418.3815859796
 21
2.3387260724
 31
0.0
  0
LINE
  5
35
330
1F
100
AcDbEntity
  8
Default
  6
Continuous
 62
     7
 48
25.4
100
AcDbLine
 10
418.3815859796
 20
2.3387260724
 30
0.0
 11
418.3815859796
 21
12.3583786634
 31
0.0
  0
LINE
  5
36
330
1F
100
AcDbEntity
  8
Default
  6
Continuous
 62
     7
 48
25.4
100
AcDbLine
 10
2.3536943585
 20
17.4292010885
 30
0.0
 11
113.5726390539
 21
17.4292010885
 31
0.0
  0
LINE
  5
37
330
1F
100
AcDbEntity
  8
Default
  6
Continuous
 62
     7
 48
25.4
100
AcDbLine
 10
2.3536943585
 20
12.3448305674
 30
0.0
 11
113.5726390539
 21
12.3448305674
 31
0.0
  0
LINE
  5
38
330
1F
100
AcDbEntity
  8
Default
  6
Continuous
 62
     7
 48
25.4
100
AcDbLine
 10
2.3536943585
 20
7.3978754658
 30
0.0
 11
175.5469932439
 21
7.3978754658
 31
0.0
  0
LINE
  5
39
330
1F
100
AcDbEntity
  8
Default
  6
Continuous
 62
     7
 48
25.4
100
AcDbLine
 10
35.5206807835
 20
22.3780312544
 30
0.0
 11
35.5206807835
 21
2.3387260724
 31
0.0
  0
LINE
  5
3A
330
1F
100
AcDbEntity
  8
Default
  6
Continuous
 62
     7
 48
25.4
100
AcDbLine
 10
50.4989615079
 20
22.3780312544
 30
0.0
 11
50.4989615079
 21
2.3387260724
 31
0.0
  0
LINE
  5
3B
330
1F
100
AcDbEntity
  8
Default
  6
Continuous
 62
     7
 48
25.4
100
AcDbLine
 10
68.5003814611
 20
22.3780312544
 30
0.0
 11
68.5003814611
 21
2.3387260724
 31
0.0
  0
LINE
  5
3C
330
1F
100
AcDbEntity
  8
Default
  6
Continuous
 62
     7
 48
25.4
100
AcDbLine
 10
88.4256172872
 20
22.3780312544
 30
0.0
 11
88.4256172872
 21
2.3387260724
 31
0.0
  0
LINE
  5
3D
330
1F
100
AcDbEntity
  8
Default
  6
Continuous
 62
     7
 48
25.4
100
AcDbLine
 10
113.5726390539
 20
22.3780312544
 30
0.0
 11
113.5726390539
 21
2.3387260724
 31
0.0
  0
LINE
  5
3E
330
1F
100
AcDbEntity
  8
Default
  6
Continuous
 62
     7
 48
25.4
100
AcDbLine
 10
175.5469932439
 20
22.3780312544
 30
0.0
 11
175.5469932439
 21
2.3387260724
 31
0.0
  0
LINE
  5
3F
330
1F
100
AcDbEntity
  8
Default
  6
Continuous
 62
     7
 48
25.4
100
AcDbLine
 10
216.3702623422
 20
22.4041345787
 30
0.0
 11
216.3702623422
 21
2.3648293968
 31
0.0
  0
LINE
  5
40
330
1F
100
AcDbEntity
  8
Default
  6
Continuous
 62
     7
 48
25.4
100
AcDbLine
 10
292.4154591913
 20
22.3780312544
 30
0.0
 11
292.4154591913
 21
2.3387260724
 31
0.0
  0
LINE
  5
41
330
1F
100
AcDbEntity
  8
Default
  6
Continuous
 62
     7
 48
25.4
100
AcDbLine
 10
216.4224689909
 20
17.3825266233
 30
0.0
 11
292.3893558669
 21
17.3825266233
 31
0.0
  0
LINE
  5
42
330
1F
100
AcDbEntity
  8
Default
  6
Continuous
 62
     7
 48
25.4
100
AcDbLine
 10
292.4154591913
 20
12.3583786634
 30
0.0
 11
418.3815859796
 21
12.3583786634
 31
0.0
  0
LINE
  5
43
330
1F
100
AcDbEntity
  8
Default
  6
Continuous
 62
     7
 48
25.4
100
AcDbLine
 10
342.5002991328
 20
12.3583786634
 30
0.0
 11
342.5002991328
 21
2.3387260724
 31
0.0
  0
LINE
  5
44
330
1F
100
AcDbEntity
  8
Default
  6
Continuous
 62
     7
 48
25.4
100
AcDbLine
 10
403.3535220173
 20
12.3878624211
 30
0.0
 11
403.3535220173
 21
2.3682098301
 31
0.0
  0
LINE
  5
45
330
1F
100
AcDbEntity
  8
Default
  6
Continuous
 62
     7
 48
25.4
100
AcDbLine
 10
403.5304245632
 20
7.3485523679
 30
0.0
 11
418.3815859796
 21
7.3485523679
 31
0.0
  0
LINE
  5
46
330
1F
100
AcDbEntity
  8
Default
  6
Continuous
 62
     7
 48
25.4
100
AcDbLine
 10
373.5279709943
 20
12.3583786634
 30
0.0
 11
373.5279709943
 21
295.367936872
 31
0.0
  0
LINE
  5
47
330
1F
100
AcDbEntity
  8
Default
  6
Continuous
 62
     7
 48
25.4
100
AcDbLine
 10
418.3815859796
 20
12.3583786634
 30
0.0
 11
418.0961795111
 21
295.367936872
 31
0.0
  0
LINE
  5
48
330
1F
100
AcDbEntity
  8
Default
  6
Continuous
 62
     7
 48
25.4
100
AcDbLine
 10
373.5279709943
 20
17.3682049589
 30
0.0
 11
418.3765337233
 21
17.3682049589
 31
0.0
  0
LINE
  5
49
330
1F
100
AcDbEntity
  8
Default
  6
Continuous
 62
     7
 48
25.4
100
AcDbLine
 10
12.418550464
 20
22.3780312544
 30
0.0
 11
12.418550464
 21
295.367936872
 31
0.0
  0
TEXT
  5
4A
330
1F
100
AcDbEntity
  8
Default
  6
Continuous
 62
     7
 48
25.4
100
AcDbText
 10
6.6602987402
 20
23.7385837931
 30
0.0
 40
2.0
  1
Copyright (C) Siemens AG 2003
 50
90.0
  7
SEACAD_arial_ttf
 11
4.6602987402
 21
23.7385837931
 31
0.0
100
AcDbText
 73
     3
  0
TEXT
  5
4B
330
1F
100
AcDbEntity
  8
Default
  6
Continuous
 62
     7
 48
25.4
100
AcDbText
 10
10.0789921876
 20
23.7303593051
 30
0.0
 40
2.0
  1
Conveyed confidentially.all rights reserved
 50
90.0
  7
SEACAD_arial_ttf
 11
8.0789921876
 21
23.7303593051
 31
0.0
100
AcDbText
 73
     3
  0
TEXT
  5
4C
330
1F
100
AcDbEntity
  8
Default
  6
Continuous
 62
     7
 48
25.4
100
AcDbText
 10
15.9396095261
 20
23.6409068374
 30
0.0
 40
2.0
  1
Conveyed confidentially.All rights reserved.
 50
90.0
  7
SEACAD_arial_ttf
 11
13.9396095261
 21
23.6409068374
 31
0.0
100
AcDbText
 73
     3
  0
LINE
  5
4D
330
1F
100
AcDbEntity
  8
Default
  6
Continuous
 62
     7
 48
25.4
100
AcDbLine
 10
0.4793737452
 20
0.4225853018
 30
0.0
 11
0.4793737452
 21
297.3663504591
 31
0.0
  0
LINE
  5
4E
330
1F
100
AcDbEntity
  8
Default
  6
Continuous
 62
     7
 48
25.4
100
AcDbLine
 10
0.4793737452
 20
297.3663504591
 30
0.0
 11
420.3758465262
 21
297.3663504591
 31
0.0
  0
LINE
  5
4F
330
1F
100
AcDbEntity
  8
Default
  6
Continuous
 62
     7
 48
25.4
100
AcDbLine
 10
420.3758465262
 20
297.3663504591
 30
0.0
 11
420.3758465262
 21
0.3705419091
 31
0.0
  0
LINE
  5
50
330
1F
100
AcDbEntity
  8
Default
  6
Continuous
 62
     7
 48
25.4
100
AcDbLine
 10
420.3758465262
 20
0.3705419091
 30
0.0
 11
0.4793737452
 21
0.4225853018
 31
0.0
  0
TEXT
  5
51
330
1F
100
AcDbEntity
  8
Default
  6
Continuous
 62
     7
 48
25.4
100
AcDbText
 10
69.912281739
 20
18.9416439795
 30
0.0
 40
2.0
  1
Date
  7
SEACAD_arial_ttf
 11
69.912281739
 21
20.9416439795
 31
0.0
100
AcDbText
 73
     3
  0
TEXT
  5
52
330
1F
100
AcDbEntity
  8
Default
  6
Continuous
 62
     7
 48
25.4
100
AcDbText
 10
69.912281739
 20
14.1598352189
 30
0.0
 40
2.0
  1
Drawn
  7
SEACAD_arial_ttf
 11
69.912281739
 21
16.1598352189
 31
0.0
100
AcDbText
 73
     3
  0
TEXT
  5
53
330
1F
100
AcDbEntity
  8
Default
  6
Continuous
 62
     7
 48
25.4
100
AcDbText
 10
69.8454032948
 20
9.0436342373
 30
0.0
 40
2.0
  1
Appr.
  7
SEACAD_arial_ttf
 11
69.8454032948
 21
11.0436342373
 31
0.0
100
AcDbText
 73
     3
  0
TEXT
  5
54
330
1F
100
AcDbEntity
  8
Default
  6
Continuous
 62
     7
 48
25.4
100
AcDbText
 10
69.7450856285
 20
4.2283862547
 30
0.0
 40
2.0
  1
Norm
  7
SEACAD_arial_ttf
 11
69.7450856285
 21
6.2283862547
 31
0.0
100
AcDbText
 73
     3
  0
TEXT
  5
55
330
1F
100
AcDbEntity
  8
Default
  6
Continuous
 62
     7
 48
25.4
100
AcDbText
 10
3.8210633952
 20
4.2761519369
 30
0.0
 40
2.0
  1
Rev.
  7
SEACAD_arial_ttf
 11
3.8210633952
 21
6.2761519369
 31
0.0
100
AcDbText
 73
     3
  0
TEXT
  5
56
330
1F
100
AcDbEntity
  8
Default
  6
Continuous
 62
     7
 48
25.4
100
AcDbText
 10
18.7650288667
 20
4.1917227534
 30
0.0
 40
2.0
  1
Remarks
  7
SEACAD_arial_ttf
 11
18.7650288667
 21
6.1917227534
 31
0.0
100
AcDbText
 73
     3
  0
TEXT
  5
57
330
1F
100
AcDbEntity
  8
Default
  6
Continuous
 62
     7
 48
25.4
100
AcDbText
 10
36.8328741261
 20
4.1917227534
 30
0.0
 40
2.0
  1
Date
  7
SEACAD_arial_ttf
 11
36.8328741261
 21
6.1917227534
 31
0.0
100
AcDbText
 73
     3
  0
TEXT
  5
58
330
1F
100
AcDbEntity
  8
Default
  6
Continuous
 62
     7
 48
25.4
100
AcDbText
 10
52.030127148
 20
4.1917227534
 30
0.0
 40
2.0
  1
Name
  7
SEACAD_arial_ttf
 11
52.030127148
 21
6.1917227534
 31
0.0
100
AcDbText
 73
     3
  0
TEXT
  5
59
330
1F
100
AcDbEntity
  8
Default
  6
Continuous
 62
     7
 48
25.4
100
AcDbText
 10
90.5813700774
 20
13.3136463535
 30
0.0
 40
2.5
  1
System
  7
SEACAD_arial_ttf
 11
90.5813700774
 21
15.8136463535
 31
0.0
100
AcDbText
 73
     3
  0
TEXT
  5
5A
330
1F
100
AcDbEntity
  8
Default
  6
Continuous
 62
     7
 48
25.4
100
AcDbText
 10
183.6853206882
 20
15.244196752
 30
0.0
 40
3.0
  1
SIEMENS AG
  7
SEACAD_arial_ttf
 11
183.6853206882
 21
18.244196752
 31
0.0
100
AcDbText
 73
     3
  0
TEXT
  5
5B
330
1F
100
AcDbEntity
  8
Default
  6
Continuous
 62
     7
 48
25.4
100
AcDbText
 10
189.6301394906
 20
10.2558947492
 30
0.0
 40
2.0
  1
IDT WNV
  7
SEACAD_arial_ttf
 11
189.6301394906
 21
12.2558947492
 31
0.0
100
AcDbText
 73
     3
  0
TEXT
  5
5C
330
1F
100
AcDbEntity
  8
Default
  6
Continuous
 62
     7
 48
25.4
100
AcDbText
 10
187.416643128
 20
5.828902024
 30
0.0
 40
2.0
  1
Nuernberg Vo
  7
SEACAD_arial_ttf
 11
187.416643128
 21
7.828902024
 31
0.0
100
AcDbText
 73
     3
  0
TEXT
  5
5D
330
1F
100
AcDbEntity
  8
Default
  6
Continuous
 62
     7
 48
25.4
100
AcDbText
 10
89.5077798026
 20
3.6769379787
 30
0.0
 40
2.0
  1
s.ARTUS-Symbol
  7
SEACAD_arial_ttf
 11
89.5077798026
 21
5.6769379787
 31
0.0
100
AcDbText
 73
     3
  0
TEXT
  5
5E
330
1F
100
AcDbEntity
  8
Default
  6
Continuous
 62
     7
 48
25.4
100
AcDbText
 10
115.4064911783
 20
3.8800651267
 30
0.0
 40
2.0
  1
Orig./Repl.f./Repl.by
  7
SEACAD_arial_ttf
 11
115.4064911783
 21
5.8800651267
 31
0.0
100
AcDbText
 73
     3
  0
TEXT
  5
5F
330
1F
100
AcDbEntity
  8
Default
  6
Continuous
 62
     7
 48
25.4
100
AcDbText
 10
408.0914392165
 20
8.366831705
 30
0.0
 40
2.5
  1
Sh
  7
SEACAD_arial_ttf
 11
408.0914392165
 21
10.866831705
 31
0.0
100
AcDbText
 73
     3
  0
LINE
  5
60
330
1F
100
AcDbEntity
  8
Default
  6
Continuous
 62
     7
 48
25.4
100
AcDbLine
 10
373.5279709943
 20
295.367936872
 30
0.0
 11
418.0961795111
 21
295.367936872
 31
0.0
  0
TEXT
  5
61
330
1F
100
AcDbEntity
  8
Default
  6
Continuous
 62
     7
 48
25.4
100
AcDbText
 10
217.9234029594
 20
13.1037158306
 30
0.0
 40
3.0
  1
ZYC309673100006
  7
SEACAD_arial_ttf
 11
217.9234029594
 21
16.1037158306
 31
0.0
100
AcDbText
 73
     3
  0
TEXT
  5
62
330
1F
100
AcDbEntity
  8
Default
  6
Continuous
 62
     7
 48
25.4
100
AcDbText
 10
344.3656404126
 20
7.9585531314
 30
0.0
 40
2.5
  1
TB-MB-AA
  7
SEACAD_arial_ttf
 11
344.3656404126
 21
10.4585531314
 31
0.0
100
AcDbText
 73
     3
  0
TEXT
  5
63
330
1F
100
AcDbEntity
  8
Default
  6
Continuous
 62
     7
 48
25.4
100
AcDbText
 10
293.9273089735
 20
8.7421995238
 30
0.0
 40
2.5
  1
CE_APP
  7
SEACAD_arial_ttf
 11
293.9273089735
 21
11.2421995238
 31
0.0
100
AcDbText
 73
     3
  0
TEXT
  5
64
330
1F
100
AcDbEntity
  8
Default
  6
Continuous
 62
     7
 48
25.4
100
AcDbText
 10
378.904133854
 20
54.6600294256
 30
0.0
 40
1.5
  1
ZYC309673100006
  7
SEACAD_arial_ttf
 11
378.904133854
 21
56.1600294256
 31
0.0
100
AcDbText
 73
     3
  0
TEXT
  5
65
330
1F
100
AcDbEntity
  8
Default
  6
Continuous
 62
     7
 48
25.4
100
AcDbText
 10
378.9373415791
 20
52.5398338608
 30
0.0
 40
1.5
  1
CABINET_600-Z
  7
SEACAD_arial_ttf
 11
378.9373415791
 21
54.0398338608
 31
0.0
100
AcDbText
 73
     3
  0
TEXT
  5
66
330
1F
100
AcDbEntity
  8
Default
  6
Continuous
 62
     7
 48
25.4
100
AcDbText
 10
378.9771007073
 20
50.2978770505
 30
0.0
 40
1.5
  1
D02 M27 M84 Y11 Y33 X30
  7
SEACAD_arial_ttf
 11
378.9771007073
 21
51.7978770505
 31
0.0
100
AcDbText
 73
     3
  0
INSERT
  5
68
330
1F
100
AcDbEntity
  8
Default
100
AcDbBlockReference
  2
SE
 10
0.0
 20
0.0
 30
0.0
  0
DIMENSION
  5
A53
330
1F
100
AcDbEntity
  8
Default
  6
Continuous
 62
     7
 48
25.4
100
AcDbDimension
  2
DMBLK81
 10
41.7474079907
 20
282.74413603
 30
0.0
 11
41.7474079907
 21
194.7441373208
 31
0.0
 70
   160
  1
\A1;<>
 71
     5
 42
-1.0
  3
ISO
100
AcDbAlignedDimension
 13
53.8345426351
 23
106.7441452482
 33
0.0
 14
51.8319663847
 24
282.74413603
 34
0.0
 50
90.0
100
AcDbRotatedDimension
  0
DIMENSION
  5
A5F
330
1F
100
AcDbEntity
  8
Default
  6
Continuous
 62
     7
 48
25.4
100
AcDbDimension
  2
DMBLK82
 10
99.4745426351
 20
101.5162777871
 30
0.0
 11
75.4745428437
 21
101.5162777871
 31
0.0
 70
   160
  1
\A1;<>
 71
     5
 42
-1.0
  3
ISO
100
AcDbAlignedDimension
 13
51.4745426351
 23
107.1041452482
 33
0.0
 14
99.4745426351
 24
110.1150283658
 34
0.0
100
AcDbRotatedDimension
  0
DIMENSION
  5
A6B
330
1F
100
AcDbEntity
  8
Default
  6
Continuous
 62
     7
 48
25.4
100
AcDbDimension
  2
DMBLK83
 10
41.6044313491
 20
91.0590843057
 30
0.0
 11
41.6044313491
 21
67.0590840971
 31
0.0
 70
   161
  1
\A1;<>
 71
     5
 42
-1.0
  3
ISO
100
AcDbAlignedDimension
 13
53.8345426351
 23
91.0590843057
 33
0.0
 14
53.8345426351
 24
43.0590843057
 34
0.0
  0
DIMENSION
  5
A77
330
1F
100
AcDbEntity
  8
Default
  6
Continuous
 62
     7
 48
25.4
100
AcDbDimension
  2
DMBLK84
 10
46.3691052317
 20
91.0590843057
 30
0.0
 11
46.3691052317
 21
89.6590550375
 31
0.0
 70
   160
  1
\A1;<>
 71
     5
 42
-1.0
  3
ISO
100
AcDbAlignedDimension
 13
57.4746920063
 23
88.2590257508
 33
0.0
 14
53.8345426351
 24
91.0590843057
 34
0.0
 50
90.0
100
AcDbRotatedDimension
  0
DIMENSION
  5
A83
330
1F
100
AcDbEntity
  8
Default
  6
Continuous
 62
     7
 48
25.4
100
AcDbDimension
  2
DMBLK85
 10
45.8512060612
 20
43.0590843057
 30
0.0
 11
45.8512060612
 21
44.4590550209
 31
0.0
 70
   160
  1
\A1;<>
 71
     5
 42
-1.0
  3
ISO
100
AcDbAlignedDimension
 13
57.4746920063
 23
45.8590257508
 33
0.0
 14
53.8345426351
 24
43.0590843057
 34
0.0
 50
90.0
100
AcDbRotatedDimension
  0
DIMENSION
  5
A8F
330
1F
100
AcDbEntity
  8
Default
  6
Continuous
 62
     7
 48
25.4
100
AcDbDimension
  2
DMBLK86
 10
57.4746920063
 20
94.7001051645
 30
0.0
 11
54.4746173998
 21
94.7001051645
 31
0.0
 70
   160
  1
\A1;<>
 71
     5
 42
-1.0
  3
ISO
100
AcDbAlignedDimension
 13
51.4745426351
 23
89.1936427469
 33
0.0
 14
57.4746920063
 24
88.2590257508
 34
0.0
100
AcDbRotatedDimension
  0
DIMENSION
  5
A9B
330
1F
100
AcDbEntity
  8
Default
  6
Continuous
 62
     7
 48
25.4
100
AcDbDimension
  2
DMBLK87
 10
99.4745426351
 20
94.9072649647
 30
0.0
 11
96.4745430722
 21
94.9072649647
 31
0.0
 70
   160
  1
\A1;<>
 71
     5
 42
-1.0
  3
ISO
100
AcDbAlignedDimension
 13
93.4745432789
 23
88.2590257508
 33
0.0
 14
99.4745426351
 24
90.6990843057
 34
0.0
100
AcDbRotatedDimension
  0
DIMENSION
  5
AA7
330
1F
100
AcDbEntity
  8
Default
  6
Continuous
 62
     7
 48
25.4
100
AcDbDimension
  2
DMBLK88
 10
94.067024429
 20
45.3214700915
 30
0.0
 11
88.7332736529
 21
50.1607597712
 31
0.0
 70
   163
  1
\A1;<>
 71
     5
 42
-1.0
  3
ISO
100
AcDbDiametricDimension
 15
92.8820621289
 25
46.3965814101
 35
0.0
 40
0.0
1001
ACAD
1000
DSTYLE
1002
{
1070
    73
1070
     1
1070
    74
1070
     1
1070
    77
1070
     0
1070
   279
1070
     2
1070
     0
1002
}
  0
INSERT
  5
AB4
330
1F
100
AcDbEntity
  8
Default
  6
Continuous
 62
     7
 48
25.4
100
AcDbBlockReference
  2
819336
 10
0.0
 20
0.0
 30
0.0
  0
ENDSEC
  0
SECTION
  2
OBJECTS
  0
DICTIONARY
  5
C
330
0
100
AcDbDictionary
281
     1
  3
ACAD_GROUP
350
D
  3
ACAD_LAYOUT
350
1A
  3
ACAD_MLINESTYLE
350
17
  3
ACAD_PLOTSETTINGS
350
19
  3
ACAD_PLOTSTYLENAME
350
E
  0
DICTIONARY
  5
D
102
{ACAD_REACTORS
330
C
102
}
330
C
100
AcDbDictionary
281
     1
  0
DICTIONARY
  5
1A
102
{ACAD_REACTORS
330
C
102
}
330
C
100
AcDbDictionary
281
     1
  3
Layout1
350
1E
  3
Model
350
22
  0
DICTIONARY
  5
17
102
{ACAD_REACTORS
330
C
102
}
330
C
100
AcDbDictionary
281
     1
  3
Standard
350
18
  0
DICTIONARY
  5
19
102
{ACAD_REACTORS
330
C
102
}
330
C
100
AcDbDictionary
281
     1
  0
ACDBDICTIONARYWDFLT
  5
E
102
{ACAD_REACTORS
330
C
102
}
330
C
100
AcDbDictionary
281
     1
  3
Normal
350
F
100
AcDbDictionaryWithDefault
340
F
  0
LAYOUT
  5
1E
102
{ACAD_REACTORS
330
1A
102
}
330
1A
100
AcDbPlotSettings
  1

  2

  4

  6

 40
0.0
 41
0.0
 42
0.0
 43
0.0
 44
0.0
 45
0.0
 46
0.0
 47
0.0
 48
0.0
 49
0.0
140
0.0
141
0.0
142
1.0
143
1.0
 70
   688
 72
     0
 73
     0
 74
     5
  7

 75
    16
147
1.0
148
0.0
149
0.0
100
AcDbLayout
  1
Layout1
 70
     1
 71
     1
 10
0.0
 20
0.0
 11
420.0
 21
297.0
 12
0.0
 22
0.0
 32
0.0
 14
0.0
 24
0.0
 34
0.0
 15
420.0
 25
297.0
 35
0.0
146
0.0
 13
0.0
 23
0.0
 33
0.0
 16
1.0
 26
0.0
 36
0.0
 17
0.0
 27
1.0
 37
0.0
 76
     0
330
1B
  0
LAYOUT
  5
22
102
{ACAD_REACTORS
330
1A
102
}
330
1A
100
AcDbPlotSettings
  1

  2

  4

  6

 40
0.0
 41
0.0
 42
0.0
 43
0.0
 44
0.0
 45
0.0
 46
0.0
 47
0.0
 48
0.0
 49
0.0
140
0.0
141
0.0
142
1.0
143
1.0
 70
  1712
 72
     0
 73
     0
 74
     0
  7

 75
     0
147
1.0
148
0.0
149
0.0
100
AcDbLayout
  1
Model
 70
     1
 71
     0
 10
0.0
 20
0.0
 11
420.0
 21
297.0
 12
0.0
 22
0.0
 32
0.0
 14
0.0
 24
0.0
 34
0.0
 15
420.0
 25
297.0
 35
0.0
146
0.0
 13
0.0
 23
0.0
 33
0.0
 16
1.0
 26
0.0
 36
0.0
 17
0.0
 27
1.0
 37
0.0
 76
     0
330
1F
  0
MLINESTYLE
  5
18
102
{ACAD_REACTORS
330
17
102
}
330
17
100
AcDbMlineStyle
  2
Standard
 70
     0
  3

 62
   256
 51
90.0
 52
90.0
 71
     2
 49
0.5
 62
   256
  6
BYLAYER
 49
-0.5
 62
   256
  6
BYLAYER
  0
ACDBPLACEHOLDER
  5
F
102
{ACAD_REACTORS
330
E
102
}
330
E
  0
ENDSEC
  0
EOF
