Лист;Строка;Тип связи;Книги;Номера деталей;Отметки источника;Комментарий
WK-20;2;Прямая замена по строке;K1623 ↔ K1626;K1623.01.00 ↔ K1626.01.00;;
WK-20;3;Прямая замена по строке;K1623 ↔ K1626;K1623.01.01.00 ↔ K1625.01.01.00;;Взаимозаменяемы в целом: 1623 — износостойкий стальной лист, 1626 — композитный износостойкий лист. Фактически поставляемый 1623 также изготавливается как композитная износостойкая футеровка.
WK-20;4;Одинаковый номер;K1623 ↔ K1626;K1601.30.02.00 ↔ K1601.30.02.00;Да;
WK-20;5;Прямая замена по строке;K1623 ↔ K1626;K1623.01.03.00 ↔ K1625.01.03.00;;Взаимозаменяемы в целом: 1623 — износостойкий стальной лист, 1625 — композитный износостойкий лист. Фактически поставляемый 1623 также изготавливается как композитная износостойкая футеровка.
WK-20;6;Прямая замена по строке;K1623 ↔ K1626;K1601.30.04.00 ↔ K1626.01.04.00;;Взаимозаменяемы в целом, последняя производственная модель — K1626.01.04.00.
WK-20;7;Одинаковый номер;K1623 ↔ K1626;K1601.30.05.00 ↔ K1601.30.05.00;Да;
WK-20;8;Одинаковый номер;K1623 ↔ K1626;K1601.33.06.00 ↔ K1601.33.06.00;Да;
WK-20;9;Одинаковый номер;K1623 ↔ K1626;K1601.30.07.00 ↔ K1601.30.07.00;Да;
WK-20;10;Одинаковый номер;K1623 ↔ K1626;K1601.31.01 ↔ K1601.31.01;Да;
WK-20;11;Одинаковый номер;K1623 ↔ K1626;K1622.01.01 ↔ K1622.01.01;Да;
WK-20;12;Одинаковый номер;K1623 ↔ K1626;K1601.30.03 ↔ K1601.30.03;Да;
WK-20;13;Одинаковый номер;K1623 ↔ K1626;K1601.30.04 ↔ K1601.30.04;Да;
WK-20;14;Одинаковый номер;K1623 ↔ K1626;K1601.30.05 ↔ K1601.30.05;Да;"Размеры одинаковые: K1640.01.12.00 —конструкция из износостойкой стали и сварка A514, более износостойкая; K1623.01.05 — изготовлен из A514 методом резки; 
K1601.30.05 — литьё из высокомарганцовистой стали."
WK-20;15;Одинаковый номер;K1623 ↔ K1626;K1601.30.06 ↔ K1601.30.06;Да;
WK-20;16;Одинаковый номер;K1623 ↔ K1626;K1601.30.07 ↔ K1601.30.07;Да;
WK-20;17;Одинаковый номер;K1623 ↔ K1626;K1601.30.08 ↔ K1601.30.08;Да;
WK-20;18;Одинаковый номер;K1623 ↔ K1626;K1623.01.09.00 ↔ K1623.01.09.00;Да;
WK-20;19;Одинаковый номер;K1623 ↔ K1626;K1601.30.09 ↔ K1601.30.09;Да;
WK-20;20;Одинаковый номер;K1623 ↔ K1626;K1601.30.11 ↔ K1601.30.11;Да;
WK-20;21;Одинаковый номер;K1623 ↔ K1626;GB/T5783 ↔ GB/T5783;Да;
WK-20;22;Одинаковый номер;K1623 ↔ K1626;GB/T95 ↔ GB/T95;Да;
WK-20;23;Одинаковый номер;K1623 ↔ K1626;K1601.30.08.00 ↔ K1601.30.08.00;Да;
WK-20;24;Одинаковый номер;K1623 ↔ K1626;GB/T6170 ↔ GB/T6170;Да;
WK-20;25;Одинаковый номер;K1623 ↔ K1626;GB/T93 ↔ GB/T93;Да;
WK-20;26;Одинаковый номер;K1623 ↔ K1626;K1802.01.10.00 ↔ K1802.01.10.00;Да;
WK-20;29;Одинаковый номер;K1623 ↔ K1626;K1623.01.12 ↔ K1623.01.12;Да;
WK-20;30;Одинаковый номер;K1623 ↔ K1626;K1601.30.13 ↔ K1601.30.13;Да;
WK-20;31;Одинаковый номер;K1623 ↔ K1626;K1601.30.14 ↔ K1601.30.14;Да;
WK-20;32;Одинаковый номер;K1623 ↔ K1626;K1623.01.15 ↔ K1623.01.15;Да;
WK-20;33;Одинаковый номер;K1623 ↔ K1626;K1623.01.16 ↔ K1623.01.16;Да;
WK-20;34;Одинаковый номер;K1623 ↔ K1626;K1623.01.17 ↔ K1623.01.17;Да;
WK-20;35;Одинаковый номер;K1623 ↔ K1626;K1601.33.18 ↔ K1601.33.18;Да;
WK-20;36;Одинаковый номер;K1623 ↔ K1626;K1601.33.19 ↔ K1601.33.19;Да;
WK-20;37;Одинаковый номер;K1623 ↔ K1626;K1601.30.21 ↔ K1601.30.21;Да;
WK-20;38;Одинаковый номер;K1623 ↔ K1626;K1601.30.22 ↔ K1601.30.22;Да;
WK-20;39;Одинаковый номер;K1623 ↔ K1626;GB/T6178 ↔ GB/T6178;Да;
WK-20;40;Одинаковый номер;K1623 ↔ K1626;GB/T91 ↔ GB/T91;Да;
WK-20;41;Одинаковый номер;K1623 ↔ K1626;K1601.30.23 ↔ K1601.30.23;Да;
WK-20;42;Одинаковый номер;K1623 ↔ K1626;K1621.01.02 ↔ K1621.01.02;Да;
WK-20;43;Одинаковый номер;K1623 ↔ K1626;TZQ7310.02.00 ↔ TZQ7310.02.00;Да;
WK-20;44;Одинаковый номер;K1623 ↔ K1626;K1601.30.25 ↔ K1601.30.25;Да;
WK-20;45;Одинаковый номер;K1623 ↔ K1626;K1601.33.26 ↔ K1601.33.26;Да;
WK-20;46;Одинаковый номер;K1623 ↔ K1626;K1601.31.02 ↔ K1601.31.02;Да;
WK-20;47;Одинаковый номер;K1623 ↔ K1626;K1613.01.27 ↔ K1613.01.27;Да;
WK-20;48;Одинаковый номер;K1623 ↔ K1626;K1613.01.11.00 ↔ K1613.01.11.00;Да;
WK-20;49;Одинаковый номер;K1623 ↔ K1626;GB/T6170 ↔ GB/T6170;Да;
WK-20;50;Одинаковый номер;K1623 ↔ K1626;GB/T93 ↔ GB/T93;Да;
WK-20;51;Одинаковый номер;K1623 ↔ K1626;K1601.02.00 ↔ K1601.02.00;Да;Последняя производственная модель — K1643.02.00, технологические требования: симметричность, сборка и сварка.
WK-20;52;Одинаковый номер;K1623 ↔ K1626;K1601.02.01.00 ↔ K1601.02.01.00;Да;
WK-20;53;Одинаковый номер;K1623 ↔ K1626;K1601.02.02.00 ↔ K1601.02.02.00;Да;
WK-20;54;Одинаковый номер;K1623 ↔ K1626;K1601.02.03.00 ↔ K1601.02.03.00;Да;
WK-20;56;Одинаковый номер;K1623 ↔ K1626;K1601.02.01 ↔ K1601.02.01;Да;
WK-20;57;Одинаковый номер;K1623 ↔ K1626;K1601.02.02 ↔ K1601.02.02;Да;
WK-20;59;Прямая замена по строке;K1623 ↔ K1626;K1619.03.00 ↔ K1626.03.00;;
WK-20;60;Прямая замена по строке;K1623 ↔ K1626;K1601.03.01.00 ↔ K1626.03.01.00;;
WK-20;61;Одинаковый номер;K1623 ↔ K1626;K1601.03.02.00 ↔ K1601.03.02.00;Да;
WK-20;62;Одинаковый номер;K1623 ↔ K1626;K1602.03.03.00 ↔ K1602.03.03.00;Да;
WK-20;63;Одинаковый номер;K1623 ↔ K1626;K1601.03.04.00 ↔ K1601.03.04.00;Да;
WK-20;64;Прямая замена по строке;K1623 ↔ K1626;K1602.03.05.00A ↔ K1625.03.05.00;;Взаимозаменяемы в целом: 1602 — обычный стальной канат, 1625 — стальной канат (спиральный/арматурный).
WK-20;65;Одинаковый номер;K1623 ↔ K1626;K1602.03.06.00 ↔ K1602.03.06.00;Да;
WK-20;66;Одинаковый номер;K1623 ↔ K1626;K1606.03.08.00 ↔ K1606.03.08.00;Да;
WK-20;67;Одинаковый номер;K1623 ↔ K1626;K1603.03.09.00 ↔ K1603.03.09.00;Да;
WK-20;68;Одинаковый номер;K1623 ↔ K1626;K1602.03.10.00 ↔ K1602.03.10.00;Да;Последняя производственная модель — K1643.03.10.00, требования к технологии производства и изготовления.
WK-20;69;Одинаковый номер;K1623 ↔ K1626;K1601.03.11.00A ↔ K1601.03.11.00A;Да;Последняя производственная модель — CK1601.03.11.00, требования к технологии производства и изготовления.
WK-20;70;Прямая замена по строке;K1623 ↔ K1626;K1602.03.12.00 ↔ K1626.03.12.00;;Последняя производственная модель — K1636.03.12.00, требования к технологии производства и изготовления.
WK-20;71;Одинаковый номер;K1623 ↔ K1626;K1601.03.13.00 ↔ K1601.03.13.00;Да;
WK-20;72;Прямая замена по строке;K1623 ↔ K1626;K1608.03.15.00 ↔ K1626.03.15.00;;
WK-20;73;Одинаковый номер;K1623 ↔ K1626;K1601.03.17.00 ↔ K1601.03.17.00;Да;
WK-20;74;Одинаковый номер;K1623 ↔ K1626;K1601.03.18.00 ↔ K1601.03.18.00;Да;
WK-20;75;Одинаковый номер;K1623 ↔ K1626;K1601.03.19.00 ↔ K1601.03.19.00;Да;
WK-20;76;Одинаковый номер;K1623 ↔ K1626;K1601.03.20.00A ↔ K1601.03.20.00A;Да;Последняя производственная модель — CK1601.03.20.00, требования к технологии производства и изготовления.
WK-20;77;Прямая замена по строке;K1623 ↔ K1626;K1609.03.21.00 ↔ K1626.03.21.00;;Не взаимозаменяемы: 1609 — портальное седло, 1626 — Г-образное седло.
WK-20;78;Прямая замена по строке;K1623 ↔ K1626;K1602.03.22.00 ↔ K1626.03.22.00;;
WK-20;79;Одинаковый номер;K1623 ↔ K1626;K1619.03.23.00 ↔ K1619.03.23.00;Да;
WK-20;80;Одинаковый номер;K1623 ↔ K1626;K1601.03.11.02.00 ↔ K1601.03.11.02.00;Да;
WK-20;81;Прямая замена по строке;K1623 ↔ K1626;K1612.04.00 ↔ K1626.04.00;;Взаимозаменяемы в целом
WK-20;82;Одинаковый номер;K1623 ↔ K1626;K1612.04.01.00 ↔ K1612.04.01.00;Да;
WK-20;83;Прямая замена по строке;K1623 ↔ K1626;K1612.04.00-01 ↔ K1801.04.01.00;;Стальной канат одинаковый.
WK-20;84;Прямая замена по строке;K1623 ↔ K1626;K1601.04.03.00 ↔ K1601.04.01;;
WK-20;85;Прямая замена по строке;K1623 ↔ K1626;K1601.04.01 ↔ K1601.04.02;;
WK-20;86;Прямая замена по строке;K1623 ↔ K1626;K1601.04.02 ↔ K1601.04.03;;
WK-20;87;Прямая замена по строке;K1623 ↔ K1626;K1601.04.03 ↔ GB/T5783;;
WK-20;88;Прямая замена по строке;K1623 ↔ K1626;GB/T5783 ↔ NL24;;
WK-20;89;Прямая замена по строке;K1623 ↔ K1626;NL24 ↔ GB/T6170;;
WK-20;90;Прямая замена по строке;K1623 ↔ K1626;GB/T6170 ↔ K1601.04.04.00;;
WK-20;91;Прямая замена по строке;K1623 ↔ K1626;K1601.04.04.00 ↔ GB/T882;;
WK-20;92;Прямая замена по строке;K1623 ↔ K1626;GB/T882 ↔ GB/T91;;
WK-20;94;Прямая замена по строке;K1623 ↔ K1626;K1619.05.00 ↔ K1626.05.00;;
WK-20;95;Прямая замена по строке;K1623 ↔ K1626;K1601.05.01.00 ↔ K1626.05.01.00;;
WK-20;96;Прямая замена по строке;K1623 ↔ K1626;K1601.05.02.00 ↔ K1601.05.02.00A;;Взаимозаменяемы в целом, последняя производственная модель — CK1601.05.02.00, требования к технологии производства и изготовления.
WK-20;97;Прямая замена по строке;K1623 ↔ K1626;K1601.05.03.00 ↔ K1601.05.03.00A;;Взаимозаменяемы в целом, последняя производственная модель — CK1601.05.02.00, требования к технологии производства и изготовления.
WK-20;98;Одинаковый номер;K1623 ↔ K1626;K1602.05.04.00 ↔ K1602.05.04.00;Да;Взаимозаменяемы в целом, последняя производственная модель — CK1643.05.04.00, общая оптимизация.
WK-20;99;Прямая замена по строке;K1623 ↔ K1626;K1604.05.05.00 ↔ K1626.05.05.00;;Взаимозаменяемы в целом, последняя производственная модель — K1626.05.05.00, требования к технологии производства и изготовления.
WK-20;100;Прямая замена по строке;K1623 ↔ K1626;K1601.05.06.00 ↔ K1626.05.06.00;;Взаимозаменяемы в целом, последняя производственная модель — K1643.05.06.00, общая оптимизация.
WK-20;101;Прямая замена по строке;K1623 ↔ K1626;K1602.05.07.00 ↔ K1626.05.07.00;;Взаимозаменяемы в целом, последняя производственная модель — K1636.05.07.00, требования к технологии производства и изготовления.
WK-20;102;Прямая замена по строке;K1623 ↔ K1626;K1602.05.08.00 ↔ K1626.05.08.00;;Взаимозаменяемы в целом, последняя производственная модель — K1602.05.08.00.
WK-20;103;Одинаковый номер;K1623 ↔ K1626;K1602.05.04 ↔ K1602.05.04;Да;
WK-20;104;Прямая замена по строке;K1623 ↔ K1626;K1601.05.09.00 ↔ K1601.05.05;;
WK-20;105;Одинаковый номер;K1623 ↔ K1626;K1604.05.01 ↔ K1604.05.01;Да;
WK-20;106;Одинаковый номер;K1623 ↔ K1626;K1602.05.03 ↔ K1602.05.03;Да;
WK-20;107;Одинаковый номер;K1623 ↔ K1626;K1604.05.02 ↔ K1604.05.02;Да;
WK-20;108;Одинаковый номер;K1623 ↔ K1626;K1601.05.04 ↔ K1601.05.04;Да;
WK-20;109;Прямая замена по строке;K1623 ↔ K1626;K1601.05.05 ↔ GB/T5781;;
WK-20;110;Прямая замена по строке;K1623 ↔ K1626;GB/T5781 ↔ GB/T93;;
WK-20;111;Прямая замена по строке;K1623 ↔ K1626;GB/T93 ↔ TZQ7310.02.00;;
WK-20;112;Прямая замена по строке;K1623 ↔ K1626;TZQ7310.02.00 ↔ K1601.05.06;;
WK-20;113;Прямая замена по строке;K1623 ↔ K1626;K1601.05.06 ↔ K1619.05.11.00;;
WK-20;114;Прямая замена по строке;K1623 ↔ K1626;K1619.05.11.00 ↔ K1602.05.05;;
WK-20;115;Прямая замена по строке;K1623 ↔ K1626;K1602.05.05 ↔ K1602.05.06;;
WK-20;116;Прямая замена по строке;K1623 ↔ K1626;K1602.05.06 ↔ K1602.05.07;;
WK-20;117;Прямая замена по строке;K1623 ↔ K1626;K1602.05.07 ↔ K1604.05.08;;
WK-20;118;Прямая замена по строке;K1623 ↔ K1626;K1619.05.00-01 ↔ K1626.05.09;;
WK-20;119;Прямая замена по строке;K1623 ↔ K1626;K1604.05.08 ↔ K1626.05.11;;
WK-20;120;Одинаковый номер;K1623 ↔ K1626;K1623.06.00 ↔ K1623.06.00;Да;
WK-20;121;Одинаковый номер;K1623 ↔ K1626;K1601.06.01.00 ↔ K1601.06.01.00;Да;
WK-20;122;Одинаковый номер;K1623 ↔ K1626;K1613.06.02.00 ↔ K1613.06.02.00;Да;
WK-20;123;Одинаковый номер;K1623 ↔ K1626;K1605.06.07.00 ↔ K1605.06.07.00;Да;
WK-20;124;Прямая замена по строке;K1623 ↔ K1626;K1601.06.10.00 ↔ K1601.06.08.00;;
WK-20;125;Прямая замена по строке;K1623 ↔ K1626;K1601.06.08.00 ↔ K1601.06.10.00;;
WK-20;126;Одинаковый номер;K1623 ↔ K1626;K1623.06.11.00 ↔ K1623.06.11.00;Да;Последняя производственная модель — K1643.06.11.00, универсальная, требования к технологии производства и изготовления.
WK-20;127;Одинаковый номер;K1623 ↔ K1626;K1601.06.01 ↔ K1601.06.01;Да;
WK-20;128;Одинаковый номер;K1623 ↔ K1626;K1618.06.02 ↔ K1618.06.02;Да;
WK-20;129;Одинаковый номер;K1623 ↔ K1626;GB/T5783 ↔ GB/T5783;Да;
WK-20;130;Одинаковый номер;K1623 ↔ K1626;GB/T5783 ↔ GB/T5783;Да;
WK-20;131;Одинаковый номер;K1623 ↔ K1626;GB/T93 ↔ GB/T93;Да;
WK-20;132;Одинаковый номер;K1623 ↔ K1626;K1623.06.11.01.00 ↔ K1623.06.11.01.00;Да;
WK-20;133;Прямая замена по строке;K1623 ↔ K1626;K1605.07.00 ↔ K1626.07.00;;
WK-20;134;Одинаковый номер;K1623 ↔ K1626;K1605.07.01.00 ↔ K1605.07.01.00;Да;Последняя производственная модель — K1643.07.01.00, требования к технологии производства и изготовления.
WK-20;135;Одинаковый номер;K1623 ↔ K1626;K1605.07.02.00 ↔ K1605.07.02.00;Да;Последняя производственная модель — CK1605.07.02.00, требования к технологии производства и изготовления.
WK-20;136;Прямая замена по строке;K1623 ↔ K1626;K1602.07.03.00 ↔ K1626.07.03.00;;
WK-20;137;Прямая замена по строке;K1623 ↔ K1626;K1601.07.01 ↔ MB224;;
WK-20;138;Прямая замена по строке;K1623 ↔ K1626;K1601.07.02 ↔ K1601.07.01;;
WK-20;139;Прямая замена по строке;K1623 ↔ K1626;JB/ZQ4321 ↔ K1601.07.02;;
WK-20;140;Прямая замена по строке;K1623 ↔ K1626;GB/T93 ↔ JB/ZQ4321;;
WK-20;141;Прямая замена по строке;K1623 ↔ K1626;GB/T6170 ↔ GB/T93;;
WK-20;142;Прямая замена по строке;K1623 ↔ K1626;JB/ZQ4446 ↔ GB/T6170;;
WK-20;143;Прямая замена по строке;K1623 ↔ K1626;GB/T5782 ↔ JB/ZQ4446;;
WK-20;144;Прямая замена по строке;K1623 ↔ K1626;NL30 ↔ GB/T5782;;
WK-20;145;Прямая замена по строке;K1623 ↔ K1626;K1601.07.03 ↔ NL30;;
WK-20;146;Прямая замена по строке;K1623 ↔ K1626;K1605.07.04 ↔ K1601.07.03;;
WK-20;147;Прямая замена по строке;K1623 ↔ K1626;GB/T5783 ↔ K1605.07.04;;
WK-20;148;Прямая замена по строке;K1623 ↔ K1626;GB/T93 ↔ GB/T5783;;
WK-20;149;Прямая замена по строке;K1623 ↔ K1626;GB/T95 ↔ GB/T93;;
WK-20;150;Прямая замена по строке;K1623 ↔ K1626;K1605.07.05.00 ↔ GB/T95;;
WK-20;151;Прямая замена по строке;K1623 ↔ K1626;Q11F-16 ↔ K1605.07.05.00;;
WK-20;152;Прямая замена по строке;K1623 ↔ K1626;K1605.09.00 ↔ K1626.09.00;;
WK-20;153;Одинаковый номер;K1623 ↔ K1626;K1605.09.01.00 ↔ K1605.09.01.00;Да;
WK-20;154;Одинаковый номер;K1623 ↔ K1626;K1605.09.02.00 ↔ K1605.09.02.00;Да;
WK-20;155;Прямая замена по строке;K1623 ↔ K1626;K1605.09.03.00 ↔ K1626.09.03.00;;Не универсальны: K1626 — двигатель увеличенной мощности, удлинён на 100.
WK-20;156;Одинаковый номер;K1623 ↔ K1626;K1605.09.04.00 ↔ K1605.09.04.00;Да;
WK-20;157;Прямая замена по строке;K1623 ↔ K1626;K1605.09.05.00 ↔ K1626.09.05.00;;
WK-20;158;Прямая замена по строке;K1623 ↔ K1626;K1605.09.06.00 ↔ K1626.09.06.00;;
WK-20;159;Прямая замена по строке;K1623 ↔ K1626;K1605.09.07.00 ↔ K1626.09.07.00;;
WK-20;160;Одинаковый номер;K1623 ↔ K1626;K1605.09.08.00 ↔ K1605.09.08.00;Да;
WK-20;161;Одинаковый номер;K1623 ↔ K1626;K1605.09.09.00 ↔ K1605.09.09.00;Да;
WK-20;162;Одинаковый номер;K1623 ↔ K1626;K1605.09.01 ↔ K1605.09.01;Да;
WK-20;163;Одинаковый номер;K1623 ↔ K1626;GB/T5783 ↔ GB/T5783;Да;
WK-20;164;Одинаковый номер;K1623 ↔ K1626;GB/T93 ↔ GB/T93;Да;
WK-20;165;Одинаковый номер;K1623 ↔ K1626;GB/T6170 ↔ GB/T6170;Да;
WK-20;166;Одинаковый номер;K1623 ↔ K1626;K1605.09.02 ↔ K1605.09.02;Да;
WK-20;167;Одинаковый номер;K1623 ↔ K1626;GB/T5782 ↔ GB/T5782;Да;
WK-20;168;Одинаковый номер;K1623 ↔ K1626;GB/T6170 ↔ GB/T6170;Да;
WK-20;169;Одинаковый номер;K1623 ↔ K1626;GB/T93 ↔ GB/T93;Да;
WK-20;170;Одинаковый номер;K1623 ↔ K1626;K1605.09.03 ↔ K1605.09.03;Да;
WK-20;171;Одинаковый номер;K1623 ↔ K1626;K1605.09.04 ↔ K1605.09.04;Да;
WK-20;172;Одинаковый номер;K1623 ↔ K1626;K1605.09.05 ↔ K1605.09.05;Да;
WK-20;173;Одинаковый номер;K1623 ↔ K1626;GB/T5783 ↔ GB/T5783;Да;
WK-20;174;Одинаковый номер;K1623 ↔ K1626;GB/T6170 ↔ GB/T6170;Да;
WK-20;175;Одинаковый номер;K1623 ↔ K1626;GB/T93 ↔ GB/T93;Да;
WK-20;176;Одинаковый номер;K1623 ↔ K1626;GB/T5782 ↔ GB/T5782;Да;
WK-20;177;Прямая замена по строке;K1623 ↔ K1626;K1618.10.00 ↔ K1626.10.00;;Последняя производственная модель — K1626.10.00.
WK-20;178;Одинаковый номер;K1623 ↔ K1626;K1605.10.01.00 ↔ K1605.10.01.00;Да;
WK-20;179;Прямая замена по строке;K1623 ↔ K1626;K1605.10.02.00 ↔ K1626.10.02.00;;Последняя производственная модель — K1626.10.02.00, требования к технологии производства и изготовления.
WK-20;180;Одинаковый номер;K1623 ↔ K1626;K1605.10.03.00 ↔ K1605.10.03.00;Да;
WK-20;181;Одинаковый номер;K1623 ↔ K1626;K1605.10.04.00 ↔ K1605.10.04.00;Да;
WK-20;182;Одинаковый номер;K1623 ↔ K1626;K1605.10.01 ↔ K1605.10.01;Да;
WK-20;183;Одинаковый номер;K1623 ↔ K1626;K1605.10.02 ↔ K1605.10.02;Да;
WK-20;184;Одинаковый номер;K1623 ↔ K1626;GB/T31.1 ↔ GB/T31.1;Да;
WK-20;185;Одинаковый номер;K1623 ↔ K1626;GB/T6178 ↔ GB/T6178;Да;
WK-20;186;Одинаковый номер;K1623 ↔ K1626;GB/T91 ↔ GB/T91;Да;
WK-20;189;Прямая замена по строке;K1623 ↔ K1626;K1618.10.06.00 ↔ K1626.10.06.00;;Последняя производственная модель — K1626.10.06.00, общая оптимизация.
WK-20;190;Прямая замена по строке;K1623 ↔ K1626;GB/T91 ↔ GB/T95;;
WK-20;192;Прямая замена по строке;K1623 ↔ K1626;K1605.10.05.00 ↔ K1626.10.05.00;;
WK-20;193;Прямая замена по строке;K1623 ↔ K1626;K1605.10.04 ↔ K1623.10.07.00;;Полностью взаимозаменяем
WK-20;195;Прямая замена по строке;K1623 ↔ K1626;K1623.11.00 ↔ K1626.11.00;;
WK-20;196;Прямая замена по строке;K1623 ↔ K1626;K1605.11.02.00 ↔ K1626.11.01.00;;
WK-20;197;Прямая замена по строке;K1623 ↔ K1626;K1605.11.01.00 ↔ K1605.11.02.00;;
WK-20;198;Одинаковый номер;K1623 ↔ K1626;K1605.11.03.00 ↔ K1605.11.03.00;Да;
WK-20;199;Прямая замена по строке;K1623 ↔ K1626;K1605.11.05.00 ↔ K1626.11.04.00;;
WK-20;200;Прямая замена по строке;K1623 ↔ K1626;K1605.11.04.00 ↔ K1626.11.05.00;;
WK-20;201;Прямая замена по строке;K1623 ↔ K1626;K1605.11.06.00 ↔ K1626.11.06.00;;
WK-20;202;Одинаковый номер;K1623 ↔ K1626;K1605.11.07.00 ↔ K1605.11.07.00;Да;
WK-20;203;Прямая замена по строке;K1623 ↔ K1626;K1605.11.08.00 ↔ K1626.11.08.00;;
WK-20;204;Прямая замена по строке;K1623 ↔ K1626;K1605.11.09.00 ↔ K1626.11.09.00;;
WK-20;205;Одинаковый номер;K1623 ↔ K1626;K1605.11.10.00 ↔ K1605.11.10.00;Да;
WK-20;206;Прямая замена по строке;K1623 ↔ K1626;K1605.11.11.00 ↔ K1626.11.11.00;;
WK-20;207;Прямая замена по строке;K1623 ↔ K1626;K1605.11.12.00 ↔ K1626.11.12.00;;
WK-20;208;Прямая замена по строке;K1623 ↔ K1626;K1605.11.14.00 ↔ K1605.11.13.00;;
WK-20;209;Прямая замена по строке;K1623 ↔ K1626;K1605.11.13.00 ↔ K1605.11.14.00;;
WK-20;210;Одинаковый номер;K1623 ↔ K1626;K1605.11.15.00 ↔ K1605.11.15.00;Да;
WK-20;211;Одинаковый номер;K1623 ↔ K1626;K1605.11.16.00 ↔ K1605.11.16.00;Да;
WK-20;212;Одинаковый номер;K1623 ↔ K1626;K1605.11.17.00 ↔ K1605.11.17.00;Да;
WK-20;213;Одинаковый номер;K1623 ↔ K1626;K1605.11.18.00 ↔ K1605.11.18.00;Да;
WK-20;214;Одинаковый номер;K1623 ↔ K1626;K1605.11.19.00 ↔ K1605.11.19.00;Да;
WK-20;215;Одинаковый номер;K1623 ↔ K1626;K1605.11.20.00 ↔ K1605.11.20.00;Да;
WK-20;216;Одинаковый номер;K1623 ↔ K1626;K1605.11.21.00 ↔ K1605.11.21.00;Да;
WK-20;217;Прямая замена по строке;K1623 ↔ K1626;K1605.11.22.00 ↔ K1626.11.22.00;;
WK-20;218;Одинаковый номер;K1623 ↔ K1626;K1605.11.23.00 ↔ K1605.11.23.00;Да;
WK-20;219;Одинаковый номер;K1623 ↔ K1626;K1605.11.24.00 ↔ K1605.11.24.00;Да;
WK-20;220;Прямая замена по строке;K1623 ↔ K1626;K1622.11.25.00 ↔ K1625.11.25.00;;
WK-20;221;Одинаковый номер;K1623 ↔ K1626;K1605.11.26.00 ↔ K1605.11.26.00;Да;
WK-20;222;Прямая замена по строке;K1623 ↔ K1626;K1605.11.27.00 ↔ K1626.11.28.00;;
WK-20;223;Прямая замена по строке;K1623 ↔ K1626;K1605.11.28.00 ↔ K1605.11.29.00;;
WK-20;224;Прямая замена по строке;K1623 ↔ K1626;K1605.11.29.00 ↔ K1605.11.30.00;;
WK-20;225;Прямая замена по строке;K1623 ↔ K1626;K1605.11.30.00 ↔ K1625.11.00-01;;
WK-20;226;Прямая замена по строке;K1623 ↔ K1626;K1623.11.00-01 ↔ GB/T5783;;
WK-20;227;Прямая замена по строке;K1623 ↔ K1626;GB/T5783 ↔ GB/T6170;;
WK-20;228;Прямая замена по строке;K1623 ↔ K1626;GB/T6170 ↔ GB/T97.1;;
WK-20;229;Прямая замена по строке;K1623 ↔ K1626;GB/T97.1 ↔ GB/T93;;
WK-20;230;Прямая замена по строке;K1623 ↔ K1626;GB/T93 ↔ GB/T5783;;
WK-20;231;Прямая замена по строке;K1623 ↔ K1626;GB/T5783 ↔ GB/T6170;;
WK-20;232;Прямая замена по строке;K1623 ↔ K1626;GB/T6170 ↔ GB/T97.1;;
WK-20;233;Прямая замена по строке;K1623 ↔ K1626;GB/T97.1 ↔ GB/T93;;
WK-20;234;Прямая замена по строке;K1623 ↔ K1626;GB/T93 ↔ K1605.11.01;;
WK-20;235;Прямая замена по строке;K1623 ↔ K1626;K1605.11.01 ↔ GB/T5783;;
WK-20;236;Прямая замена по строке;K1623 ↔ K1626;GB/T5783 ↔ GB/T6170;;
WK-20;237;Прямая замена по строке;K1623 ↔ K1626;GB/T6170 ↔ GB/T97.1;;
WK-20;238;Прямая замена по строке;K1623 ↔ K1626;GB/T97.1 ↔ GB/T93;;
WK-20;239;Прямая замена по строке;K1623 ↔ K1626;GB/T93 ↔ GB/T5783;;
WK-20;240;Прямая замена по строке;K1623 ↔ K1626;GB/T5783 ↔ GB/T6170;;
WK-20;241;Прямая замена по строке;K1623 ↔ K1626;GB/T6170 ↔ GB/T97.1;;
WK-20;242;Прямая замена по строке;K1623 ↔ K1626;GB/T97.1 ↔ GB/T93;;
WK-20;243;Прямая замена по строке;K1623 ↔ K1626;GB/T93 ↔ K1625.11.00-02;;
WK-20;244;Прямая замена по строке;K1623 ↔ K1626;K1623.11.00-02 ↔ K1605.11.02;;
WK-20;245;Прямая замена по строке;K1623 ↔ K1626;K1605.11.02 ↔ K1622.11.31.00;;
WK-20;246;Прямая замена по строке;K1623 ↔ K1626;K1622.11.31.00 ↔ K1625.11.00-03;;
WK-20;247;Прямая замена по строке;K1623 ↔ K1626;K1623.11.00-03 ↔ K1626.11.32.00;;
WK-20;248;Прямая замена по строке;K1623 ↔ K1626;K1623.11.32.00 ↔ GB/T5783;;
WK-20;249;Прямая замена по строке;K1623 ↔ K1626;K1902.09.10.10.03.00 ↔ K1626.11.33.00;;
WK-20;251;Одинаковый номер;K1623 ↔ K1626;K1618.12.00 ↔ K1618.12.00;Да;Последняя производственная модель — K1639.12.00.
WK-20;252;Одинаковый номер;K1623 ↔ K1626;K1605.12.01 ↔ K1605.12.01;Да;Последняя производственная модель — K1629.12.01, оптимизация деталей.
WK-20;253;Одинаковый номер;K1623 ↔ K1626;K1617.12.02 ↔ K1617.12.02;Да;
WK-20;254;Одинаковый номер;K1623 ↔ K1626;K1601.12.03 ↔ K1601.12.03;Да;
WK-20;255;Одинаковый номер;K1623 ↔ K1626;K1601.12.04 ↔ K1601.12.04;Да;
WK-20;256;Одинаковый номер;K1623 ↔ K1626;K1617.12.05 ↔ K1617.12.05;Да;
WK-20;257;Одинаковый номер;K1623 ↔ K1626;K1617.12.06 ↔ K1617.12.06;Да;
WK-20;258;Одинаковый номер;K1623 ↔ K1626;GB/T32.1 ↔ GB/T32.1;Да;
WK-20;259;Одинаковый номер;K1623 ↔ K1626;GB/T93 ↔ GB/T93;Да;
WK-20;260;Одинаковый номер;K1623 ↔ K1626;K1601.12.07 ↔ K1601.12.07;Да;
WK-20;261;Одинаковый номер;K1623 ↔ K1626;K1605.12.01.00 ↔ K1605.12.01.00;Да;Последняя производственная модель — K1639.12.01.00, требования к технологии производства и изготовления.
WK-20;262;Одинаковый номер;K1623 ↔ K1626;K1605.12.02.00 ↔ K1605.12.02.00;Да;
WK-20;263;Одинаковый номер;K1623 ↔ K1626;K1605.12.08 ↔ K1605.12.08;Да;
WK-20;264;Одинаковый номер;K1623 ↔ K1626;GB/T5783 ↔ GB/T5783;Да;
WK-20;265;Одинаковый номер;K1623 ↔ K1626;GB/T93 ↔ GB/T93;Да;
WK-20;266;Одинаковый номер;K1623 ↔ K1626;K1618.12.00-01 ↔ K1618.12.00-01;Да;
WK-20;267;Одинаковый номер;K1623 ↔ K1626;K1618.12.09 ↔ K1618.12.09;Да;
WK-20;268;Одинаковый номер;K1623 ↔ K1626;K1601.13.00 ↔ K1601.13.00;Да;Последняя производственная модель — K1627.13.00, размеры одинаковые. Роликовая рама K1627 — цельное кольцо, 1601 — разъёмная сварная конструкция.
WK-20;269;Одинаковый номер;K1623 ↔ K1626;K1601.13.01.00 ↔ K1601.13.01.00;Да;
WK-20;270;Одинаковый номер;K1623 ↔ K1626;K1601.13.02 ↔ K1601.13.02;Да;
WK-20;271;Одинаковый номер;K1623 ↔ K1626;GB/T91 ↔ GB/T91;Да;
WK-20;272;Одинаковый номер;K1623 ↔ K1626;K1601.13.04 ↔ K1601.13.04;Да;
WK-20;273;Одинаковый номер;K1623 ↔ K1626;K1601.13.05.00 ↔ K1601.13.05.00;Да;
WK-20;274;Одинаковый номер;K1623 ↔ K1626;K1601.13.06 ↔ K1601.13.06;Да;
WK-20;275;Одинаковый номер;K1623 ↔ K1626;K1605.15.00 ↔ K1605.15.00;Да;
WK-20;276;Одинаковый номер;K1623 ↔ K1626;K1605.15.01.00 ↔ K1605.15.01.00;Да;
WK-20;277;Одинаковый номер;K1623 ↔ K1626;K1605.15.02.00 ↔ K1605.15.02.00;Да;
WK-20;278;Одинаковый номер;K1623 ↔ K1626;K1605.15.08.00 ↔ K1605.15.08.00;Да;
WK-20;279;Одинаковый номер;K1623 ↔ K1626;K1605.15.00-01 ↔ K1605.15.00-01;Да;
WK-20;280;Одинаковый номер;K1623 ↔ K1626;K1605.15.03 ↔ K1605.15.03;Да;
WK-20;281;Одинаковый номер;K1623 ↔ K1626;K1605.15.04 ↔ K1605.15.04;Да;
WK-20;282;Одинаковый номер;K1623 ↔ K1626;K1605.15.05 ↔ K1605.15.05;Да;
WK-20;283;Одинаковый номер;K1623 ↔ K1626;K1605.15.06 ↔ K1605.15.06;Да;
WK-20;284;Одинаковый номер;K1623 ↔ K1626;K1605.15.07 ↔ K1605.15.07;Да;
WK-20;285;Одинаковый номер;K1623 ↔ K1626;K1605.15.13 ↔ K1605.15.13;Да;
WK-20;286;Одинаковый номер;K1623 ↔ K1626;GB/T5783 ↔ GB/T5783;Да;
WK-20;287;Одинаковый номер;K1623 ↔ K1626;NL42 ↔ NL42;Да;
WK-20;288;Прямая замена по строке;K1623 ↔ K1626;K1622.16.00 ↔ K1626.16.00;;
WK-20;289;Одинаковый номер;K1623 ↔ K1626;K1803.16.01.00 ↔ K1803.16.01.00;Да;Последняя производственная модель — CK1846.16.01.00, требования к технологии производства и изготовления.
WK-20;290;Одинаковый номер;K1623 ↔ K1626;K1605.16.02.00 ↔ K1605.16.02.00;Да;
WK-20;291;Прямая замена по строке;K1623 ↔ K1626;K1605.16.03.00 ↔ K1626.16.03.00;;Последняя производственная модель — K1629.16.03.00, требования к технологии производства и изготовления.
WK-20;292;Одинаковый номер;K1623 ↔ K1626;K1622.16.04.00 ↔ K1622.16.04.00;Да;
WK-20;293;Прямая замена по строке;K1623 ↔ K1626;K1605.16.05.00 ↔ K1626.16.05.00;;Основной корпус тормоза — MB266 для всех.
WK-20;294;Одинаковый номер;K1623 ↔ K1626;K1605.16.01 ↔ K1605.16.01;Да;
WK-20;295;Одинаковый номер;K1623 ↔ K1626;NL42 ↔ NL42;Да;
WK-20;296;Одинаковый номер;K1623 ↔ K1626;K1605.16.02 ↔ K1605.16.02;Да;
WK-20;297;Одинаковый номер;K1623 ↔ K1626;K1605.17.00 ↔ K1605.17.00;Да;
WK-20;298;Одинаковый номер;K1623 ↔ K1626;K1601.17.01.00 ↔ K1601.17.01.00;Да;"Последняя производственная модель — K1627.17.01, цельнокованая; K1601.17.01.00 — литьё."
WK-20;299;Одинаковый номер;K1623 ↔ K1626;K1605.17.01 ↔ K1605.17.01;Да;
WK-20;300;Одинаковый номер;K1623 ↔ K1626;K1605.17.02 ↔ K1605.17.02;Да;
WK-20;301;Одинаковый номер;K1623 ↔ K1626;GB/T95 ↔ GB/T95;Да;
WK-20;302;Одинаковый номер;K1623 ↔ K1626;K1605.17.03 ↔ K1605.17.03;Да;
WK-20;303;Одинаковый номер;K1623 ↔ K1626;TZB7232 ↔ TZB7232;Да;
WK-20;304;Одинаковый номер;K1623 ↔ K1626;NL42 ↔ NL42;Да;
WK-20;305;Одинаковый номер;K1623 ↔ K1626;K1605.17.04 ↔ K1605.17.04;Да;
WK-20;306;Одинаковый номер;K1623 ↔ K1626;K1605.17.05 ↔ K1605.17.05;Да;
WK-20;307;Одинаковый номер;K1623 ↔ K1626;K1605.17.06 ↔ K1605.17.06;Да;
WK-20;308;Одинаковый номер;K1623 ↔ K1626;K1605.17.07 ↔ K1605.17.07;Да;
WK-20;309;Одинаковый номер;K1623 ↔ K1626;GB/T91 ↔ GB/T91;Да;
WK-20;310;Одинаковый номер;K1623 ↔ K1626;K1605.17.08 ↔ K1605.17.08;Да;
WK-20;311;Одинаковый номер;K1623 ↔ K1626;K1605.17.09 ↔ K1605.17.09;Да;
WK-20;312;Одинаковый номер;K1623 ↔ K1626;K1605.17.11 ↔ K1605.17.11;Да;
WK-20;313;Одинаковый номер;K1623 ↔ K1626;K1605.17.12 ↔ K1605.17.12;Да;
WK-20;314;Одинаковый номер;K1623 ↔ K1626;K1605.17.13 ↔ K1605.17.13;Да;
WK-20;315;Одинаковый номер;K1623 ↔ K1626;CY-M80-3/W ↔ CY-M80-3/W;Да;Последняя производственная модель — K1627.17.01.00, требования к технологии производства и изготовления.
WK-20;316;Одинаковый номер;K1623 ↔ K1626;K1605.17.14 ↔ K1605.17.14;Да;
WK-20;317;Одинаковый номер;K1623 ↔ K1626;K1605.17.15 ↔ K1605.17.15;Да;
WK-20;318;Одинаковый номер;K1623 ↔ K1626;GB/T70.1 ↔ GB/T70.1;Да;
WK-20;319;Одинаковый номер;K1623 ↔ K1626;GB/T93 ↔ GB/T93;Да;
WK-20;320;Одинаковый номер;K1623 ↔ K1626;K1605.17.16 ↔ K1605.17.16;Да;
WK-20;323;Прямая замена по строке;K1623 ↔ K1626;K1605.18.00 ↔ K1626.18.00;;Гусеничные устройства 1605 и 1626 одинаковы и универсальны по интерфейсу с K1642.18.00 (20C). Основное отличие — в устройстве натяжного колеса. Общая сборка взаимозаменяема.
WK-20;324;Одинаковый номер;K1623 ↔ K1626;K1605.18.01.00 ↔ K1605.18.01.00;Да;
WK-20;325;Одинаковый номер;K1623 ↔ K1626;K1605.18.02.00 ↔ K1605.18.02.00;Да;
WK-20;326;Одинаковый номер;K1623 ↔ K1626;K1605.18.03.00 ↔ K1605.18.03.00;Да;
WK-20;327;Одинаковый номер;K1623 ↔ K1626;K1605.18.04.00 ↔ K1605.18.04.00;Да;
WK-20;328;Одинаковый номер;K1623 ↔ K1626;K1605.18.05.00 ↔ K1605.18.05.00;Да;Полностью универсален с K1630.18.05.00: 1605 — конструкция с бронзовой втулкой, 1630 — шлицевая конструкция.
WK-20;329;Одинаковый номер;K1623 ↔ K1626;K1605.18.06.00 ↔ K1605.18.06.00;Да;
WK-20;330;Прямая замена по строке;K1623 ↔ K1626;K1605.18.07.00 ↔ K1626.18.07.00;;
WK-20;331;Прямая замена по строке;K1623 ↔ K1626;K1605.18.08.00 ↔ K1626.18.08.00;;
WK-20;332;Одинаковый номер;K1623 ↔ K1626;K1605.18.09.00 ↔ K1605.18.09.00;Да;
WK-20;334;Прямая замена по строке;K1623 ↔ K1626;K1623.21.00 ↔ K1626.21.00;;Соединительные размеры и пространство одинаковые, различаются только стили отделки разных лет и требования заказчиков.
WK-20;335;Прямая замена по строке;K1623 ↔ K1626;K1623.21.01.00 ↔ K1625.21.01.00;;
WK-20;336;Одинаковый номер;K1623 ↔ K1626;K1605.21.02.00 ↔ K1605.21.02.00;Да;
WK-20;337;Одинаковый номер;K1623 ↔ K1626;K1623.21.03.00 ↔ K1623.21.03.00;Да;
WK-20;338;Прямая замена по строке;K1623 ↔ K1626;K1605.21.04.00 ↔ K1626.21.04.00;;
WK-20;339;Прямая замена по строке;K1623 ↔ K1626;K1605.21.01 ↔ K1626.21.06.00;;
WK-20;340;Прямая замена по строке;K1623 ↔ K1626;K1623.21.03 ↔ K1626.21.08.00;;
WK-20;341;Прямая замена по строке;K1623 ↔ K1626;SD30F.0 ↔ K1605.21.01;;
WK-20;342;Прямая замена по строке;K1623 ↔ K1626;K1623.21.00-01 ↔ K1625.21.02;;
WK-20;343;Прямая замена по строке;K1623 ↔ K1626;K1623.21.06.00 ↔ GB/T5783;;
WK-20;344;Прямая замена по строке;K1623 ↔ K1626;K1605.21.07.00 ↔ GB/T6170;;
WK-20;345;Прямая замена по строке;K1623 ↔ K1626;K1623.21.08.00 ↔ GB/T93;;
WK-20;346;Прямая замена по строке;K1623 ↔ K1626;K1623.21.04 ↔ K1626.21.03;;
WK-20;347;Прямая замена по строке;K1623 ↔ K1626;K1605.21.02 ↔ K1626.21.04;;
WK-20;348;Прямая замена по строке;K1623 ↔ K1626;K1623.21.05 ↔ K1626.21.05;;
WK-20;349;Прямая замена по строке;K1623 ↔ K1626;K1623.21.00-02 ↔ K1626.21.06;;
WK-20;350;Прямая замена по строке;K1623 ↔ K1626;K1623.21.06 ↔ K1626.21.07;;
WK-20;351;Прямая замена по строке;K1623 ↔ K1626;K1623.21.00-03 ↔ K1623.21.10.00;;
WK-20;352;Одинаковый номер;K1623 ↔ K1626;GB/T5783 ↔ GB/T5783;Да;
WK-20;353;Прямая замена по строке;K1623 ↔ K1626;GB/T6170 ↔ GB/T93;;
WK-20;354;Прямая замена по строке;K1623 ↔ K1626;GB/T93 ↔ K1623.21.11.00;;
WK-20;355;Прямая замена по строке;K1623 ↔ K1626;K1623.21.00-04 ↔ K1623.21.09.00;;
WK-20;367;Прямая замена по строке;K1623 ↔ K1626;K1623.22.00 ↔ K1626.22.00;;Вентиляционно-пылеудаляющие устройства обоих моделей и все внутренние комплектующие универсальны
WK-20;368;Одинаковый номер;K1623 ↔ K1626;K1623.22.01.00 ↔ K1623.22.01.00;Да;
WK-20;369;Одинаковый номер;K1623 ↔ K1626;K1623.22.02.00 ↔ K1623.22.02.00;Да;
WK-20;370;Прямая замена по строке;K1623 ↔ K1626;K1622.22.03.00 ↔ K1623.22.02.00-01;;
WK-20;371;Прямая замена по строке;K1623 ↔ K1626;K1622.22.04.00 ↔ GB/T5783;;
WK-20;372;Прямая замена по строке;K1623 ↔ K1626;K1622.22.05.00 ↔ GB/T6170;;
WK-20;373;Прямая замена по строке;K1623 ↔ K1626;K1622.22.06.00 ↔ GB/T97.1;;
WK-20;374;Прямая замена по строке;K1623 ↔ K1626;K1622.22.07.00 ↔ GB/T93;;
WK-20;375;Прямая замена по строке;K1623 ↔ K1626;K1622.22.08.00 ↔ GB/T5783;;
WK-20;376;Прямая замена по строке;K1623 ↔ K1626;K1622.22.10.00 ↔ GB/T6170;;
WK-20;377;Прямая замена по строке;K1623 ↔ K1626;K1622.22.09.00 ↔ GB/T97.1;;
WK-20;378;Прямая замена по строке;K1623 ↔ K1626;K1622.22.11.00 ↔ GB/T93;;
WK-20;379;Прямая замена по строке;K1623 ↔ K1626;K1622.22.12.00 ↔ K1626.22.03.00;;
WK-20;380;Прямая замена по строке;K1623 ↔ K1626;K1622.22.13.00 ↔ K1622.22.04.00;;
WK-20;381;Прямая замена по строке;K1623 ↔ K1626;K1622.22.14.00 ↔ K1626.22.05.00;;
WK-20;382;Одинаковый номер;K1623 ↔ K1626;K1622.22.11 ↔ K1622.22.11;Да;
WK-20;383;Одинаковый номер;K1623 ↔ K1626;K1623.22.09 ↔ K1623.22.09;Да;
WK-20;384;Прямая замена по строке;K1623 ↔ K1626;K1622.22.01 ↔ K1622.22.06.00;;
WK-20;385;Прямая замена по строке;K1623 ↔ K1626;K1622.22.02 ↔ K1622.22.07.00;;
WK-20;386;Прямая замена по строке;K1623 ↔ K1626;K1622.22.03 ↔ K1622.22.08.00;;
WK-20;387;Прямая замена по строке;K1623 ↔ K1626;K1622.22.04 ↔ K1622.22.09.00;;
WK-20;388;Прямая замена по строке;K1623 ↔ K1626;K1622.22.05 ↔ K1622.22.10.00;;
WK-20;389;Прямая замена по строке;K1623 ↔ K1626;K1622.22.07 ↔ K1622.22.11.00;;
WK-20;390;Прямая замена по строке;K1623 ↔ K1626;K1622.22.06 ↔ K1622.22.12.00;;
WK-20;391;Прямая замена по строке;K1623 ↔ K1626;K1622.22.08 ↔ K1622.22.13.00;;
WK-20;392;Прямая замена по строке;K1623 ↔ K1626;GB/T882 ↔ K1622.22.14.00;;
WK-20;393;Прямая замена по строке;K1623 ↔ K1626;GB/T882 ↔ K1622.22.01;;
WK-20;394;Прямая замена по строке;K1623 ↔ K1626;GB/T91 ↔ K1622.22.02;;
WK-20;395;Прямая замена по строке;K1623 ↔ K1626;GB/T97.1 ↔ K1622.22.03;;
WK-20;396;Прямая замена по строке;K1623 ↔ K1626;GB/T5783 ↔ K1622.22.04;;
WK-20;397;Прямая замена по строке;K1623 ↔ K1626;GB/T6170 ↔ K1622.22.05;;
WK-20;398;Прямая замена по строке;K1623 ↔ K1626;GB/T93 ↔ K1622.22.06;;
WK-20;399;Прямая замена по строке;K1623 ↔ K1626;GB/T97.1 ↔ K1622.22.07;;
WK-20;400;Прямая замена по строке;K1623 ↔ K1626;GB/T5783 ↔ K1622.22.08;;
WK-20;401;Прямая замена по строке;K1623 ↔ K1626;GB/T6170 ↔ GB/T882;;
WK-20;402;Прямая замена по строке;K1623 ↔ K1626;GB/T93 ↔ GB/T882;;
WK-20;403;Прямая замена по строке;K1623 ↔ K1626;GB/T5783 ↔ GB/T91;;
WK-20;404;Прямая замена по строке;K1623 ↔ K1626;GB/T5783 ↔ GB/T97.1;;
WK-20;405;Прямая замена по строке;K1623 ↔ K1626;K1623.22.00-01 ↔ GB/T5783;;
WK-20;406;Прямая замена по строке;K1623 ↔ K1626;K1623.22.00-02 ↔ GB/T6170;;
WK-20;407;Прямая замена по строке;K1623 ↔ K1626;K1623.22.15.00 ↔ GB/T93;;
WK-20;417;Прямая замена по строке;K1623 ↔ K1626;K1623.23.00 ↔ K1626.23.00;;
WK-20;418;Прямая замена по строке;K1623 ↔ K1626;K1623.23.01.00 ↔ K1626.23.01.00;;
WK-20;419;Прямая замена по строке;K1623 ↔ K1626;K1622.23.02.00 ↔ K1626.23.02.00;;
WK-20;420;Одинаковый номер;K1623 ↔ K1626;K1623.23.03.00 ↔ K1623.23.03.00;Да;
WK-20;421;Прямая замена по строке;K1623 ↔ K1626;K1622.23.04.00 ↔ K1625.23.04.00;;
WK-20;422;Одинаковый номер;K1623 ↔ K1626;K1622.23.05.00 ↔ K1622.23.05.00;Да;
WK-20;423;Прямая замена по строке;K1623 ↔ K1626;K1623.23.06.00 ↔ K1625.23.06.00;;
WK-20;424;Одинаковый номер;K1623 ↔ K1626;K1622.23.07.00 ↔ K1622.23.07.00;Да;
WK-20;425;Одинаковый номер;K1623 ↔ K1626;K1622.23.08.00 ↔ K1622.23.08.00;Да;
WK-20;426;Одинаковый номер;K1623 ↔ K1626;K1622.23.09.00 ↔ K1622.23.09.00;Да;
WK-20;427;Одинаковый номер;K1623 ↔ K1626;K1622.23.10.00 ↔ K1622.23.10.00;Да;
WK-20;428;Одинаковый номер;K1623 ↔ K1626;K1833.23.02.09.00 ↔ K1833.23.02.09.00;Да;
WK-20;429;Прямая замена по строке;K1623 ↔ K1626;K1622.23.12.00 ↔ K1625.23.12.00;;
WK-20;430;Одинаковый номер;K1623 ↔ K1626;K1622.23.13.00 ↔ K1622.23.13.00;Да;
WK-20;431;Одинаковый номер;K1623 ↔ K1626;K1622.23.14.00 ↔ K1622.23.14.00;Да;
WK-20;432;Прямая замена по строке;K1623 ↔ K1626;K1623.24.00 ↔ K1625.24.00;;Последняя производственная модель — K1625.24.00, универсальная, оптимизированные технические требования.
WK-20;433;Одинаковый номер;K1623 ↔ K1626;HHTGYDQG-DLJT68-6000A ↔ HHTGYDQG-DLJT68-6000A;Да;
WK-20;434;Одинаковый номер;K1623 ↔ K1626;HHTGYDQG-DLJT68-1000A ↔ HHTGYDQG-DLJT68-1000A;Да;
WK-20;435;Одинаковый номер;K1623 ↔ K1626;HHTGYDQG-DLJT68-1010B04 ↔ HHTGYDQG-DLJT68-1010B04;Да;
WK-20;436;Одинаковый номер;K1623 ↔ K1626;HHTGYDQG-DLJT68-1009 ↔ HHTGYDQG-DLJT68-1009;Да;
WK-20;437;Одинаковый номер;K1623 ↔ K1626;HHTGYDQG-DLJT68-1021 ↔ HHTGYDQG-DLJT68-1021;Да;
WK-20;438;Одинаковый номер;K1623 ↔ K1626;HHTGYDQG-DLJT68-5000A ↔ HHTGYDQG-DLJT68-5000A;Да;
WK-20;439;Одинаковый номер;K1623 ↔ K1626;HHTGYDQG-DLJT68-3001 ↔ HHTGYDQG-DLJT68-3001;Да;
WK-20;440;Одинаковый номер;K1623 ↔ K1626;HHTGYDQG-DLJT68-5003B01C ↔ HHTGYDQG-DLJT68-5003B01C;Да;
WK-20;441;Одинаковый номер;K1623 ↔ K1626;HHTGYDQG-DLJT68-3002 ↔ HHTGYDQG-DLJT68-3002;Да;
WK-20;442;Одинаковый номер;K1623 ↔ K1626;HHTGYDQG-DLJT43-1019 ↔ HHTGYDQG-DLJT43-1019;Да;
WK-20;443;Одинаковый номер;K1623 ↔ K1626;12A ↔ 12A;Да;
WK-20;444;Одинаковый номер;K1623 ↔ K1626;10A ↔ 10A;Да;
WK-20;445;Одинаковый номер;K1623 ↔ K1626;HHTGYDQG-DLJT43-5024 ↔ HHTGYDQG-DLJT43-5024;Да;
WK-20;446;Одинаковый номер;K1623 ↔ K1626;HHTGYDQG-DLJT68-5020B ↔ HHTGYDQG-DLJT68-5020B;Да;
WK-20;447;Одинаковый номер;K1623 ↔ K1626;HHTGYDQG-DLJT68-3003 ↔ HHTGYDQG-DLJT68-3003;Да;
WK-20;448;Одинаковый номер;K1623 ↔ K1626;HHTGYDQG-DLJT56-1023 ↔ HHTGYDQG-DLJT56-1023;Да;
WK-20;449;Одинаковый номер;K1623 ↔ K1626;HHTGYDQG-DLJT68-1022 ↔ HHTGYDQG-DLJT68-1022;Да;
WK-20;450;Одинаковый номер;K1623 ↔ K1626;16A ↔ 16A;Да;
WK-20;451;Одинаковый номер;K1623 ↔ K1626;HHTGYDQG-DLJT68-4000A ↔ HHTGYDQG-DLJT68-4000A;Да;
WK-20;452;Одинаковый номер;K1623 ↔ K1626;HHTGYDQG-DLJT68-5006B ↔ HHTGYDQG-DLJT68-5006B;Да;
WK-20;453;Одинаковый номер;K1623 ↔ K1626;HHTGYDQG-DLJT43-5019 ↔ HHTGYDQG-DLJT43-5019;Да;
WK-20;454;Одинаковый номер;K1623 ↔ K1626;HHTGYDQG-DLJT68-4017 ↔ HHTGYDQG-DLJT68-4017;Да;
WK-20;455;Одинаковый номер;K1623 ↔ K1626;HHTGYDQG-DLJT68-2000A ↔ HHTGYDQG-DLJT68-2000A;Да;
WK-20;456;Одинаковый номер;K1623 ↔ K1626;HHTGYDQG-DLJT68-1010B05 ↔ HHTGYDQG-DLJT68-1010B05;Да;
WK-20;457;Прямая замена по строке;K1623 ↔ K1626;K1623.29.00 ↔ K1626.25.00;Да;
WK-20;458;Прямая замена по строке;K1623 ↔ K1626;BK2100-2X ↔ K1626.25.01.00;;
WK-20;459;Прямая замена по строке;K1623 ↔ K1626;BK2100-2D ↔ K1623.25.02.00;;
WK-20;460;Прямая замена по строке;K1623 ↔ K1626;BK2100-224V ↔ K1626.25.01;;
WK-20;461;Прямая замена по строке;K1623 ↔ K1626;12V-7AH ↔ GB/T882;;
WK-20;462;Прямая замена по строке;K1623 ↔ K1626;SH-BK2D90度 ↔ GB/T91;;
WK-20;463;Прямая замена по строке;K1623 ↔ K1626;SH-BK2D100度 ↔ GB/T882;;
WK-20;471;Прямая замена по строке;K1623 ↔ K1626;K1623.90.00 ↔ K1626.90.00;;Системы смазки и пневмосистемы K1623 и K1626 не подверглись значительным изменениям, большинство запчастей универсальны
WK-20;472;Прямая замена по строке;K1623 ↔ K1626;K1623.90.01.00 ↔ K1626.90.01.00;;
WK-20;473;Прямая замена по строке;K1623 ↔ K1626;K1623.90.02.00 ↔ K1626.90.02.00;;
WK-20;474;Прямая замена по строке;K1623 ↔ K1626;K1623.90.03.00 ↔ K1626.90.03.00;;
WK-20;475;Прямая замена по строке;K1623 ↔ K1626;K1623.90.04.00 ↔ K1626.90.04.00;;
WK-20;476;Прямая замена по строке;K1623 ↔ K1626;K1623.90.05.00 ↔ K1626.90.05.00;;
WK-20;478;Прямая замена по строке;K1623 ↔ K1626;K1623.91.00 ↔ K1626.91.00;Да;
WK-20;479;Прямая замена по строке;K1623 ↔ K1626;K1623.91.01.00 ↔ K1626.91.01.00;;
WK-20;480;Одинаковый номер;K1623 ↔ K1626;GB/T3287 ↔ GB/T3287;Да;
WK-20;481;Одинаковый номер;K1623 ↔ K1626;20MJ-24MT ↔ 20MJ-24MT;Да;
WK-20;482;Одинаковый номер;K1623 ↔ K1626;20MT-20FJX ↔ 20MT-20FJX;Да;
WK-20;483;Одинаковый номер;K1623 ↔ K1626;Q11F-16P-1.1/4″ ↔ Q11F-16P-1.1/4″;Да;
WK-20;484;Одинаковый номер;K1623 ↔ K1626;K1623.91.05 ↔ K1623.91.05;Да;
WK-20;485;Одинаковый номер;K1623 ↔ K1626;24MP-20FJX ↔ 24MP-20FJX;Да;
WK-20;486;Одинаковый номер;K1623 ↔ K1626;S10-A-BBS-GD-EGA4ZBG ↔ S10-A-BBS-GD-EGA4ZBG;Да;
WK-20;487;Одинаковый номер;K1623 ↔ K1626;24MJ-24MP ↔ 24MJ-24MP;Да;
WK-20;488;Одинаковый номер;K1623 ↔ K1626;F-1015-IIRN-012带磁棒 ↔ F-1015-IIRN-012带磁棒;Да;
WK-20;489;Одинаковый номер;K1623 ↔ K1626;1SN32-3350/20-24FJX/20-24FJX ↔ 1SN32-3350/20-24FJX/20-24FJX;Да;
WK-20;490;Одинаковый номер;K1623 ↔ K1626;24MJ-24MP9 ↔ 24MJ-24MP9;Да;
WK-20;491;Одинаковый номер;K1623 ↔ K1626;1SN32-430/20-24FJX/20-24FJX ↔ 1SN32-430/20-24FJX/20-24FJX;Да;
WK-20;492;Одинаковый номер;K1623 ↔ K1626;F-1015-IIRN-013带磁棒 ↔ F-1015-IIRN-013带磁棒;Да;
WK-20;493;Одинаковый номер;K1623 ↔ K1626;20MJ-24MP ↔ 20MJ-24MP;Да;
WK-20;494;Одинаковый номер;K1623 ↔ K1626;20FJX-20FJX ↔ 20FJX-20FJX;Да;
WK-20;495;Одинаковый номер;K1623 ↔ K1626;20MJ-20MT ↔ 20MJ-20MT;Да;
WK-20;496;Одинаковый номер;K1623 ↔ K1626;K1622.91.02.00 ↔ K1622.91.02.00;Да;
WK-20;497;Одинаковый номер;K1623 ↔ K1626;16MJ-20MT ↔ 16MJ-20MT;Да;
WK-20;498;Одинаковый номер;K1623 ↔ K1626;16FJX-16FJX ↔ 16FJX-16FJX;Да;
WK-20;499;Одинаковый номер;K1623 ↔ K1626;16MJ-12MT ↔ 16MJ-12MT;Да;
WK-20;500;Одинаковый номер;K1623 ↔ K1626;DWE-FGR200G34A3TS75L ↔ DWE-FGR200G34A3TS75L;Да;
WK-20;501;Одинаковый номер;K1623 ↔ K1626;K1623.91.03.00 ↔ K1623.91.03.00;Да;
WK-20;502;Одинаковый номер;K1623 ↔ K1626;16MJ-12MT9 ↔ 16MJ-12MT9;Да;
WK-20;503;Одинаковый номер;K1623 ↔ K1626;1SN25-700/16-16FJX/16-16FJX ↔ 1SN25-700/16-16FJX/16-16FJX;Да;
WK-20;504;Одинаковый номер;K1623 ↔ K1626;16MJ-16MT ↔ 16MJ-16MT;Да;
WK-20;505;Одинаковый номер;K1623 ↔ K1626;GB/T3287 ↔ GB/T3287;Да;
WK-20;506;Одинаковый номер;K1623 ↔ K1626;GB/T3287 ↔ GB/T3287;Да;
WK-20;507;Прямая замена по строке;K1623 ↔ K1626;K1623.91.00-01 ↔ K1622.91.01;;
WK-20;508;Прямая замена по строке;K1623 ↔ K1626;K1622.91.01 ↔ GB/T5783;;
WK-20;509;Прямая замена по строке;K1623 ↔ K1626;GB/T5783 ↔ GB/T6170;;
WK-20;510;Прямая замена по строке;K1623 ↔ K1626;GB/T6170 ↔ JB/ZQ4492;;
WK-20;511;Прямая замена по строке;K1623 ↔ K1626;JB/ZQ4492 ↔ K1622.91.02;;
WK-20;512;Прямая замена по строке;K1623 ↔ K1626;K1622.91.02 ↔ K1622.91.05.00;;
WK-20;513;Прямая замена по строке;K1623 ↔ K1626;K1622.91.05.00 ↔ K1622.91.06.00;;
WK-20;514;Прямая замена по строке;K1623 ↔ K1626;K1622.91.06.00 ↔ GB/T3287;;
WK-20;515;Прямая замена по строке;K1623 ↔ K1626;GB/T3287 ↔ 8MJ-12MT;;
WK-20;516;Прямая замена по строке;K1623 ↔ K1626;8MJ-12MT ↔ JB/ZQ4492;;
WK-20;517;Прямая замена по строке;K1623 ↔ K1626;JB/ZQ4492 ↔ JB/ZQ4499;;
WK-20;518;Прямая замена по строке;K1623 ↔ K1626;JB/ZQ4499 ↔ GB/T5783;;
WK-20;519;Прямая замена по строке;K1623 ↔ K1626;GB/T5783 ↔ GB/T3287;;
WK-20;520;Одинаковый номер;K1623 ↔ K1626;GB/T3287 ↔ GB/T3287;Да;
WK-20;521;Прямая замена по строке;K1623 ↔ K1626;GB/T3287 ↔ 1SN12-430/8-8FJX/8-8FJX9;;
WK-20;522;Прямая замена по строке;K1623 ↔ K1626;1SN12-430/8-8FJX/8-8FJX9 ↔ 1SN12-550/8-8FJX/8-8FJX9;;
WK-20;523;Прямая замена по строке;K1623 ↔ K1626;1SN12-550/8-8FJX/8-8FJX9 ↔ 1SN12-1300/8-8FJX/8-8FJX9;;
WK-20;524;Прямая замена по строке;K1623 ↔ K1626;1SN12-1300/8-8FJX/8-8FJX9 ↔ 1SN12-1500/8-8FJX/8-8FJX9;;
WK-20;525;Прямая замена по строке;K1623 ↔ K1626;1SN12-1500/8-8FJX/8-8FJX9 ↔ 1SN25-1600/16-16FJX/16-16FJX;;
WK-20;526;Прямая замена по строке;K1623 ↔ K1626;1SN25-1600/16-16FJX/16-16FJX ↔ K1622.91.04.00;;
WK-20;527;Прямая замена по строке;K1623 ↔ K1626;K1622.91.04.00 ↔ 8MJ-6MT;;
WK-20;528;Прямая замена по строке;K1623 ↔ K1626;K1622.91.03 ↔ K1626.91.03;;
WK-20;529;Прямая замена по строке;K1623 ↔ K1626;8MJ-6MT ↔ TA3020/C-50-120/242G12MH050D6;;
WK-20;530;Прямая замена по строке;K1623 ↔ K1626;8MJ-8FT ↔ K1623.91.07.00;;
WK-20;531;Прямая замена по строке;K1623 ↔ K1626;K1623.91.07.00 ↔ K1623.91.04;;
WK-20;534;Прямая замена по строке;K1623 ↔ K1626;K1623.92.00 ↔ K1626.92.00;;
WK-20;535;Прямая замена по строке;K1623 ↔ K1626;K1623.92.01.00 ↔ K1626.92.01.00;;
WK-20;536;Прямая замена по строке;K1623 ↔ K1626;K1623.92.02.00 ↔ K1626.92.02.00;;
WK-20;537;Прямая замена по строке;K1623 ↔ K1626;K1623.92.03.00 ↔ K1626.92.03.00;;
WK-20;538;Прямая замена по строке;K1623 ↔ K1626;K1622.92.04.00 ↔ GB/T5783;;
WK-20;563;Прямая замена по строке;K1623 ↔ K1626;K1623.93.00 ↔ K1626.93.00;;
WK-20;564;Прямая замена по строке;K1623 ↔ K1626;K1623.93.01.00 ↔ K1626.93.01.00;;
WK-20;565;Одинаковый номер;K1623 ↔ K1626;GB/T3287 ↔ GB/T3287;Да;
WK-20;566;Одинаковый номер;K1623 ↔ K1626;20MJ-24MT ↔ 20MJ-24MT;Да;
WK-20;567;Одинаковый номер;K1623 ↔ K1626;20MJ-20MT ↔ 20MJ-20MT;Да;
WK-20;568;Одинаковый номер;K1623 ↔ K1626;Q11F-16P-1.1/4″ ↔ Q11F-16P-1.1/4″;Да;
WK-20;569;Одинаковый номер;K1623 ↔ K1626;F-1015-IIRN-012带磁棒 ↔ F-1015-IIRN-012带磁棒;Да;
WK-20;570;Одинаковый номер;K1623 ↔ K1626;24MJ-20MT ↔ 24MJ-20MT;Да;
WK-20;571;Одинаковый номер;K1623 ↔ K1626;24FJX-24FJX ↔ 24FJX-24FJX;Да;
WK-20;572;Одинаковый номер;K1623 ↔ K1626;24MJ-24MP ↔ 24MJ-24MP;Да;
WK-20;573;Одинаковый номер;K1623 ↔ K1626;20MJ-24MP ↔ 20MJ-24MP;Да;
WK-20;574;Одинаковый номер;K1623 ↔ K1626;20FJX-20FJX ↔ 20FJX-20FJX;Да;
WK-20;575;Одинаковый номер;K1623 ↔ K1626;20MJ-16MP9 ↔ 20MJ-16MP9;Да;
WK-20;576;Одинаковый номер;K1623 ↔ K1626;F-1015-IIRN-013带磁棒 ↔ F-1015-IIRN-013带磁棒;Да;
WK-20;577;Одинаковый номер;K1623 ↔ K1626;K1623.93.02.00 ↔ K1623.93.02.00;Да;
WK-20;578;Одинаковый номер;K1623 ↔ K1626;16MJ-20MT ↔ 16MJ-20MT;Да;
WK-20;579;Одинаковый номер;K1623 ↔ K1626;16FJX-16FJX ↔ 16FJX-16FJX;Да;
WK-20;580;Одинаковый номер;K1623 ↔ K1626;16MJ-12MT ↔ 16MJ-12MT;Да;
WK-20;581;Одинаковый номер;K1623 ↔ K1626;DWE-FGR200G34A3TS75L ↔ DWE-FGR200G34A3TS75L;Да;
WK-20;582;Одинаковый номер;K1623 ↔ K1626;K1623.93.03.00 ↔ K1623.93.03.00;Да;
WK-20;583;Одинаковый номер;K1623 ↔ K1626;12MJ-16MT ↔ 12MJ-16MT;Да;
WK-20;584;Одинаковый номер;K1623 ↔ K1626;1SN20-870/12-12FJX/12-12FJX ↔ 1SN20-870/12-12FJX/12-12FJX;Да;
WK-20;585;Одинаковый номер;K1623 ↔ K1626;10MJ-8FT ↔ 10MJ-8FT;Да;
WK-20;586;Одинаковый номер;K1623 ↔ K1626;12MJ-10FJX ↔ 12MJ-10FJX;Да;
WK-20;587;Одинаковый номер;K1623 ↔ K1626;12MJ-12MJ-12FJX ↔ 12MJ-12MJ-12FJX;Да;
WK-20;588;Одинаковый номер;K1623 ↔ K1626;1SN20-1200/12-12FJX/12-12FJX ↔ 1SN20-1200/12-12FJX/12-12FJX;Да;
WK-20;589;Одинаковый номер;K1623 ↔ K1626;TLPG1-532 ↔ TLPG1-532;Да;
WK-20;590;Одинаковый номер;K1623 ↔ K1626;10MJ-6MT9 ↔ 10MJ-6MT9;Да;
WK-20;591;Одинаковый номер;K1623 ↔ K1626;1SN32-700/20-20FJX/20-20FJX ↔ 1SN32-700/20-20FJX/20-20FJX;Да;
WK-20;592;Одинаковый номер;K1623 ↔ K1626;K1623.93.04.00 ↔ K1623.93.04.00;Да;
WK-20;593;Одинаковый номер;K1623 ↔ K1626;24MJ-24MT9 ↔ 24MJ-24MT9;Да;
WK-20;594;Одинаковый номер;K1623 ↔ K1626;1SN32-590/20-24FJX/20-24FJX ↔ 1SN32-590/20-24FJX/20-24FJX;Да;
WK-20;595;Одинаковый номер;K1623 ↔ K1626;1SN20-1000/12-12FJX/12-12FJX ↔ 1SN20-1000/12-12FJX/12-12FJX;Да;
WK-20;596;Прямая замена по строке;K1623 ↔ K1626;DK1623.00 ↔ DK1626.00;Да;Электрические системы управления 1623 и 1626: большинство компонентов универсальны. Основное изменение — увеличение двигателя подъёма у 1626, соответственно увеличена мощность преобразователя частоты.
WK-20;597;Прямая замена по строке;K1623 ↔ K1626;DK1623.01.00 ↔ DK1626.01.00;;
WK-20;598;Прямая замена по строке;K1623 ↔ K1626;DK1623.01.02 ↔ DK1626.01.01;;
WK-20;599;Прямая замена по строке;K1623 ↔ K1626;DK1623.01.01 ↔ DK1626.01.02;;
WK-20;600;Прямая замена по строке;K1623 ↔ K1626;DK1623.01.03 ↔ DK1626.01.03;;
WK-20;601;Прямая замена по строке;K1623 ↔ K1626;DK1623.01.05 ↔ DK1626.01.05;;
WK-20;602;Прямая замена по строке;K1623 ↔ K1626;DK1623.01.12 ↔ DK1626.01.12;;
WK-20;603;Прямая замена по строке;K1623 ↔ K1626;DK1623.01.14 ↔ DK1626.01.14;;
WK-20;604;Прямая замена по строке;K1623 ↔ K1626;DK1623.01.15 ↔ DK1626.01.15;;
WK-20;605;Прямая замена по строке;K1623 ↔ K1626;DK1623.01.18 ↔ DK1626.01.18;;
WK-20;606;Прямая замена по строке;K1623 ↔ K1626;DK1623.01.24 ↔ DK1626.01.24;;
WK-20;607;Прямая замена по строке;K1623 ↔ K1626;DK1623.01.27 ↔ DK1626.01.25;;
WK-20;608;Прямая замена по строке;K1623 ↔ K1626;DK1623.01.25 ↔ DK1626.01.27;;
WK-20;609;Прямая замена по строке;K1623 ↔ K1626;DK1623.01.28 ↔ DK1626.01.28;;
WK-20;610;Прямая замена по строке;K1623 ↔ K1626;DK1623.01.32 ↔ DK1626.01.32;;
WK-20;611;Прямая замена по строке;K1623 ↔ K1626;DK1623.01.36 ↔ DK1626.01.36;;
WK-20;612;Прямая замена по строке;K1623 ↔ K1626;DK1623.01.51 ↔ DK1626.01.51;;
WK-20;613;Прямая замена по строке;K1623 ↔ K1626;YJ13L3X1 ↔ YJ13L4X2;;Универсальный
WK-20;614;Прямая замена по строке;K1623 ↔ K1626;YJ13L4 ↔ YJ13L3X3;;Универсальный
WK-20;615;Прямая замена по строке;K1623 ↔ K1626;YJ56B1 ↔ YJ56EX1;;Не универсален, YJ56EX1 — большая мощность.
WK-20;616;Прямая замена по строке;K1623 ↔ K1626;YJ80A1 ↔ YJ80A1X2;;Универсальный
WK-20C;2;Прямая замена по строке;K1637 ↔ K1641;K1637.01.00 ↔ K1641.01.00;;
WK-20C;3;Прямая замена по строке;K1637 ↔ K1641;K1637.01.01.00 ↔ K1639.01.01.00;;Взаимозаменяемы в целом, последняя производственная модель — K1639.01.01.00, технологические требования: симметричность, сборка и сварка.
WK-20C;4;Одинаковый номер;K1637 ↔ K1641;K1601.30.02.00 ↔ K1601.30.02.00;Да;
WK-20C;5;Прямая замена по строке;K1637 ↔ K1641;K1629.01.03.00 ↔ K1639.01.03.00;;Взаимозаменяемы в целом, последняя производственная модель — K1639.01.01.00, технологические требования: симметричность, сборка и сварка.
WK-20C;6;Одинаковый номер;K1637 ↔ K1641;K1629.01.04.00 ↔ K1629.01.04.00;Да;
WK-20C;7;Одинаковый номер;K1637 ↔ K1641;K1629.01.05.00 ↔ K1629.01.05.00;Да;
WK-20C;8;Одинаковый номер;K1637 ↔ K1641;K1629.01.06.00 ↔ K1629.01.06.00;Да;
WK-20C;9;Одинаковый номер;K1637 ↔ K1641;K1629.01.07.00 ↔ K1629.01.07.00;Да;
WK-20C;10;Одинаковый номер;K1637 ↔ K1641;K1627.01.01 ↔ K1627.01.01;Да;
WK-20C;11;Одинаковый номер;K1637 ↔ K1641;K1622.01.01 ↔ K1622.01.01;Да;
WK-20C;12;Одинаковый номер;K1637 ↔ K1641;K1627.01.14.00 ↔ K1627.01.14.00;Да;
WK-20C;13;Одинаковый номер;K1637 ↔ K1641;K1601.30.04 ↔ K1601.30.04;Да;
WK-20C;14;Прямая замена по строке;K1637 ↔ K1641;K1623.01.05 ↔ K1640.01.12.00;;"Размеры одинаковые: K1640.01.12.00 — сварная конструкция из износостойкой стали и A514, более износостойкая; K1623.01.05 — изготовлен из A514 методом резки; K1601.30.05 — литьё из высокомарганцовистой стали."
WK-20C;15;Одинаковый номер;K1637 ↔ K1641;K1601.30.06 ↔ K1601.30.06;Да;
WK-20C;16;Одинаковый номер;K1637 ↔ K1641;K1601.30.07 ↔ K1601.30.07;Да;
WK-20C;17;Одинаковый номер;K1637 ↔ K1641;K1601.30.08 ↔ K1601.30.08;Да;
WK-20C;18;Одинаковый номер;K1637 ↔ K1641;K1627.01.09.00 ↔ K1627.01.09.00;Да;
WK-20C;19;Одинаковый номер;K1637 ↔ K1641;K1601.30.09 ↔ K1601.30.09;Да;
WK-20C;20;Одинаковый номер;K1637 ↔ K1641;K1601.30.11 ↔ K1601.30.11;Да;
WK-20C;21;Одинаковый номер;K1637 ↔ K1641;GB/T5783 M52X140 ↔ GB/T5783 M52X140;Да;
WK-20C;22;Одинаковый номер;K1637 ↔ K1641;GB/T95 52 ↔ GB/T95 52;Да;
WK-20C;23;Одинаковый номер;K1637 ↔ K1641;K1601.30.08.00 ↔ K1601.30.08.00;Да;
WK-20C;24;Одинаковый номер;K1637 ↔ K1641;GB/T6170 M16 ↔ GB/T6170 M16;Да;
WK-20C;25;Одинаковый номер;K1637 ↔ K1641;GB/T93 16 ↔ GB/T93 16;Да;
WK-20C;26;Одинаковый номер;K1637 ↔ K1641;K1802.01.10.00 ↔ K1802.01.10.00;Да;
WK-20C;27;Одинаковый номер;K1637 ↔ K1641;GB/T6178 M20 ↔ GB/T6178 M20;Да;
WK-20C;28;Одинаковый номер;K1637 ↔ K1641;GB/T91 4X40 ↔ GB/T91 4X40;Да;
WK-20C;29;Одинаковый номер;K1637 ↔ K1641;K1623.01.12 ↔ K1623.01.12;Да;
WK-20C;30;Одинаковый номер;K1637 ↔ K1641;K1601.30.13 ↔ K1601.30.13;Да;
WK-20C;31;Одинаковый номер;K1637 ↔ K1641;K1601.30.14 ↔ K1601.30.14;Да;
WK-20C;32;Одинаковый номер;K1637 ↔ K1641;K1628.01.15 ↔ K1628.01.15;Да;
WK-20C;33;Одинаковый номер;K1637 ↔ K1641;K1628.01.16 ↔ K1628.01.16;Да;
WK-20C;34;Одинаковый номер;K1637 ↔ K1641;K1628.01.17 ↔ K1628.01.17;Да;
WK-20C;35;Одинаковый номер;K1637 ↔ K1641;K1601.33.18 ↔ K1601.33.18;Да;
WK-20C;36;Одинаковый номер;K1637 ↔ K1641;K1601.33.19 ↔ K1601.33.19;Да;
WK-20C;37;Одинаковый номер;K1637 ↔ K1641;K1627.01.21 ↔ K1627.01.21;Да;
WK-20C;38;Одинаковый номер;K1637 ↔ K1641;K1601.30.22 ↔ K1601.30.22;Да;
WK-20C;39;Одинаковый номер;K1637 ↔ K1641;GB/T6178 M30 ↔ GB/T6178 M30;Да;
WK-20C;40;Одинаковый номер;K1637 ↔ K1641;GB/T91 5X56 ↔ GB/T91 5X56;Да;
WK-20C;41;Одинаковый номер;K1637 ↔ K1641;K1601.30.23 ↔ K1601.30.23;Да;
WK-20C;42;Одинаковый номер;K1637 ↔ K1641;K1621.01.02 ↔ K1621.01.02;Да;
WK-20C;43;Одинаковый номер;K1637 ↔ K1641;TZQ7310.02.00 R3/8 ↔ TZQ7310.02.00 R3/8;Да;
WK-20C;44;Одинаковый номер;K1637 ↔ K1641;K1627.01.25 ↔ K1627.01.25;Да;
WK-20C;45;Одинаковый номер;K1637 ↔ K1641;K1601.33.15.00 ↔ K1601.33.15.00;Да;
WK-20C;46;Одинаковый номер;K1637 ↔ K1641;K1627.01.02 ↔ K1627.01.02;Да;
WK-20C;47;Прямая замена по строке;K1637 ↔ K1641;K1629.02.00 ↔ K1640.02.00;;Последняя производственная модель — K1642.02.00, габаритные размеры совпадают.
WK-20C;48;Прямая замена по строке;K1637 ↔ K1641;K1629.02.01.00 ↔ K1640.02.01.01.00;;
WK-20C;49;Прямая замена по строке;K1637 ↔ K1641;K1627.02.02.00 ↔ K1630.02.02.00;;Последняя производственная модель — K1630.02.02.00, габаритные размеры совпадают, добавлены требования к деталям.
WK-20C;50;Одинаковый номер;K1637 ↔ K1641;K1629.02.03.00 ↔ K1629.02.03.00;Да;
WK-20C;51;Прямая замена по строке;K1637 ↔ K1641;K1627.02.01 ↔ K1640.02.01.02;;
WK-20C;52;Одинаковый номер;K1637 ↔ K1641;K1627.02.02 ↔ K1627.02.02;Да;
WK-20C;53;Одинаковый номер;K1637 ↔ K1641;K1627.02.03 ↔ K1627.02.03;Да;
WK-20C;55;Прямая замена по строке;K1637 ↔ K1641;K1637.03.00 ↔ K1641.03.00;;
WK-20C;56;Одинаковый номер;K1637 ↔ K1641;K1629.03.01.00 ↔ K1629.03.01.00;Да;
WK-20C;57;Одинаковый номер;K1637 ↔ K1641;K1629.03.02.00 ↔ K1629.03.02.00;Да;
WK-20C;58;Одинаковый номер;K1637 ↔ K1641;K1637.03.03.00 ↔ K1637.03.03.00;Да;
WK-20C;59;Одинаковый номер;K1637 ↔ K1641;K1635.03.04.00 ↔ K1635.03.04.00;Да;
WK-20C;60;Одинаковый номер;K1637 ↔ K1641;K1627.03.05.00 ↔ K1627.03.05.00;Да;
WK-20C;61;Одинаковый номер;K1637 ↔ K1641;K1636.03.06.00 ↔ K1636.03.06.00;Да;
WK-20C;62;Одинаковый номер;K1637 ↔ K1641;K1627.03.08.00 ↔ K1627.03.08.00;Да;
WK-20C;63;Прямая замена по строке;K1637 ↔ K1641;K1635.03.09.00 ↔ K1639.03.09.00;;
WK-20C;64;Одинаковый номер;K1637 ↔ K1641;K1629.03.10.00 ↔ K1629.03.10.00;Да;
WK-20C;65;Прямая замена по строке;K1637 ↔ K1641;K1629.03.11.00 ↔ CK1629.03.11.00;;Универсален, последняя производственная модель — CK1629.03.11.00, требования к технологии производства и изготовления.
WK-20C;66;Одинаковый номер;K1637 ↔ K1641;K1635.03.12.00 ↔ K1635.03.12.00;Да;
WK-20C;67;Одинаковый номер;K1637 ↔ K1641;K1601.03.13.00 ↔ K1601.03.13.00;Да;
WK-20C;68;Прямая замена по строке;K1637 ↔ K1641;K1637.03.15.00 ↔ K1640.03.15.00;;Полностью универсалена.
WK-20C;69;Одинаковый номер;K1637 ↔ K1641;K1601.03.17.00 ↔ K1601.03.17.00;Да;
WK-20C;70;Одинаковый номер;K1637 ↔ K1641;K1627.03.18.00 ↔ K1627.03.18.00;Да;
WK-20C;71;Прямая замена по строке;K1637 ↔ K1641;K1601.03.19.00 ↔ K1639.03.19.00;;
WK-20C;72;Прямая замена по строке;K1637 ↔ K1641;K1601.03.20.00A ↔ CK1601.03.20.00;;Последняя производственная модель — CK1601.03.20.00.
WK-20C;73;Прямая замена по строке;K1637 ↔ K1641;K1630.03.21.00 ↔ K1640.03.21.00;;Последняя производственная модель — K1640.03.21.00, добавлен защитный кожух шестерни напора.
WK-20C;74;Прямая замена по строке;K1637 ↔ K1641;K1630.03.22.00 ↔ K1641.03.22.00;;
WK-20C;75;Одинаковый номер;K1637 ↔ K1641;K1636.03.23.00 ↔ K1636.03.23.00;Да;
WK-20C;76;Одинаковый номер;K1637 ↔ K1641;K1629.03.24.00 ↔ K1629.03.24.00;Да;
WK-20C;77;Прямая замена по строке;K1637 ↔ K1641;K1637.04.00 ↔ K1641.04.00;;Полностью универсален, последняя производственная модель — K1641.04.00.
WK-20C;78;Одинаковый номер;K1637 ↔ K1641;K1845.04.03.00 ↔ K1845.04.03.00;Да;
WK-20C;79;Одинаковый номер;K1637 ↔ K1641;K1841.04.01.00 ↔ K1841.04.01.00;Да;
WK-20C;80;Прямая замена по строке;K1637 ↔ K1641;K1629.04.02.00 ↔ K1639.04.02.00;;
WK-20C;81;Одинаковый номер;K1637 ↔ K1641;GB/T5782 M24X120 ↔ GB/T5782 M24X120;Да;
WK-20C;82;Одинаковый номер;K1637 ↔ K1641;K1601.04.01 ↔ K1601.04.01;Да;
WK-20C;83;Одинаковый номер;K1637 ↔ K1641;K1601.04.02 ↔ K1601.04.02;Да;
WK-20C;84;Одинаковый номер;K1637 ↔ K1641;K1601.04.03 ↔ K1601.04.03;Да;
WK-20C;85;Прямая замена по строке;K1637 ↔ K1641;K1637.04-08 ↔ K1641.04-08;;Универсален
WK-20C;86;Одинаковый номер;K1637 ↔ K1641;GB/T32.1 M24X90 ↔ GB/T32.1 M24X90;Да;
WK-20C;87;Одинаковый номер;K1637 ↔ K1641;GB/T6170 M24 ↔ GB/T6170 M24;Да;
WK-20C;88;Одинаковый номер;K1637 ↔ K1641;GB/T93 24 ↔ GB/T93 24;Да;
WK-20C;89;Одинаковый номер;K1637 ↔ K1641;K1701.04.03.01 ↔ K1701.04.03.01;Да;
WK-20C;90;Прямая замена по строке;K1637 ↔ K1641;K1637.04-13 ↔ K1641.04-13;;
WK-20C;91;Одинаковый номер;K1637 ↔ K1641;GB/T882 30X75 ↔ GB/T882 30X75;Да;
WK-20C;92;Одинаковый номер;K1637 ↔ K1641;GB/T91 6.3X45 ↔ GB/T91 6.3X45;Да;
WK-20C;93;Одинаковый номер;K1637 ↔ K1641;NL24 ↔ NL24;Да;
WK-20C;94;Прямая замена по строке;K1637 ↔ K1641;K1635.05.00 ↔ K1640.05.00;;
WK-20C;95;Прямая замена по строке;K1637 ↔ K1641;K1629.05.01.00 ↔ K1640.05.01.00;;
WK-20C;96;Прямая замена по строке;K1637 ↔ K1641;K1627.05.04.01.00 ↔ CK1627.05.04.01.00;;Универсалена, последняя производственная модель — CK1627.05.04.01.00, требования к технологии производства и изготовления.
WK-20C;97;Прямая замена по строке;K1637 ↔ K1641;K1627.05.04.04.00 ↔ CK1627.05.04.04.00;;Универсалена, последняя производственная модель — CK1627.05.04.04.00, требования к технологии производства и изготовления.
WK-20C;98;Прямая замена по строке;K1637 ↔ K1641;K1627.05.04.02.00 ↔ CK1627.05.04.02.00;;Универсалена, последняя производственная модель — CK1627.05.04.02.00, требования к технологии производства и изготовления.
WK-20C;99;Одинаковый номер;K1637 ↔ K1641;K1635.05.05.00 ↔ K1635.05.05.00;Да;
WK-20C;100;Одинаковый номер;K1637 ↔ K1641;K1635.05.07.00 ↔ K1635.05.07.00;Да;
WK-20C;101;Одинаковый номер;K1637 ↔ K1641;K1627.05.08.00 ↔ K1627.05.08.00;Да;
WK-20C;102;Одинаковый номер;K1637 ↔ K1641;K1627.05.04 ↔ K1627.05.04;Да;
WK-20C;103;Одинаковый номер;K1637 ↔ K1641;K1841.05.15.00 ↔ K1841.05.15.00;Да;
WK-20C;104;Одинаковый номер;K1637 ↔ K1641;K1919.03.24.00 ↔ K1919.03.24.00;Да;
WK-20C;105;Одинаковый номер;K1637 ↔ K1641;K1627.05.12.00 ↔ K1627.05.12.00;Да;
WK-20C;106;Одинаковый номер;K1637 ↔ K1641;K1627.05.10.00 ↔ K1627.05.10.00;Да;
WK-20C;107;Прямая замена по строке;K1637 ↔ K1641;K1629.05.04.00 ↔ CK1629.05.04.00;;Универсален, последняя производственная модель — CK1629.05.04.00, требования к технологии производства и изготовления
WK-20C;108;Прямая замена по строке;K1637 ↔ K1641;K1629.06.00 ↔ K1640.06.00;;
WK-20C;109;Прямая замена по строке;K1637 ↔ K1641;K1842.05.11.00 ↔ K1853.05.11.00;;
WK-20C;110;Одинаковый номер;K1637 ↔ K1641;K1613.06.02.00 ↔ K1613.06.02.00;Да;
WK-20C;111;Прямая замена по строке;K1637 ↔ K1641;K1629.06.07.00 ↔ K1639.06.07.00;;
WK-20C;112;Прямая замена по строке;K1637 ↔ K1641;K1629.06.11.00 ↔ K1640.06.11.00;;Последняя производственная модель — K1640.06.11.00, габаритные размеры совпадают, технологические требования: симметричность, сборка и сварка
WK-20C;113;Прямая замена по строке;K1637 ↔ K1641;K1629.06.08.00 ↔ K1639.06.08.00;;
WK-20C;114;Одинаковый номер;K1637 ↔ K1641;K1618.06.02 ↔ K1618.06.02;Да;
WK-20C;115;Одинаковый номер;K1637 ↔ K1641;GB/T5783 M12X40 ↔ GB/T5783 M12X40;Да;
WK-20C;116;Одинаковый номер;K1637 ↔ K1641;GB/T5783 M12X35 ↔ GB/T5783 M12X35;Да;
WK-20C;117;Одинаковый номер;K1637 ↔ K1641;GB/T93 12 ↔ GB/T93 12;Да;
WK-20C;118;Одинаковый номер;K1637 ↔ K1641;K1635.07.00 ↔ K1635.07.00;;
WK-20C;119;Одинаковый номер;K1637 ↔ K1641;K1629.07.01.00 ↔ K1629.07.01.00;Да;Последняя производственная модель — K1642.07.01.00, габаритные размеры совпадают, требования к технологии производства и изготовления
WK-20C;120;Прямая замена по строке;K1637 ↔ K1641;K1803.07.02.00 ↔ CK1858.07.02.00;;CK1858.07.02.00, требования к технологии производства и изготовления
WK-20C;121;Одинаковый номер;K1637 ↔ K1641;K1635.07.03.00 ↔ K1635.07.03.00;Да;
WK-20C;122;Одинаковый номер;K1637 ↔ K1641;K1627.07.04.00 ↔ K1627.07.04.00;Да;
WK-20C;123;Одинаковый номер;K1637 ↔ K1641;K1629.07.05.00 ↔ K1629.07.05.00;Да;
WK-20C;124;Одинаковый номер;K1637 ↔ K1641;GB/T5786 M30X2X180 ↔ GB/T5786 M30X2X180;Да;
WK-20C;125;Одинаковый номер;K1637 ↔ K1641;NL30 ↔ NL30;Да;
WK-20C;126;Одинаковый номер;K1637 ↔ K1641;K1627.07.01 ↔ K1627.07.01;Да;
WK-20C;127;Одинаковый номер;K1637 ↔ K1641;GB/T5783 M12X25 ↔ GB/T5783 M12X25;Да;
WK-20C;128;Одинаковый номер;K1637 ↔ K1641;GB/T93 12 ↔ GB/T93 12;Да;
WK-20C;129;Одинаковый номер;K1637 ↔ K1641;GB/T95 12 ↔ GB/T95 12;Да;
WK-20C;130;Прямая замена по строке;K1637 ↔ K1641;K1637.09.00 ↔ K1641.09.00;Да;
WK-20C;131;Прямая замена по строке;K1637 ↔ K1641;K1637.09.01.00 ↔ K1641.09.01.00;;Последняя производственная модель — K1641.09.01.00, габаритные размеры совпадают, технологические требования: симметричность, сборка и сварка.
WK-20C;132;Прямая замена по строке;K1637 ↔ K1641;K1630.09.02.00 ↔ K1639.09.02.00;;Последняя производственная модель — K1639.09.02.00, габаритные размеры совпадают, технологические требования: симметричность, сборка и сварка.
WK-20C;133;Прямая замена по строке;K1637 ↔ K1641;K1630.09.03.00 ↔ K1641.09.03.00;;Последняя производственная модель — K1641.09.03.00, габаритные размеры совпадают, технологические требования: симметричность, сборка и сварка.
WK-20C;134;Прямая замена по строке;K1637 ↔ K1641;K1637.09.04.00 ↔ K1640.09.04.00;;Последняя производственная модель — K1644.09.04.00, габаритные размеры совпадают, технологические требования: симметричность, сборка и сварка.
WK-20C;135;Прямая замена по строке;K1637 ↔ K1641;K1635.09.05.00 ↔ K1640.09.05.00;;
WK-20C;136;Прямая замена по строке;K1637 ↔ K1641;K1637.09.06.00 ↔ K1640.09.06.00;;
WK-20C;138;Прямая замена по строке;K1637 ↔ K1641;K1627.09.08.00 ↔ K1640.09.08.00;;Последняя производственная модель — K1640.09.08.00, габаритные размеры совпадают, технологические требования: симметричность, сборка и сварка.
WK-20C;139;Прямая замена по строке;K1637 ↔ K1641;K1635.09.09.00 ↔ K1640.09.09.00;;Последняя производственная модель — K1642.09.09.00, габаритные размеры совпадают, технологические требования: симметричность, сборка и сварка.
WK-20C;140;Одинаковый номер;K1637 ↔ K1641;GB/T5783 M42X140 ↔ GB/T5783 M42X140;Да;
WK-20C;141;Одинаковый номер;K1637 ↔ K1641;GB/T6170 M42 ↔ GB/T6170 M42;Да;
WK-20C;142;Одинаковый номер;K1637 ↔ K1641;GBT93 42 ↔ GBT93 42;Да;
WK-20C;143;Одинаковый номер;K1637 ↔ K1641;GBT5782 M30X120 ↔ GBT5782 M30X120;Да;
WK-20C;144;Одинаковый номер;K1637 ↔ K1641;GBT6170 M30 ↔ GBT6170 M30;Да;
WK-20C;145;Одинаковый номер;K1637 ↔ K1641;GBT93 30 ↔ GBT93 30;Да;
WK-20C;146;Одинаковый номер;K1637 ↔ K1641;GBT5782 M30X220 ↔ GBT5782 M30X220;Да;
WK-20C;147;Одинаковый номер;K1637 ↔ K1641;GBT5782 M30X200 ↔ GBT5782 M30X200;Да;
WK-20C;148;Одинаковый номер;K1637 ↔ K1641;GBT5783 M24X110 ↔ GBT5783 M24X110;Да;
WK-20C;149;Одинаковый номер;K1637 ↔ K1641;GBT6170 M24 ↔ GBT6170 M24;Да;
WK-20C;150;Одинаковый номер;K1637 ↔ K1641;GBT93 24 ↔ GBT93 24;Да;
WK-20C;151;Одинаковый номер;K1637 ↔ K1641;K1462.23.04.00 ↔ K1462.23.04.00;Да;
WK-20C;152;Одинаковый номер;K1637 ↔ K1641;GB/T1228 M24X70 ↔ GB/T1228 M24X70;Да;
WK-20C;153;Одинаковый номер;K1637 ↔ K1641;GB/T889.1 M24 ↔ GB/T889.1 M24;Да;
WK-20C;154;Одинаковый номер;K1637 ↔ K1641;GB/T97.1 24 ↔ GB/T97.1 24;Да;
WK-20C;155;Одинаковый номер;K1637 ↔ K1641;GBT853 24 ↔ GBT853 24;Да;
WK-20C;156;Одинаковый номер;K1637 ↔ K1641;GBT5783 M30X80 ↔ GBT5783 M30X80;Да;
WK-20C;157;Прямая замена по строке;K1637 ↔ K1641;K1626.09.07.00 ↔ K1641.09.07.00;;
WK-20C;158;Прямая замена по строке;K1637 ↔ K1641;K1637.10.00 ↔ K1641.10.00;Да;
WK-20C;159;Одинаковый номер;K1637 ↔ K1641;K1605.10.01.00 ↔ K1605.10.01.00;Да;
WK-20C;160;Прямая замена по строке;K1637 ↔ K1641;K1637.10.02.00 ↔ K1641.10.02.00;;Последняя производственная модель — K1641.10.02.00, габаритные размеры совпадают, технологические требования: симметричность, сборка и сварка.
WK-20C;161;Прямая замена по строке;K1637 ↔ K1641;K1635.10.03.00 ↔ K1639.10.03.00;;Последняя производственная модель — K1642.10.03.00, габаритные размеры совпадают, технологические требования: симметричность, сборка и сварка.
WK-20C;162;Одинаковый номер;K1637 ↔ K1641;K1605.10.04.00 ↔ K1605.10.04.00;Да;Последняя производственная модель — K1642.10.04.00, габаритные размеры совпадают, технологические требования: симметричность, сборка и сварка.
WK-20C;163;Одинаковый номер;K1637 ↔ K1641;K1605.10.01 ↔ K1605.10.01;Да;
WK-20C;164;Одинаковый номер;K1637 ↔ K1641;K1605.10.02 ↔ K1605.10.02;Да;
WK-20C;165;Одинаковый номер;K1637 ↔ K1641;GB/T31.1 М36Х360 ↔ GB/T31.1 М36Х360;Да;
WK-20C;166;Одинаковый номер;K1637 ↔ K1641;GB/T6178 M36 ↔ GB/T6178 M36;Да;
WK-20C;167;Одинаковый номер;K1637 ↔ K1641;GB/T91 6.3X80 ↔ GB/T91 6.3X80;Да;
WK-20C;168;Одинаковый номер;K1637 ↔ K1641;K1623.10.07.00 ↔ K1623.10.07.00;Да;
WK-20C;169;Прямая замена по строке;K1637 ↔ K1641;K1635.10.05.00 ↔ K1639.10.05.00;;
WK-20C;170;Прямая замена по строке;K1637 ↔ K1641;K1629.10.06.00 ↔ K1639.10.06.00;;Последняя производственная модель — K1639.10.06.00, габаритные размеры совпадают, технологические требования: симметричность, сборка и сварка.
WK-20C;171;Одинаковый номер;K1637 ↔ K1641;GB/T95 36 ↔ GB/T95 36;Да;
WK-20C;172;Прямая замена по строке;K1637 ↔ K1641;K1637.11.00 ↔ K1641.11.00;;
WK-20C;173;Прямая замена по строке;K1637 ↔ K1641;K1635.11.01.00 ↔ K1640.11.01.00;;
WK-20C;174;Прямая замена по строке;K1637 ↔ K1641;K1635.11.02.00 ↔ K1640.11.02.00;;
WK-20C;175;Прямая замена по строке;K1637 ↔ K1641;K1635.11.03.00 ↔ K1640.11.03.00;;
WK-20C;176;Прямая замена по строке;K1637 ↔ K1641;K1635.11.04.00 ↔ K1640.11.04.00;;
WK-20C;177;Одинаковый номер;K1637 ↔ K1641;K1635.11.05.00 ↔ K1635.11.05.00;Да;
WK-20C;178;Прямая замена по строке;K1637 ↔ K1641;K1627.11.32.00 ↔ K1640.11.32.00;;
WK-20C;179;Одинаковый номер;K1637 ↔ K1641;K1635.11.07.00 ↔ K1635.11.07.00;Да;
WK-20C;180;Прямая замена по строке;K1637 ↔ K1641;K1635.11.08.00 ↔ K1639.11.08.00;;
WK-20C;181;Одинаковый номер;K1637 ↔ K1641;K1635.11.09.00 ↔ K1635.11.09.00;Да;
WK-20C;182;Прямая замена по строке;K1637 ↔ K1641;K1635.11.10.00 ↔ K1640.11.10.00;;
WK-20C;183;Прямая замена по строке;K1637 ↔ K1641;K1635.11.11.00 ↔ K1640.11.11.00;;
WK-20C;184;Прямая замена по строке;K1637 ↔ K1641;K1635.11.12.00 ↔ K1640.11.12.00;;
WK-20C;185;Одинаковый номер;K1637 ↔ K1641;K1635.11.13.00 ↔ K1635.11.13.00;Да;
WK-20C;186;Прямая замена по строке;K1637 ↔ K1641;K1635.11.14.00 ↔ K1640.11.14.00;;
WK-20C;187;Одинаковый номер;K1637 ↔ K1641;K1635.11.15.00 ↔ K1635.11.15.00;Да;
WK-20C;188;Прямая замена по строке;K1637 ↔ K1641;K1635.11.16.00 ↔ K1640.11.16.00;;
WK-20C;189;Одинаковый номер;K1637 ↔ K1641;K1635.11.17.00 ↔ K1635.11.17.00;Да;
WK-20C;190;Одинаковый номер;K1637 ↔ K1641;K1635.11.18.00 ↔ K1635.11.18.00;Да;
WK-20C;191;Прямая замена по строке;K1637 ↔ K1641;K1635.11.19.00 ↔ K1640.11.19.00;;
WK-20C;192;Прямая замена по строке;K1637 ↔ K1641;K1635.11.20.00 ↔ K1640.11.20.00;;
WK-20C;193;Прямая замена по строке;K1637 ↔ K1641;K1635.11.21.00 ↔ K1639.11.21.00;;
WK-20C;194;Прямая замена по строке;K1637 ↔ K1641;K1635.11.22.00 ↔ K1639.11.22.00;;
WK-20C;195;Прямая замена по строке;K1637 ↔ K1641;K1635.11.23.00 ↔ K1640.11.24.00;;
WK-20C;196;Прямая замена по строке;K1637 ↔ K1641;K1605.11.24.00 ↔ K1639.11.25.00;;
WK-20C;197;Прямая замена по строке;K1637 ↔ K1641;K1605.11.24.01.00 ↔ K1639.11.26.00;;
WK-20C;198;Прямая замена по строке;K1637 ↔ K1641;K1605.11.24.01 ↔ K1635.11.27.00;;
WK-20C;199;Прямая замена по строке;K1637 ↔ K1641;K1635.11.25.00 ↔ K1641.11.28.00;;
WK-20C;200;Прямая замена по строке;K1637 ↔ K1641;K1605.11.26.00 ↔ K1605.11.29.00;;
WK-20C;201;Прямая замена по строке;K1637 ↔ K1641;K1635.11.27.00 ↔ K1635.11.30.00;;
WK-20C;202;Прямая замена по строке;K1637 ↔ K1641;K1637.11.28.00 ↔ K1625.11.00-31;;
WK-20C;203;Прямая замена по строке;K1637 ↔ K1641;K1605.11.29.00 ↔ GB/T5783 М12X50;;
WK-20C;204;Прямая замена по строке;K1637 ↔ K1641;K1635.11.30.00 ↔ GB/T6170 М12;;
WK-20C;205;Прямая замена по строке;K1637 ↔ K1641;K1625.11.00-31 ↔ GB/T96.1 12;;
WK-20C;206;Прямая замена по строке;K1637 ↔ K1641;GB/T5783 М12X50 ↔ GB/T93 12;;
WK-20C;207;Прямая замена по строке;K1637 ↔ K1641;GB/T6170 М12 ↔ GB/T1228 М24X65;;
WK-20C;208;Прямая замена по строке;K1637 ↔ K1641;GB/T96.1 12 ↔ GB/T1229 М24;;
WK-20C;209;Прямая замена по строке;K1637 ↔ K1641;GB/T93 12 ↔ GB/T1230 24;;
WK-20C;210;Прямая замена по строке;K1637 ↔ K1641;GB/T1228 М24X65 ↔ GB/T1228 M24X85;;
WK-20C;211;Прямая замена по строке;K1637 ↔ K1641;GB/T1229 М24 ↔ K1605.11.01;;
WK-20C;212;Прямая замена по строке;K1637 ↔ K1641;GB/T1230 24 ↔ GB/T5783 М10X25;;
WK-20C;213;Прямая замена по строке;K1637 ↔ K1641;GB/T1228 M24X85 ↔ GB/T6170 М10;;
WK-20C;214;Прямая замена по строке;K1637 ↔ K1641;K1605.11.01 ↔ GB/T97.1 10;;
WK-20C;215;Прямая замена по строке;K1637 ↔ K1641;GB/T5783 М10X25 ↔ GB/T93 10;;
WK-20C;216;Прямая замена по строке;K1637 ↔ K1641;GB/T6170 М10 ↔ GB/T5783 М16X50;;
WK-20C;217;Прямая замена по строке;K1637 ↔ K1641;GB/T97.1 10 ↔ GB/T6170 М16;;
WK-20C;218;Прямая замена по строке;K1637 ↔ K1641;GB/T93 10 ↔ GB/T96.1 16;;
WK-20C;219;Прямая замена по строке;K1637 ↔ K1641;GB/T5783 М16X50 ↔ GB/T93 16;;
WK-20C;220;Прямая замена по строке;K1637 ↔ K1641;GB/T6170 М16 ↔ K1635.11.03;;
WK-20C;221;Прямая замена по строке;K1637 ↔ K1641;GB/T96.1 16 ↔ K1635.11.02;;
WK-20C;222;Прямая замена по строке;K1637 ↔ K1641;GB/T93 16 ↔ K1622.11.31.00;;
WK-20C;223;Прямая замена по строке;K1637 ↔ K1641;K1635.11.03 ↔ K1625.11.00-52;;
WK-20C;224;Прямая замена по строке;K1637 ↔ K1641;K1635.11.02 ↔ K1637.11.00-54;;
WK-20C;225;Прямая замена по строке;K1637 ↔ K1641;K1622.11.31.00 ↔ K1637.11.00-55;;
WK-20C;226;Прямая замена по строке;K1637 ↔ K1641;K1625.11.00-52 ↔ K1639.11.33.00;;
WK-20C;227;Прямая замена по строке;K1637 ↔ K1641;K1637.11.00-54 ↔ K1629.11.34.00;;
WK-20C;228;Прямая замена по строке;K1637 ↔ K1641;K1637.11.00-55 ↔ GB/T1228 М20X90;;
WK-20C;229;Прямая замена по строке;K1637 ↔ K1641;K1635.11.33.00 ↔ GB/T1229 M20;;
WK-20C;230;Прямая замена по строке;K1637 ↔ K1641;K1629.11.34.00 ↔ GB/T1230 20;;
WK-20C;231;Прямая замена по строке;K1637 ↔ K1641;K1635.11.35.00 ↔ K1635.11.36.00;;
WK-20C;232;Прямая замена по строке;K1637 ↔ K1641;GB/T1228 М20X90 ↔ K1635.11.37.00;;
WK-20C;233;Прямая замена по строке;K1637 ↔ K1641;GB/T1229 M20 ↔ K1640.11.38.00;;
WK-20C;234;Прямая замена по строке;K1637 ↔ K1641;GB/T1230 20 ↔ K1635.11.39.00;;
WK-20C;235;Прямая замена по строке;K1637 ↔ K1641;K1635.11.36.00 ↔ K1629.11.12.06;;
WK-20C;236;Прямая замена по строке;K1637 ↔ K1641;K1635.11.37.00 ↔ K1635.11.12.07;;
WK-20C;237;Прямая замена по строке;K1637 ↔ K1641;K1635.11.38.00 ↔ GB/T1228 М16X45;;
WK-20C;238;Прямая замена по строке;K1637 ↔ K1641;K1635.11.39.00 ↔ GB/T889.1 M16;;
WK-20C;239;Прямая замена по строке;K1637 ↔ K1641;K1626.11.33.00 ↔ K1640.11.40.00;;
WK-20C;241;Прямая замена по строке;K1637 ↔ K1641;K1629.12.00 ↔ K1639.12.00;Да;Последняя производственная модель — K1639.12.00.
WK-20C;242;Прямая замена по строке;K1637 ↔ K1641;K1612.12.01 ↔ K1629.12.01;;Последняя производственная модель — K1629.12.01, оптимизация деталей.
WK-20C;243;Одинаковый номер;K1637 ↔ K1641;K1617.12.02 ↔ K1617.12.02;Да;
WK-20C;244;Одинаковый номер;K1637 ↔ K1641;K1601.12.03 ↔ K1601.12.03;Да;
WK-20C;245;Одинаковый номер;K1637 ↔ K1641;K1601.12.04 ↔ K1601.12.04;Да;
WK-20C;246;Одинаковый номер;K1637 ↔ K1641;K1617.12.05 ↔ K1617.12.05;Да;
WK-20C;247;Одинаковый номер;K1637 ↔ K1641;K1617.12.06 ↔ K1617.12.06;Да;
WK-20C;248;Одинаковый номер;K1637 ↔ K1641;GB/T32.1 М24X90 ↔ GB/T32.1 М24X90;Да;
WK-20C;249;Одинаковый номер;K1637 ↔ K1641;GB/T93 24 ↔ GB/T93 24;Да;
WK-20C;250;Одинаковый номер;K1637 ↔ K1641;K1601.12.07 ↔ K1601.12.07;Да;
WK-20C;251;Прямая замена по строке;K1637 ↔ K1641;K1605.12.01.00 ↔ K1639.12.01.00;;Последняя производственная модель — K1639.12.01.00, требования к технологии производства и изготовления.
WK-20C;252;Одинаковый номер;K1637 ↔ K1641;K1605.12.02.00 ↔ K1605.12.02.00;Да;
WK-20C;253;Одинаковый номер;K1637 ↔ K1641;K1605.12.08 ↔ K1605.12.08;Да;
WK-20C;254;Одинаковый номер;K1637 ↔ K1641;GB/T5783 М8X25 ↔ GB/T5783 М8X25;Да;
WK-20C;255;Одинаковый номер;K1637 ↔ K1641;GB/T93 8 ↔ GB/T93 8;Да;
WK-20C;256;Одинаковый номер;K1637 ↔ K1641;K1618.12.00-01 ↔ K1618.12.00-01;Да;
WK-20C;257;Одинаковый номер;K1637 ↔ K1641;K1618.12.09 ↔ K1618.12.09;Да;
WK-20C;258;Одинаковый номер;K1637 ↔ K1641;K1629.13.00 ↔ K1629.13.00;Да;
WK-20C;259;Одинаковый номер;K1637 ↔ K1641;K1629.13.01.00 ↔ K1629.13.01.00;Да;
WK-20C;260;Одинаковый номер;K1637 ↔ K1641;K1601.13.02 ↔ K1601.13.02;Да;
WK-20C;261;Одинаковый номер;K1637 ↔ K1641;GB/T91 5X32 ↔ GB/T91 5X32;Да;
WK-20C;262;Одинаковый номер;K1637 ↔ K1641;K1601.13.04 ↔ K1601.13.04;Да;
WK-20C;263;Одинаковый номер;K1637 ↔ K1641;K1629.13.05.00 ↔ K1629.13.05.00;Да;
WK-20C;264;Одинаковый номер;K1637 ↔ K1641;K1601.13.06 ↔ K1601.13.06;Да;
WK-20C;265;Прямая замена по строке;K1637 ↔ K1641;K1636.15.00 ↔ K1640.15.00;;
WK-20C;266;Прямая замена по строке;K1637 ↔ K1641;K1636.15.01.00 ↔ K1640.15.01.00;;
WK-20C;267;Прямая замена по строке;K1637 ↔ K1641;K1605.15.02.00 ↔ K1640.15.02.00;;
WK-20C;268;Прямая замена по строке;K1637 ↔ K1641;K1605.15.08.00 ↔ K1639.15.08.00;;
WK-20C;269;Одинаковый номер;K1637 ↔ K1641;K1636.15.00-01 ↔ K1636.15.00-01;Да;
WK-20C;270;Одинаковый номер;K1637 ↔ K1641;K1605.15.03 ↔ K1605.15.03;Да;
WK-20C;271;Одинаковый номер;K1637 ↔ K1641;K1605.15.04 ↔ K1605.15.04;Да;
WK-20C;272;Одинаковый номер;K1637 ↔ K1641;K1605.15.05 ↔ K1605.15.05;Да;
WK-20C;273;Одинаковый номер;K1637 ↔ K1641;K1605.15.06 ↔ K1605.15.06;Да;
WK-20C;274;Одинаковый номер;K1637 ↔ K1641;K1605.15.07 ↔ K1605.15.07;Да;
WK-20C;275;Одинаковый номер;K1637 ↔ K1641;K1605.15.13 ↔ K1605.15.13;Да;
WK-20C;276;Одинаковый номер;K1637 ↔ K1641;GB/T5783 M42X150 ↔ GB/T5783 M42X150;Да;
WK-20C;277;Одинаковый номер;K1637 ↔ K1641;NL42 ↔ NL42;Да;
WK-20C;278;Прямая замена по строке;K1637 ↔ K1641;K1637.16.00 ↔ K1640.16.00;;
WK-20C;279;Прямая замена по строке;K1637 ↔ K1641;K1844.16.01.00 ↔ CK1846.16.01.00;;Последняя производственная модель — CK1846.16.01.00, требования к технологии производства и изготовления.
WK-20C;280;Прямая замена по строке;K1637 ↔ K1641;K1605.16.02.00 ↔ K1640.16.02.00;;
WK-20C;281;Одинаковый номер;K1637 ↔ K1641;K1629.16.03.00 ↔ K1629.16.03.00;Да;
WK-20C;282;Прямая замена по строке;K1637 ↔ K1641;K1622.16.04.00 ↔ K1639.16.04.00;;
WK-20C;283;Одинаковый номер;K1637 ↔ K1641;MB265 ↔ MB265;Да;
WK-20C;284;Одинаковый номер;K1637 ↔ K1641;K1605.16.01 ↔ K1605.16.01;Да;
WK-20C;285;Одинаковый номер;K1637 ↔ K1641;NL42 ↔ NL42;Да;
WK-20C;286;Одинаковый номер;K1637 ↔ K1641;K1605.16.02 ↔ K1605.16.02;Да;
WK-20C;287;Одинаковый номер;K1637 ↔ K1641;K1636.17.00 ↔ K1636.17.00;Да;
WK-20C;288;Одинаковый номер;K1637 ↔ K1641;K1627.17.01 ↔ K1627.17.01;Да;
WK-20C;289;Одинаковый номер;K1637 ↔ K1641;K1605.17.01 ↔ K1605.17.01;Да;
WK-20C;290;Прямая замена по строке;K1637 ↔ K1641;K1605.17.02 ↔ K1605.17.03;;
WK-20C;291;Прямая замена по строке;K1637 ↔ K1641;K1605.17.03 ↔ K1605.17.02;;
WK-20C;292;Одинаковый номер;K1637 ↔ K1641;TZB7232 M42X3 ↔ TZB7232 M42X3;Да;
WK-20C;293;Одинаковый номер;K1637 ↔ K1641;NL42 ↔ NL42;Да;
WK-20C;294;Одинаковый номер;K1637 ↔ K1641;K1605.17.15 ↔ K1605.17.15;Да;
WK-20C;295;Одинаковый номер;K1637 ↔ K1641;K1629.17.04 ↔ K1629.17.04;Да;
WK-20C;296;Одинаковый номер;K1637 ↔ K1641;K1605.17.05 ↔ K1605.17.05;Да;
WK-20C;297;Одинаковый номер;K1637 ↔ K1641;K1605.17.06 ↔ K1605.17.06;Да;
WK-20C;298;Одинаковый номер;K1637 ↔ K1641;K1605.17.07 ↔ K1605.17.07;Да;
WK-20C;299;Одинаковый номер;K1637 ↔ K1641;GB/T91 10X125 ↔ GB/T91 10X125;Да;
WK-20C;300;Одинаковый номер;K1637 ↔ K1641;K1605.17.08 ↔ K1605.17.08;Да;
WK-20C;301;Одинаковый номер;K1637 ↔ K1641;K1605.17.09 ↔ K1605.17.09;Да;
WK-20C;302;Одинаковый номер;K1637 ↔ K1641;K1605.17.11 ↔ K1605.17.11;Да;
WK-20C;303;Одинаковый номер;K1637 ↔ K1641;K1605.17.12 ↔ K1605.17.12;Да;
WK-20C;304;Одинаковый номер;K1637 ↔ K1641;K1605.17.13 ↔ K1605.17.13;Да;
WK-20C;305;Одинаковый номер;K1637 ↔ K1641;K1627.17.01.00 ↔ K1627.17.01.00;Да;
WK-20C;306;Одинаковый номер;K1637 ↔ K1641;K1605.17.14 ↔ K1605.17.14;Да;
WK-20C;307;Одинаковый номер;K1637 ↔ K1641;GB/T70.1  M16X50 ↔ GB/T70.1  M16X50;Да;
WK-20C;308;Одинаковый номер;K1637 ↔ K1641;GB/T93 16 ↔ GB/T93 16;Да;
WK-20C;309;Одинаковый номер;K1637 ↔ K1641;K1605.17.16 ↔ K1605.17.16;Да;
WK-20C;310;Одинаковый номер;K1637 ↔ K1641;K1627.17.02.00 ↔ K1627.17.02.00;Да;
WK-20C;311;Одинаковый номер;K1637 ↔ K1641;K1636.17.18 ↔ K1636.17.18;Да;
WK-20C;312;Одинаковый номер;K1637 ↔ K1641;K1627.17.19 ↔ K1627.17.19;Да;
WK-20C;313;Прямая замена по строке;K1637 ↔ K1641;K1630.18.00 ↔ K1640.18.00;;Последняя производственная модель — K1642.18.00.
WK-20C;314;Одинаковый номер;K1637 ↔ K1641;K1630.18.01.00 ↔ K1630.18.01.00;Да;Последняя производственная модель — K1642.18.01.00, требования к технологии производства и изготовления.
WK-20C;315;Одинаковый номер;K1637 ↔ K1641;K1629.18.02.00 ↔ K1629.18.02.00;Да;
WK-20C;316;Одинаковый номер;K1637 ↔ K1641;K1630.18.03.00 ↔ K1630.18.03.00;Да;Последняя производственная модель — K1642.18.03.00, требования к технологии производства и изготовления
WK-20C;317;Одинаковый номер;K1637 ↔ K1641;K1605.18.04.00 ↔ K1605.18.04.00;Да;
WK-20C;318;Одинаковый номер;K1637 ↔ K1641;K1630.18.05.00 ↔ K1630.18.05.00;Да;
WK-20C;319;Одинаковый номер;K1637 ↔ K1641;K1630.18.06.00 ↔ K1630.18.06.00;Да;Последняя производственная модель — K1642.18.06.00, требования к технологии производства и изготовления.
WK-20C;320;Прямая замена по строке;K1637 ↔ K1641;K1629.18.07.00 ↔ K1640.18.07.00;;Последняя производственная модель — K1640.18.07.00, габаритные размеры совпадают, технологические требования: симметричность, сборка и сварка.
WK-20C;321;Прямая замена по строке;K1637 ↔ K1641;K1629.18.08.00 ↔ K1640.18.08.00;;Последняя производственная модель — K1640.18.08.00, габаритные размеры совпадают, технологические требования: симметричность, сборка и сварка.
WK-20C;322;Одинаковый номер;K1637 ↔ K1641;K1605.18.09.00 ↔ K1605.18.09.00;Да;K1605.18.09.00
WK-20C;323;Одинаковый номер;K1637 ↔ K1641;K1629.18.10.00 ↔ K1629.18.10.00;Да;K1629.18.10.00
WK-20C;324;Прямая замена по строке;K1637 ↔ K1641;K1637.21.00 ↔ K1641.21.00;;Присоединительные размеры и пространство одинаковые, отличаются только стилем отделки в зависимости от года выпуска.
WK-20C;325;Прямая замена по строке;K1637 ↔ K1641;K1636.21.01.00 ↔ K1641.21.01.00;;
WK-20C;326;Прямая замена по строке;K1637 ↔ K1641;K1636.21.02.00 ↔ K1641.21.02.00;;
WK-20C;327;Прямая замена по строке;K1637 ↔ K1641;K1636.21.03.00 ↔ K1641.21.04.00;;
WK-20C;328;Прямая замена по строке;K1637 ↔ K1641;K1636.21.04.00 ↔ K1636.21.03.00;;
WK-20C;329;Одинаковый номер;K1637 ↔ K1641;K1636.21.05.00 ↔ K1636.21.05.00;Да;
WK-20C;330;Прямая замена по строке;K1637 ↔ K1641;K1636.21.06.00 ↔ K1641.21.06.00;;
WK-20C;331;Одинаковый номер;K1637 ↔ K1641;K1636.21.08.00 ↔ K1636.21.08.00;Да;
WK-20C;332;Одинаковый номер;K1637 ↔ K1641;K1630.21.09.00 ↔ K1630.21.09.00;Да;
WK-20C;333;Прямая замена по строке;K1637 ↔ K1641;K1636.21.10.00 ↔ K1641.21.10.00;;
WK-20C;334;Одинаковый номер;K1637 ↔ K1641;K1627.21.01 ↔ K1627.21.01;Да;
WK-20C;335;Одинаковый номер;K1637 ↔ K1641;K1627.21.02 ↔ K1627.21.02;Да;
WK-20C;336;Одинаковый номер;K1637 ↔ K1641;K1627.21.03 ↔ K1627.21.03;Да;
WK-20C;337;Одинаковый номер;K1637 ↔ K1641;K1627.21.04 ↔ K1627.21.04;Да;
WK-20C;338;Одинаковый номер;K1637 ↔ K1641;K1627.21.05 ↔ K1627.21.05;Да;
WK-20C;339;Одинаковый номер;K1637 ↔ K1641;K1627.21.06 ↔ K1627.21.06;Да;
WK-20C;340;Одинаковый номер;K1637 ↔ K1641;K1627.21.07 ↔ K1627.21.07;Да;
WK-20C;341;Одинаковый номер;K1637 ↔ K1641;GB/T5783 M8X40 ↔ GB/T5783 M8X40;Да;
WK-20C;342;Одинаковый номер;K1637 ↔ K1641;GB/T62.1 M8 ↔ GB/T62.1 M8;Да;
WK-20C;343;Прямая замена по строке;K1637 ↔ K1641;K1636.21.00-19 ↔ K1636.21.12.00;;
WK-20C;344;Прямая замена по строке;K1637 ↔ K1641;K1636.21.12.00 ↔ K1641.21.13.00;;
WK-20C;345;Прямая замена по строке;K1637 ↔ K1641;K1636.21.13.00 ↔ K1641.21.14.00;;
WK-20C;346;Прямая замена по строке;K1637 ↔ K1641;K1636.21.14.00 ↔ K1637.21.16.00;;
WK-20C;347;Прямая замена по строке;K1637 ↔ K1641;K1636.21.16.00 ↔ K1902.09.10.10.03.00;;
WK-20C;349;Прямая замена по строке;K1637 ↔ K1641;K1635.22.00 ↔ K1640.22.00;;Вентиляционно-пылеудаляющие устройства обоих моделей и все внутренние комплектующие универсальны. Последняя производственная модель — K1640.22.00, габаритные размеры совпадают, технологические требования: симметричность, сборка и сварка.
WK-20C;350;Прямая замена по строке;K1637 ↔ K1641;K1635.22.01.00 ↔ K1640.22.01.00;;
WK-20C;351;Прямая замена по строке;K1637 ↔ K1641;K1635.22.02.00 ↔ K1640.22.02.00;;
WK-20C;352;Прямая замена по строке;K1637 ↔ K1641;K1626.22.03.00 ↔ K1640.22.03.00;;
WK-20C;353;Прямая замена по строке;K1637 ↔ K1641;K1622.22.04.00 ↔ K1639.22.04.00;;
WK-20C;354;Прямая замена по строке;K1637 ↔ K1641;K1635.22.05.00 ↔ K1640.22.05.00;;
WK-20C;355;Прямая замена по строке;K1637 ↔ K1641;K1622.22.06.00 ↔ K1639.22.06.00;;
WK-20C;356;Одинаковый номер;K1637 ↔ K1641;K1622.22.07.00 ↔ K1622.22.07.00;Да;
WK-20C;357;Одинаковый номер;K1637 ↔ K1641;K1622.22.08.00 ↔ K1622.22.08.00;Да;
WK-20C;358;Одинаковый номер;K1637 ↔ K1641;K1627.22.09.00 ↔ K1627.22.09.00;Да;
WK-20C;359;Прямая замена по строке;K1637 ↔ K1641;K1629.22.10.00 ↔ K1640.22.10.00;;
WK-20C;360;Прямая замена по строке;K1637 ↔ K1641;K1622.22.11.00 ↔ K1640.22.11.00;;
WK-20C;361;Прямая замена по строке;K1637 ↔ K1641;K1622.22.12.00 ↔ K1640.22.12.00;;
WK-20C;362;Одинаковый номер;K1637 ↔ K1641;K1635.22.13.00 ↔ K1635.22.13.00;Да;
WK-20C;363;Прямая замена по строке;K1637 ↔ K1641;K1622.22.14.00 ↔ K1639.22.14.00;;
WK-20C;364;Одинаковый номер;K1637 ↔ K1641;K1627.22.11 ↔ K1627.22.11;Да;
WK-20C;365;Одинаковый номер;K1637 ↔ K1641;K1623.22.09 ↔ K1623.22.09;Да;
WK-20C;366;Одинаковый номер;K1637 ↔ K1641;K1622.22.01 ↔ K1622.22.01;Да;
WK-20C;367;Одинаковый номер;K1637 ↔ K1641;K1622.22.02 ↔ K1622.22.02;Да;
WK-20C;368;Одинаковый номер;K1637 ↔ K1641;K1622.22.03 ↔ K1622.22.03;Да;
WK-20C;369;Одинаковый номер;K1637 ↔ K1641;K1622.22.04 ↔ K1622.22.04;Да;
WK-20C;370;Одинаковый номер;K1637 ↔ K1641;K1622.22.05 ↔ K1622.22.05;Да;
WK-20C;371;Одинаковый номер;K1637 ↔ K1641;K1622.22.06 ↔ K1622.22.06;Да;
WK-20C;372;Прямая замена по строке;K1637 ↔ K1641;K1622.22.07 ↔ K1622.22.15.00;;
WK-20C;373;Одинаковый номер;K1637 ↔ K1641;K1622.22.08 ↔ K1622.22.08;Да;
WK-20C;374;Одинаковый номер;K1637 ↔ K1641;GB/T882 B30X50 ↔ GB/T882 B30X50;Да;
WK-20C;375;Одинаковый номер;K1637 ↔ K1641;GB/T882 B30X75 ↔ GB/T882 B30X75;Да;
WK-20C;376;Одинаковый номер;K1637 ↔ K1641;GB/T91 6.3X45 ↔ GB/T91 6.3X45;Да;
WK-20C;377;Одинаковый номер;K1637 ↔ K1641;GB/T97.1 30 ↔ GB/T97.1 30;Да;
WK-20C;378;Одинаковый номер;K1637 ↔ K1641;GB/T5783 M20X65 ↔ GB/T5783 M20X65;Да;
WK-20C;379;Одинаковый номер;K1637 ↔ K1641;GB/T6170 M20 ↔ GB/T6170 M20;Да;
WK-20C;380;Одинаковый номер;K1637 ↔ K1641;GB/T93 20 ↔ GB/T93 20;Да;
WK-20C;381;Одинаковый номер;K1637 ↔ K1641;GB/T97.1 20 ↔ GB/T97.1 20;Да;
WK-20C;382;Одинаковый номер;K1637 ↔ K1641;GB/T5783 M12X55 ↔ GB/T5783 M12X55;Да;
WK-20C;383;Одинаковый номер;K1637 ↔ K1641;GB/T6170 M12 ↔ GB/T6170 M12;Да;
WK-20C;384;Одинаковый номер;K1637 ↔ K1641;GB/T93 12 ↔ GB/T93 12;Да;
WK-20C;385;Одинаковый номер;K1637 ↔ K1641;GB/T5783 M12X30 ↔ GB/T5783 M12X30;Да;
WK-20C;386;Одинаковый номер;K1637 ↔ K1641;GB/T5783 M20X45 ↔ GB/T5783 M20X45;Да;
WK-20C;387;Одинаковый номер;K1637 ↔ K1641;K1635.22.00-38 ↔ K1635.22.00-38;Да;
WK-20C;388;Одинаковый номер;K1637 ↔ K1641;K1635.22.00-39 ↔ K1635.22.00-39;Да;
WK-20C;389;Прямая замена по строке;K1637 ↔ K1641;K1623.22.15.00 ↔ K1640.22.15.00;;
WK-20C;390;Прямая замена по строке;K1637 ↔ K1641;K1629.22.16.00 ↔ K1639.22.16.00;;
WK-20C;391;Прямая замена по строке;K1637 ↔ K1641;K1629.22.17.00 ↔ K1640.22.17.00;;
WK-20C;392;Одинаковый номер;K1637 ↔ K1641;GB/T5783 M10X20 ↔ GB/T5783 M10X20;Да;
WK-20C;393;Одинаковый номер;K1637 ↔ K1641;GB/T93 10 ↔ GB/T93 10;Да;
WK-20C;395;Прямая замена по строке;K1637 ↔ K1641;K1637.23.00 ↔ K1641.23.00;;
WK-20C;396;Прямая замена по строке;K1637 ↔ K1641;K1637.23.01.00 ↔ K1641.23.01.00;;
WK-20C;397;Прямая замена по строке;K1637 ↔ K1641;K1627.23.02.00 ↔ K1639.23.02.00;;
WK-20C;398;Прямая замена по строке;K1637 ↔ K1641;K1635.23.03.00 ↔ K1639.23.03.00;;
WK-20C;399;Одинаковый номер;K1637 ↔ K1641;K1635.23.04.00 ↔ K1635.23.04.00;Да;
WK-20C;400;Одинаковый номер;K1637 ↔ K1641;K1627.23.05.00 ↔ K1627.23.05.00;Да;
WK-20C;401;Одинаковый номер;K1637 ↔ K1641;K1627.23.07.00 ↔ K1627.23.07.00;Да;
WK-20C;402;Одинаковый номер;K1637 ↔ K1641;K1622.23.08.00 ↔ K1622.23.08.00;Да;
WK-20C;403;Одинаковый номер;K1637 ↔ K1641;K1635.23.09.00 ↔ K1635.23.09.00;Да;
WK-20C;404;Одинаковый номер;K1637 ↔ K1641;K1625.23.12.00 ↔ K1625.23.12.00;Да;
WK-20C;405;Одинаковый номер;K1637 ↔ K1641;K1635.23.15.00 ↔ K1635.23.15.00;Да;
WK-20C;406;Одинаковый номер;K1637 ↔ K1641;K1637.23.00-16 ↔ K1637.23.00-16;Да;
WK-20C;407;Одинаковый номер;K1637 ↔ K1641;K1636.23.15.00 ↔ K1636.23.15.00;Да;
WK-20C;408;Одинаковый номер;K1637 ↔ K1641;K1636.23.16.00 ↔ K1636.23.16.00;Да;
WK-20C;409;Прямая замена по строке;K1637 ↔ K1641;K1636.23.01 ↔ K1635.23.01;;
WK-20C;410;Прямая замена по строке;K1637 ↔ K1641;K1636.23.02 ↔ K1635.23.02;;
WK-20C;411;Прямая замена по строке;K1637 ↔ K1641;K1636.23.03 ↔ K1635.23.03;;
WK-20C;412;Прямая замена по строке;K1637 ↔ K1641;K1636.23.04 ↔ K1635.23.04;;
WK-20C;413;Прямая замена по строке;K1637 ↔ K1641;K1636.23.05 ↔ K1635.23.05;;
WK-20C;414;Одинаковый номер;K1637 ↔ K1641;GB/T5783 M12X40 ↔ GB/T5783 M12X40;Да;
WK-20C;415;Прямая замена по строке;K1637 ↔ K1641;GB/T6170 M12 ↔ GB/T93 12;;
WK-20C;416;Прямая замена по строке;K1637 ↔ K1641;GB/T93 12 ↔ GB/T6170 M12;;
WK-20C;417;Одинаковый номер;K1637 ↔ K1641;GB/T853 12 ↔ GB/T853 12;Да;
WK-20C;418;Прямая замена по строке;K1637 ↔ K1641;K1636.23.06.00 ↔ K163923.06.00;;
WK-20C;419;Одинаковый номер;K1637 ↔ K1641;K1625.24.00 ↔ K1625.24.00;Да;
WK-20C;420;Одинаковый номер;K1637 ↔ K1641;HHTGYDQG-DLJT68-6000A ↔ HHTGYDQG-DLJT68-6000A;Да;
WK-20C;421;Одинаковый номер;K1637 ↔ K1641;HHTGYDQG-DLJT68-1000A ↔ HHTGYDQG-DLJT68-1000A;Да;
WK-20C;422;Одинаковый номер;K1637 ↔ K1641;HHTGYDQG-DLJT68-1010B04 ↔ HHTGYDQG-DLJT68-1010B04;Да;
WK-20C;423;Одинаковый номер;K1637 ↔ K1641;HHTGYDQG-DLJT68-1009 ↔ HHTGYDQG-DLJT68-1009;Да;
WK-20C;424;Одинаковый номер;K1637 ↔ K1641;HHTGYDQG-DLJT68-1021 ↔ HHTGYDQG-DLJT68-1021;Да;
WK-20C;425;Одинаковый номер;K1637 ↔ K1641;HHTGYDQG-DLJT68-5000A ↔ HHTGYDQG-DLJT68-5000A;Да;
WK-20C;426;Одинаковый номер;K1637 ↔ K1641;HHTGYDQG-DLJT68-3001 ↔ HHTGYDQG-DLJT68-3001;Да;
WK-20C;427;Одинаковый номер;K1637 ↔ K1641;HHTGYDQG-DLJT68-5003B01C ↔ HHTGYDQG-DLJT68-5003B01C;Да;
WK-20C;428;Одинаковый номер;K1637 ↔ K1641;HHTGYDQG-DLJT68-3002 ↔ HHTGYDQG-DLJT68-3002;Да;
WK-20C;429;Одинаковый номер;K1637 ↔ K1641;HHTGYDQG-DLJT43-1019 ↔ HHTGYDQG-DLJT43-1019;Да;
WK-20C;430;Одинаковый номер;K1637 ↔ K1641;12A ↔ 12A;Да;
WK-20C;431;Одинаковый номер;K1637 ↔ K1641;10A ↔ 10A;Да;
WK-20C;432;Одинаковый номер;K1637 ↔ K1641;HHTGYDQG-DLJT43-5024 ↔ HHTGYDQG-DLJT43-5024;Да;
WK-20C;433;Одинаковый номер;K1637 ↔ K1641;HHTGYDQG-DLJT68-5020B ↔ HHTGYDQG-DLJT68-5020B;Да;
WK-20C;434;Одинаковый номер;K1637 ↔ K1641;HHTGYDQG-DLJT68-3003 ↔ HHTGYDQG-DLJT68-3003;Да;
WK-20C;435;Одинаковый номер;K1637 ↔ K1641;HHTGYDQG-DLJT56-1023 ↔ HHTGYDQG-DLJT56-1023;Да;
WK-20C;436;Одинаковый номер;K1637 ↔ K1641;HHTGYDQG-DLJT68-1022 ↔ HHTGYDQG-DLJT68-1022;Да;
WK-20C;437;Одинаковый номер;K1637 ↔ K1641;16A ↔ 16A;Да;
WK-20C;438;Одинаковый номер;K1637 ↔ K1641;HHTGYDQG-DLJT68-4000A ↔ HHTGYDQG-DLJT68-4000A;Да;
WK-20C;439;Одинаковый номер;K1637 ↔ K1641;HHTGYDQG-DLJT68-5006B ↔ HHTGYDQG-DLJT68-5006B;Да;
WK-20C;440;Одинаковый номер;K1637 ↔ K1641;HHTGYDQG-DLJT43-5019 ↔ HHTGYDQG-DLJT43-5019;Да;
WK-20C;441;Одинаковый номер;K1637 ↔ K1641;HHTGYDQG-DLJT68-4017 ↔ HHTGYDQG-DLJT68-4017;Да;
WK-20C;442;Одинаковый номер;K1637 ↔ K1641;HHTGYDQG-DLJT68-2000A ↔ HHTGYDQG-DLJT68-2000A;Да;
WK-20C;443;Одинаковый номер;K1637 ↔ K1641;HHTGYDQG-DLJT68-1010B05 ↔ HHTGYDQG-DLJT68-1010B05;Да;
WK-20C;444;Прямая замена по строке;K1637 ↔ K1641;K1623.25.00 ↔ K1641.25.00;Да;
WK-20C;445;Одинаковый номер;K1637 ↔ K1641;K1623.25.01.00 ↔ K1623.25.01.00;Да;
WK-20C;446;Одинаковый номер;K1637 ↔ K1641;K1623.25.02.00 ↔ K1623.25.02.00;Да;
WK-20C;447;Прямая замена по строке;K1637 ↔ K1641;K1623.25.03.00 ↔ K1641.25.03.00;;
WK-20C;448;Одинаковый номер;K1637 ↔ K1641;GB/T882 В50Х140 ↔ GB/T882 В50Х140;Да;
WK-20C;449;Одинаковый номер;K1637 ↔ K1641;GB/T91 10Х100 ↔ GB/T91 10Х100;Да;
WK-20C;450;Одинаковый номер;K1637 ↔ K1641;GB/T882 В50Х180 ↔ GB/T882 В50Х180;Да;
WK-20C;452;Прямая замена по строке;K1637 ↔ K1641;K1637.90.00 ↔ K1641.90.00;Да;Системы смазки и пневмосистемы K1637 и K1641 не подверглись значительным изменениям, большинство запчастей универсальны.
WK-20C;453;Одинаковый номер;K1637 ↔ K1641;K1636.90.01.00 ↔ K1636.90.01.00;Да;
WK-20C;454;Прямая замена по строке;K1637 ↔ K1641;K1637.90.02.00 ↔ K1641.90.02.00;;
WK-20C;455;Одинаковый номер;K1637 ↔ K1641;K1637.90.03.00 ↔ K1637.90.03.00;Да;
WK-20C;456;Прямая замена по строке;K1637 ↔ K1641;K1636.90.04.00 ↔ K1641.90.04.00;;
WK-20C;457;Прямая замена по строке;K1637 ↔ K1641;K1636.90.05.00 ↔ K1641.90.05.00;;
WK-20C;459;Прямая замена по строке;K1637 ↔ K1641;K1637.91.00 ↔ K1641.91.00;Да;
WK-20C;460;Прямая замена по строке;K1637 ↔ K1641;K1626.91.01.00 ↔ K1641.91.01.00;;
WK-20C;461;Прямая замена по строке;K1637 ↔ K1641;K1637.91.01.00 ↔ K1641.91.04.00;;
WK-20C;462;Одинаковый номер;K1637 ↔ K1641;K1627.91.03.00 ↔ K1627.91.03.00;Да;
WK-20C;463;Прямая замена по строке;K1637 ↔ K1641;K1630.91.02.00 ↔ K1639.91.02.00;;
WK-20C;464;Одинаковый номер;K1637 ↔ K1641;TA3020/C-50-120/242G12MH050D6 ↔ TA3020/C-50-120/242G12MH050D6;Да;
WK-20C;465;Одинаковый номер;K1637 ↔ K1641;K1636.91.04 ↔ K1636.91.04;Да;
WK-20C;466;Одинаковый номер;K1637 ↔ K1641;K1630.91.05 ↔ K1630.91.05;Да;
WK-20C;467;Одинаковый номер;K1637 ↔ K1641;K1622.91.02.00 ↔ K1622.91.02.00;Да;
WK-20C;468;Одинаковый номер;K1637 ↔ K1641;8MJ-4MT ↔ 8MJ-4MT;Да;
WK-20C;469;Одинаковый номер;K1637 ↔ K1641;8MJ-8FJX9 ↔ 8MJ-8FJX9;Да;
WK-20C;470;Одинаковый номер;K1637 ↔ K1641;8MJ-8MT ↔ 8MJ-8MT;Да;
WK-20C;471;Одинаковый номер;K1637 ↔ K1641;8MJ-12MT ↔ 8MJ-12MT;Да;
WK-20C;472;Одинаковый номер;K1637 ↔ K1641;20MJ-16MT ↔ 20MJ-16MT;Да;
WK-20C;473;Одинаковый номер;K1637 ↔ K1641;20MJ-24MP ↔ 20MJ-24MP;Да;
WK-20C;474;Одинаковый номер;K1637 ↔ K1641;20MJ-24FT ↔ 20MJ-24FT;Да;
WK-20C;475;Одинаковый номер;K1637 ↔ K1641;24MJ-24MP ↔ 24MJ-24MP;Да;
WK-20C;476;Одинаковый номер;K1637 ↔ K1641;24MJ-24FJX9 ↔ 24MJ-24FJX9;Да;
WK-20C;477;Одинаковый номер;K1637 ↔ K1641;GB/T3287 N4-3X2-ZN-C ↔ GB/T3287 N4-3X2-ZN-C;Да;
WK-20C;478;Одинаковый номер;K1637 ↔ K1641;JB/ZQ4492 22 ↔ JB/ZQ4492 22;Да;
WK-20C;479;Одинаковый номер;K1637 ↔ K1641;JB/ZQ4499 A22 ↔ JB/ZQ4499 A22;Да;
WK-20C;480;Одинаковый номер;K1637 ↔ K1641;JB/ZQ4492 24 ↔ JB/ZQ4492 24;Да;
WK-20C;481;Одинаковый номер;K1637 ↔ K1641;JB/ZQ4499 A24 ↔ JB/ZQ4499 A24;Да;
WK-20C;482;Одинаковый номер;K1637 ↔ K1641;JB/ZQ4492 42 ↔ JB/ZQ4492 42;Да;
WK-20C;483;Одинаковый номер;K1637 ↔ K1641;JB/ZQ4499 A42 ↔ JB/ZQ4499 A42;Да;
WK-20C;484;Одинаковый номер;K1637 ↔ K1641;H01060032-650/20-24FJX/20-24FJX ↔ H01060032-650/20-24FJX/20-24FJX;Да;
WK-20C;485;Одинаковый номер;K1637 ↔ K1641;H01060012-1500/8-8FJX/8-8FJX9 ↔ H01060012-1500/8-8FJX/8-8FJX9;Да;
WK-20C;486;Одинаковый номер;K1637 ↔ K1641;H01060012-2200/8-8FJX/8-8FJX9 ↔ H01060012-2200/8-8FJX/8-8FJX9;Да;
WK-20C;487;Одинаковый номер;K1637 ↔ K1641;H01060012-2500/8-8FJX/8-8FJX ↔ H01060012-2500/8-8FJX/8-8FJX;Да;
WK-20C;488;Одинаковый номер;K1637 ↔ K1641;H01060025-3500/16-20FJX/16-20FJX9 ↔ H01060025-3500/16-20FJX/16-20FJX9;Да;
WK-20C;489;Одинаковый номер;K1637 ↔ K1641;H01060025-450/16-20FJX/16-20FJX9 ↔ H01060025-450/16-20FJX/16-20FJX9;Да;
WK-20C;490;Одинаковый номер;K1637 ↔ K1641;GB/T5781 M6X16 ↔ GB/T5781 M6X16;Да;
WK-20C;491;Одинаковый номер;K1637 ↔ K1641;GB/T93 6 ↔ GB/T93 6;Да;
WK-20C;492;Одинаковый номер;K1637 ↔ K1641;GB/T70.1 M8X16 ↔ GB/T70.1 M8X16;Да;
WK-20C;493;Одинаковый номер;K1637 ↔ K1641;GB/T93 8 ↔ GB/T93 8;Да;
WK-20C;494;Прямая замена по строке;K1637 ↔ K1641;20MJ-20FJX9 ↔ 20MJ-20MT;;
WK-20C;495;Прямая замена по строке;K1637 ↔ K1641;20MJ-20MT ↔ 20MJ-20FJX9;;
WK-20C;496;Одинаковый номер;K1637 ↔ K1641;20FJX-20FJX ↔ 20FJX-20FJX;Да;
WK-20C;497;Одинаковый номер;K1637 ↔ K1641;K1623.91.07.00 ↔ K1623.91.07.00;Да;
WK-20C;498;Прямая замена по строке;K1637 ↔ K1641;K1637.92.00 ↔ K1641.92.00;Да;
WK-20C;499;Прямая замена по строке;K1637 ↔ K1641;K1637.92.01.00 ↔ K1641.92.01.00;;
WK-20C;500;Прямая замена по строке;K1637 ↔ K1641;K1637.92.02.00* ↔ K1641.92.02.00;;
WK-20C;501;Прямая замена по строке;K1637 ↔ K1641;K1636.92.03.00 ↔ K1641.92.03.00;;
WK-20C;502;Одинаковый номер;K1637 ↔ K1641;K1637.92.04.00 ↔ K1637.92.04.00;Да;
WK-20C;503;Одинаковый номер;K1637 ↔ K1641;K1636.92.05.00 ↔ K1636.92.05.00;Да;
WK-20C;504;Прямая замена по строке;K1637 ↔ K1641;K1637.93.00 ↔ K1641.93.00;;
WK-20C;505;Прямая замена по строке;K1637 ↔ K1641;K1626.93.01.00 ↔ K1641.93.01.00;;
WK-20C;506;Прямая замена по строке;K1637 ↔ K1641;K1630.93.02.00 ↔ K1639.93.02.00;;
WK-20C;507;Прямая замена по строке;K1637 ↔ K1641;K1637.93.03.00 ↔ K1641.93.03.00;;
WK-20C;508;Одинаковый номер;K1637 ↔ K1641;16MJ-20MT9 ↔ 16MJ-20MT9;Да;
WK-20C;509;Одинаковый номер;K1637 ↔ K1641;16MJ-16FT ↔ 16MJ-16FT;Да;
WK-20C;510;Одинаковый номер;K1637 ↔ K1641;20MJ-16MP ↔ 20MJ-16MP;Да;
WK-20C;511;Одинаковый номер;K1637 ↔ K1641;24MJ-32MP ↔ 24MJ-32MP;Да;
WK-20C;512;Одинаковый номер;K1637 ↔ K1641;H01058025-2000/16-16FJX9/16-16FJX ↔ H01058025-2000/16-16FJX9/16-16FJX;Да;
WK-20C;513;Одинаковый номер;K1637 ↔ K1641;H01058025-1500/16-16FJX/16-16FJX ↔ H01058025-1500/16-16FJX/16-16FJX;Да;
WK-20C;514;Одинаковый номер;K1637 ↔ K1641;H01058031-800/20-20FJX9/20-20FJX ↔ H01058031-800/20-20FJX9/20-20FJX;Да;
WK-20C;515;Одинаковый номер;K1637 ↔ K1641;JB/ZQ4492 34 ↔ JB/ZQ4492 34;Да;
WK-20C;516;Одинаковый номер;K1637 ↔ K1641;JB/ZQ4499 A34 ↔ JB/ZQ4499 A34;Да;
WK-20C;517;Одинаковый номер;K1637 ↔ K1641;GB/T70.1 M8X16 ↔ GB/T70.1 M8X16;Да;
WK-20C;518;Одинаковый номер;K1637 ↔ K1641;16MJ-16MP9 ↔ 16MJ-16MP9;Да;
WK-20C;519;Одинаковый номер;K1637 ↔ K1641;20MJ-24FJX9 ↔ 20MJ-24FJX9;Да;
WK-20C;520;Одинаковый номер;K1637 ↔ K1641;16MJ-16MJ ↔ 16MJ-16MJ;Да;
WK-20C;521;Одинаковый номер;K1637 ↔ K1641;H01058031-1400/20-20FJX9/20-20FJX ↔ H01058031-1400/20-20FJX9/20-20FJX;Да;
WK-20C;522;Одинаковый номер;K1637 ↔ K1641;H01058025-1000/16-16FJX/16-16FJX ↔ H01058025-1000/16-16FJX/16-16FJX;Да;
WK-20C;523;Прямая замена по строке;K1637 ↔ K1641;DK1637.00 ↔ DK1641.00;;Системы электрического управления 1637 и 1641 не претерпели значительных изменений, большинство компонентов универсальны.
WK-20C;524;Прямая замена по строке;K1637 ↔ K1641;DK1637.01.00 ↔ DK1641.01.00;;
WK-20C;525;Прямая замена по строке;K1637 ↔ K1641;DK1637.01.01 ↔ DK1641.01.01;;
WK-20C;526;Прямая замена по строке;K1637 ↔ K1641;DK1637.01.02 ↔ DK1641.01.02;;
WK-20C;527;Прямая замена по строке;K1637 ↔ K1641;DK1637.01.03 ↔ DK1641.01.03;;
WK-20C;528;Прямая замена по строке;K1637 ↔ K1641;DK1637.01.05 ↔ DK1641.01.05;;
WK-20C;529;Прямая замена по строке;K1637 ↔ K1641;DK1637.01.12 ↔ DK1641.01.08;;
WK-20C;530;Прямая замена по строке;K1637 ↔ K1641;DK1637.01.14 ↔ DK1641.01.11;;
WK-20C;531;Прямая замена по строке;K1637 ↔ K1641;DK1637.01.15 ↔ DK1641.01.21;;
WK-20C;532;Прямая замена по строке;K1637 ↔ K1641;DK1637.01.18 ↔ DK1641.01.31;;
WK-20C;533;Прямая замена по строке;K1637 ↔ K1641;DK1637.01.24 ↔ DK1641.01.41;;
WK-20C;535;Прямая замена по строке;K1637 ↔ K1641;DK1637.01.28 ↔ DK1641.01.51;;
WK-20C;536;Прямая замена по строке;K1637 ↔ K1641;DK1637.01.32 ↔ DK1641.01.61;;
WK-20C;537;Прямая замена по строке;K1637 ↔ K1641;DK1637.01.36 ↔ DK1641.01.71;;
WK-20C;538;Прямая замена по строке;K1637 ↔ K1641;DK1637.01.51 ↔ DK1641.01.35;;
WK-20C;539;Одинаковый номер;K1637 ↔ K1641;YJ13L6 ↔ YJ13L6;Да;
WK-20C;540;Одинаковый номер;K1637 ↔ K1641;YJ13L7 ↔ YJ13L7;Да;
WK-20C;541;Одинаковый номер;K1637 ↔ K1641;YJ108A1 ↔ YJ108A1;Да;
WK-20C;542;Одинаковый номер;K1637 ↔ K1641;YJ109A2 ↔ YJ109A2;Да;
WK-35;2;Прямая замена по строке;K1839 ↔ K1849 ↔ K1853 ↔ K1866;K1839.01.00 ↔ K1849.01.00 ↔ K1853.01.00 ↔ K1861.01.00;;Универсальный в целом, улучшенные вспомогательные компоненты
WK-35;3;Прямая замена по строке;K1839 ↔ K1849 ↔ K1853 ↔ K1866;K1838.01.01.00 ↔ K1849.01.01.00 ↔ K1853.01.01.00 ↔ K1861.01.01.00;;Универсальный в целом, требования к производственному процессу
WK-35;4;Одинаковый номер;K1839 ↔ K1849 ↔ K1853 ↔ K1866;K1801.01.02.00 ↔ K1801.01.02.00 ↔ K1801.01.02.00 ↔ K1801.01.02.00;"Да; Идентичны";
WK-35;5;Прямая замена по строке;K1839 ↔ K1849 ↔ K1853 ↔ K1866;K1839.01.03.00 ↔ K1842.01.03.00 ↔ K1842.01.03.00 ↔ K1895.01.03.00;;Универсальный в целом, требования к производственному процессу
WK-35;6;Прямая замена по строке;K1839 ↔ K1849 ↔ K1853 ↔ K1866;K1820.01.04.00 ↔ K1842.01.04.00 ↔ K1842.01.04.00 ↔ K1842.01.04.00;Идентичны;Универсальный в целом, требования к производственному процессу
WK-35;7;Одинаковый номер;K1839 ↔ K1849 ↔ K1853 ↔ K1866;K1839.01.06.00 ↔ K1839.01.06.00 ↔ K1839.01.06.00 ↔ K1839.01.06.00;"Да; Идентичны";
WK-35;8;Одинаковый номер;K1839 ↔ K1849 ↔ K1853 ↔ K1866;K1812.01.07.00 ↔ K1812.01.07.00 ↔ K1812.01.07.00 ↔ K1812.01.07.00;"Да; Идентичны";
WK-35;9;Одинаковый номер;K1839 ↔ K1849 ↔ K1853 ↔ K1866;K1801.01.02 ↔ K1801.01.02 ↔ K1801.01.02 ↔ K1801.01.02;"Да; Идентичны";
WK-35;10;Одинаковый номер;K1839 ↔ K1849 ↔ K1853 ↔ K1866;K1839.01.03 ↔ K1839.01.03 ↔ K1839.01.03 ↔ K1839.01.03;"Да; Идентичны";
WK-35;11;Прямая замена по строке;K1839 ↔ K1849 ↔ K1853 ↔ K1866;K1801.01.04 ↔ K1801.01.04 ↔ K1853.01.12.00 ↔ K1849.01.12.00;;
WK-35;12;Одинаковый номер;K1839 ↔ K1849 ↔ K1853 ↔ K1866;K1601.30.04 ↔ K1601.30.04 ↔ K1601.30.04 ↔ K1601.30.04;"Да; Идентичны";Универсальный
WK-35;13;Прямая замена по строке;K1839 ↔ K1849 ↔ K1853 ↔ K1866;K1801.01.05 ↔ K1844.01.05 ↔ K1844.01.05 ↔ K1844.01.05;Идентичны;
WK-35;14;Одинаковый номер;K1839 ↔ K1849 ↔ K1853 ↔ K1866;K1601.30.06 ↔ K1601.30.06 ↔ K1601.30.06 ↔ K1601.30.06;"Да; Идентичны";
WK-35;15;Одинаковый номер;K1839 ↔ K1849 ↔ K1853 ↔ K1866;K1801.01.06 ↔ K1801.01.06 ↔ K1801.01.06 ↔ K1801.01.06;"Да; Идентичны";
WK-35;16;Одинаковый номер;K1839 ↔ K1849 ↔ K1853 ↔ K1866;K1801.01.07 ↔ K1801.01.07 ↔ K1801.01.07 ↔ K1801.01.07;"Да; Идентичны";
WK-35;17;Прямая замена по строке;K1839 ↔ K1849 ↔ K1853 ↔ K1866;K1824.01.10.00 ↔ K1844.01.10.00 ↔ K1844.01.10.00 ↔ K1844.01.10.00;Идентичны;Универсальный в целом, K1844 — улучшенная версия
WK-35;18;Одинаковый номер;K1839 ↔ K1849 ↔ K1853 ↔ K1866;K1801.01.08 ↔ K1801.01.08 ↔ K1801.01.08 ↔ K1801.01.08;"Да; Идентичны";
WK-35;19;Прямая замена по строке;K1839 ↔ K1849 ↔ K1853 ↔ K1866;K1801.01.09 ↔ K1841.01.09 ↔ K1841.01.09 ↔ K1801.01.09;;Крепежная пластина универсальна, но длина болтов отличается. K1841 имеет встроенные резьбовые отверстия.
WK-35;20;Прямая замена по строке;K1839 ↔ K1849 ↔ K1853 ↔ K1866;GB/T5783 М56Х200 ↔ GB/T5783  М56Х140 ↔ GB/T5783  М56Х140 ↔ GB/T5783  М56X140;;
WK-35;21;Прямая замена по строке;K1839 ↔ K1849 ↔ K1853 ↔ K1866;JB/ZQ4339 ↔ JB/ZQ4339  56 ↔ JB/ZQ4339  56 ↔ JB/ZQ4339  56;Идентичны;
WK-35;22;Одинаковый номер;K1839 ↔ K1849 ↔ K1853 ↔ K1866;K1601.30.08.00 ↔ K1601.30.08.00 ↔ K1601.30.08.00 ↔ K1601.30.08.00;"Да; Идентичны";
WK-35;23;Прямая замена по строке;K1839 ↔ K1849 ↔ K1853 ↔ K1866;GB/T6170 ↔ GB/T6170  М16 ↔ GB/T6170  М16 ↔ GB/T6170  М16;Идентичны;
WK-35;24;Прямая замена по строке;K1839 ↔ K1849 ↔ K1853 ↔ K1866;GB/T93 ↔ GB/T93 16 ↔ GB/T93 16 ↔ GB/T93 16;Идентичны;
WK-35;25;Одинаковый номер;K1839 ↔ K1849 ↔ K1853 ↔ K1866;K1805.01.09.00 ↔ K1805.01.09.00 ↔ K1805.01.09.00 ↔ K1805.01.09.00;"Да; Идентичны";
WK-35;26;Прямая замена по строке;K1839 ↔ K1853 ↔ K1866;GB/T6170 ↔ GB/T6170 M56 ↔ GB/T6170 M56;Идентичны;
WK-35;27;Одинаковый номер;K1839 ↔ K1849 ↔ K1853 ↔ K1866;K1801.01.11 ↔ K1801.01.11 ↔ K1801.01.11 ↔ K1801.01.11;"Да; Идентичны";
WK-35;28;Одинаковый номер;K1839 ↔ K1849 ↔ K1853 ↔ K1866;K1801.01.12 ↔ K1801.01.12 ↔ K1801.01.12 ↔ K1801.01.12;"Да; Идентичны";
WK-35;29;Прямая замена по строке;K1839 ↔ K1849 ↔ K1853 ↔ K1866;GB/T6178 ↔ GB/T6178  М30 ↔ GB/T6178  М30 ↔ GB/T6178  М30;Идентичны;
WK-35;30;Прямая замена по строке;K1839 ↔ K1849 ↔ K1853 ↔ K1866;GB/T91 ↔ GB/T91  6.3Х50 ↔ GB/T91  5X56 ↔ GB/T91  5X56;Идентичны;
WK-35;31;Одинаковый номер;K1839 ↔ K1849 ↔ K1853 ↔ K1866;K1801.01.13 ↔ K1801.01.13 ↔ K1801.01.13 ↔ K1801.01.13;"Да; Идентичны";
WK-35;32;Одинаковый номер;K1839 ↔ K1849 ↔ K1853 ↔ K1866;K1839.01.25 ↔ K1839.01.25 ↔ K1839.01.25 ↔ K1839.01.25;"Да; Идентичны";
WK-35;33;Прямая замена по строке;K1839 ↔ K1849 ↔ K1853 ↔ K1866;TZQ7310.02.00 ↔ TZQ7310.02.00  R3/8 ↔ TZQ7310.02.00  R3/8 ↔ TZQ7310.02.00  R3/8;Идентичны;
WK-35;34;Одинаковый номер;K1839 ↔ K1849 ↔ K1853 ↔ K1866;K1801.01.15 ↔ K1801.01.15 ↔ K1801.01.15 ↔ K1801.01.15;"Да; Идентичны";
WK-35;35;Прямая замена по строке;K1839 ↔ K1866;K1802.01.16 ↔ K1856.01.15.00;;
WK-35;36;Прямая замена по строке;K1839 ↔ K1849 ↔ K1853 ↔ K1866;K1802.01.17 ↔ K1802.01.17 ↔ K1849.01.17 ↔ K1849.01.13.00;;
WK-35;37;Одинаковый номер;K1839 ↔ K1849 ↔ K1853 ↔ K1866;K1623.01.12 ↔ K1623.01.12 ↔ K1623.01.12 ↔ K1623.01.12;"Да; Идентичны";Универсальный
WK-35;38;Одинаковый номер;K1839 ↔ K1849 ↔ K1853 ↔ K1866;K1601.30.13 ↔ K1601.30.13 ↔ K1601.30.13 ↔ K1601.30.13;"Да; Идентичны";Универсальный
WK-35;39;Одинаковый номер;K1839 ↔ K1849 ↔ K1853 ↔ K1866;K1601.30.14 ↔ K1601.30.14 ↔ K1601.30.14 ↔ K1601.30.14;"Да; Идентичны";Универсальный
WK-35;40;Одинаковый номер;K1839 ↔ K1849 ↔ K1853 ↔ K1866;K1623.01.15 ↔ K1623.01.15 ↔ K1623.01.15 ↔ K1623.01.15;"Да; Идентичны";Универсальный
WK-35;41;Одинаковый номер;K1839 ↔ K1849 ↔ K1853 ↔ K1866;K1839.01.18 ↔ K1839.01.18 ↔ K1839.01.18 ↔ K1839.01.18;"Да; Идентичны";Универсальный
WK-35;42;Одинаковый номер;K1839 ↔ K1849 ↔ K1853 ↔ K1866;K1839.01.19 ↔ K1839.01.19 ↔ K1839.01.19 ↔ K1839.01.19;"Да; Идентичны";Универсальный
WK-35;43;Одинаковый номер;K1839 ↔ K1849 ↔ K1853 ↔ K1866;K1601.33.18 ↔ K1601.33.18 ↔ K1601.33.18 ↔ K1601.33.18;"Да; Идентичны";Универсальный
WK-35;44;Одинаковый номер;K1839 ↔ K1849 ↔ K1853 ↔ K1866;K1601.33.19 ↔ K1601.33.19 ↔ K1601.33.19 ↔ K1601.33.19;"Да; Идентичны";Универсальный
WK-35;45;Одинаковый номер;K1839 ↔ K1853 ↔ K1866;K1802.01.10.00 ↔ K1802.01.10.00 ↔ K1802.01.10.00;Идентичны;
WK-35;46;Одинаковый номер;K1839 ↔ K1849 ↔ K1853 ↔ K1866;K1801.01.18 ↔ K1801.01.18 ↔ K1801.01.18 ↔ K1801.01.18;"Да; Идентичны";
WK-35;51;Прямая замена по строке;K1839 ↔ K1849 ↔ K1853 ↔ K1866;K1801.02.00 ↔ K1842.02.00 ↔ K1853.02.00 ↔ K1857.02.00;;В целом универсальное решение, с дополнительными требованиями к подъемным проушинам и производственным процессам.
WK-35;52;Прямая замена по строке;K1839 ↔ K1849 ↔ K1853 ↔ K1866;K1801.02.01.00 ↔ K1801.02.01.00 ↔ K1853.02.01.00 ↔ K1857.02.01.00;;
WK-35;53;Одинаковый номер;K1839 ↔ K1849 ↔ K1853 ↔ K1866;K1801.02.02.00 ↔ K1801.02.02.00 ↔ K1801.02.02.00 ↔ K1801.02.02.00;"Да; Идентичны";
WK-35;54;Одинаковый номер;K1839 ↔ K1849 ↔ K1853 ↔ K1866;K1801.02.03.00 ↔ K1801.02.03.00 ↔ K1801.02.03.00 ↔ K1801.02.03.00;"Да; Идентичны";
WK-35;55;Прямая замена по строке;K1839 ↔ K1849;K1801.02.04.00 ↔ K1842.02.04.00;Идентичны;
WK-35;56;Одинаковый номер;K1839 ↔ K1849 ↔ K1853 ↔ K1866;K1801.02.01 ↔ K1801.02.01 ↔ K1801.02.01 ↔ K1801.02.01;"Да; Идентичны";
WK-35;57;Одинаковый номер;K1839 ↔ K1849;K1801.02.02 ↔ K1801.02.02;;
WK-35;58;Одинаковый номер;K1839 ↔ K1849;K1801.02.05.00 ↔ K1801.02.05.00;;
WK-35;59;Одинаковый номер;K1839 ↔ K1849;K1801.02.06.00 ↔ K1801.02.06.00;;
WK-35;60;Одинаковый номер;K1839 ↔ K1849;K1801.02.03 ↔ K1801.02.03;;
WK-35;62;Прямая замена по строке;K1839 ↔ K1849 ↔ K1853 ↔ K1866;K1839.03.00 ↔ K1844.03.00 ↔ K1846.03.00 ↔ K1861.03.00;;В целом универсальное решение, улучшения подчиненных компонентов.
WK-35;63;Прямая замена по строке;K1839 ↔ K1849 ↔ K1853 ↔ K1866;K1839.03.01.00 ↔ K1842.03.01.00 ↔ K1842.03.01.00 ↔ K1842.03.01.00;Идентичны;
WK-35;64;Прямая замена по строке;K1839 ↔ K1849 ↔ K1853 ↔ K1866;K1839.03.02.00 ↔ K1840.03.02.00 ↔ K1840.03.02.00 ↔ K1840.03.02.00;Идентичны;
WK-35;65;Одинаковый номер;K1839 ↔ K1849 ↔ K1853 ↔ K1866;K1803.03.03.00 ↔ K1803.03.03.00 ↔ K1803.03.03.00 ↔ K1803.03.03.00;"Да; Идентичны";
WK-35;66;Одинаковый номер;K1839 ↔ K1849 ↔ K1853 ↔ K1866;K1801.03.04.00 ↔ K1801.03.04.00 ↔ K1801.03.04.00 ↔ K1801.03.04.00;"Да; Идентичны";
WK-35;67;Одинаковый номер;K1839 ↔ K1849 ↔ K1853 ↔ K1866;K1818.03.05.00 ↔ K1818.03.05.00 ↔ K1818.03.05.00 ↔ K1818.03.05.00;"Да; Идентичны";
WK-35;68;Прямая замена по строке;K1839 ↔ K1849 ↔ K1853 ↔ K1866;K1837.03.06.00 ↔ K1837.03.06.00 ↔ K1837.03.06.00 ↔ K1854.03.06.00;Да;
WK-35;69;Прямая замена по строке;K1839 ↔ K1849 ↔ K1853 ↔ K1866;K1818.03.07.00 ↔ K1818.03.07.00 ↔ K1636.05.11.00 ↔ K1636.05.11.00;Идентичны;
WK-35;70;Одинаковый номер;K1839 ↔ K1849 ↔ K1853 ↔ K1866;K1803.03.08.00 ↔ K1803.03.08.00 ↔ K1803.03.08.00 ↔ K1803.03.08.00;"Да; Идентичны";
WK-35;71;Прямая замена по строке;K1839 ↔ K1849 ↔ K1853 ↔ K1866;K1801.03.09.00 ↔ K1801.03.09.00 ↔ K1801.03.09.00 ↔ K1858.03.09.00;Да;
WK-35;72;Прямая замена по строке;K1839 ↔ K1849 ↔ K1853 ↔ K1866;K1801.03.10.00 ↔ K1801.03.10.00 ↔ K1801.03.10.00 ↔ K1856.03.10.00;Да;В целом универсальное решение
WK-35;73;Прямая замена по строке;K1839 ↔ K1849 ↔ K1853 ↔ K1866;K1701.03.11.00 ↔ K1842.03.11.00 ↔ K1842.03.11.00 ↔ CK1895.03.11.00;;"Не универсальное решение, модернизация первого поколения K1842; все будущие запасные части для валов прессовальных машин будут иметь артикул CK1895.03.11.00."
WK-35;74;Прямая замена по строке;K1839 ↔ K1849 ↔ K1853 ↔ K1866;K1801.03.12.00 ↔ MB155 ↔ K1842.03.12.00 ↔ K1842.03.12.00;Идентичны;Универсальное решение.
WK-35;75;Одинаковый номер;K1839 ↔ K1849 ↔ K1853 ↔ K1866;K1801.03.13.00 ↔ K1801.03.13.00 ↔ K1801.03.13.00 ↔ K1801.03.13.00;"Да; Идентичны";
WK-35;76;Прямая замена по строке;K1839 ↔ K1849 ↔ K1853 ↔ K1866;K1801.03.15.00 ↔ K1842.03.15.00 ↔ K1842.03.15.00 ↔ K1858.03.15.00;;В целом универсальное решение, требования к производственным процессам.
WK-35;77;Одинаковый номер;K1839 ↔ K1849 ↔ K1853 ↔ K1866;K1701.03.17.00 ↔ K1701.03.17.00 ↔ K1701.03.17.00 ↔ K1701.03.17.00;"Да; Идентичны";
WK-35;78;Одинаковый номер;K1839 ↔ K1849 ↔ K1853 ↔ K1866;K1839.03.18.00 ↔ K1839.03.18.00 ↔ K1839.03.18.00 ↔ K1839.03.18.00;"Да; Идентичны";
WK-35;79;Прямая замена по строке;K1839 ↔ K1849 ↔ K1853 ↔ K1866;K1801.03.19.00 ↔ K1842.03.19.00 ↔ K1842.03.19.00 ↔ K1842.03.19.00;Идентичны;
WK-35;80;Прямая замена по строке;K1839 ↔ K1849 ↔ K1853 ↔ K1866;K1801.03.20.00 ↔ K1801.03.20.00 ↔ K1801.03.20.00B ↔ CK1801.03.20.00;;Универсальное решение, требования к производству.
WK-35;81;Прямая замена по строке;K1839 ↔ K1849 ↔ K1853 ↔ K1866;K1812.03.21.00 ↔ K1842.03.21.00 ↔ K1842.03.21.00 ↔ K1842.03.21.00;Идентичны;В целом универсальное решение, улучшения в деталях.
WK-35;82;Прямая замена по строке;K1839 ↔ K1849 ↔ K1853 ↔ K1866;K1830.03.22.00 ↔ K1844.03.22.00 ↔ K1844.03.22.00 ↔ K1858.03.22.00;;
WK-35;83;Одинаковый номер;K1839 ↔ K1849 ↔ K1853 ↔ K1866;K1801.03.23.00 ↔ K1801.03.23.00 ↔ K1801.03.23.00 ↔ K1801.03.23.00;"Да; Идентичны";
WK-35;84;Прямая замена по строке;K1839 ↔ K1849 ↔ K1853 ↔ K1866;K1701.03.23.00 ↔ K1842.03.23.00 ↔ K1842.03.23.00 ↔ K1895.03.23.00;;"Не универсальное решение; будущая конфигурация шкива вала прессовальной машины CK1895.03.11.00, номер чертежа K1895.03.24.00."
WK-35;85;Прямая замена по строке;K1839 ↔ K1849 ↔ K1853;TZJ72192.2.6.06 ↔ TZJ72192.2.6.06 ↔ TZJ72192.2.6.06(6);;
WK-35;86;Прямая замена по строке;K1839 ↔ K1849 ↔ K1853 ↔ K1866;K1802.04.00 ↔ K1845.04.00 ↔ K1845.04.00 ↔ K1861.04.00;;"В целом универсальное решение.Не универсальное решение; K1612 — это конструкция двигателя с обмоточным ротором, K1845 — конструкция двигателя с постоянными магнитами."
WK-35;87;Прямая замена по строке;K1839 ↔ K1849 ↔ K1853 ↔ K1866;K1612.04.01.00 ↔ K1845.04.03.00 ↔ K1845.04.03.00 ↔ K1845.04.03.00;Идентичны;Не универсальный, K1612 — это двигатель с обмоточным ротором, K1845 — двигатель с постоянными магнитами.
WK-35;88;Прямая замена по строке;K1839 ↔ K1849 ↔ K1853 ↔ K1866;K1801.04.01.00 ↔ K1841.04.01.00 ↔ K1801.04.01.00 ↔ K1895.04.01.00;;Универсальный, рекомендуется в дальнейшем применять улучшенную версию K1895.04.01.00
WK-35;89;Одинаковый номер;K1839 ↔ K1849 ↔ K1853 ↔ K1866;K1801.04.02.00 ↔ K1801.04.02.00 ↔ K1801.04.02.00 ↔ K1801.04.02.00;"Да; Идентичны";
WK-35;90;Одинаковый номер;K1839 ↔ K1849 ↔ K1853 ↔ K1866;K1801.04.01 ↔ K1801.04.01 ↔ K1801.04.01 ↔ K1801.04.01;"Да; Идентичны";
WK-35;91;Прямая замена по строке;K1839 ↔ K1849 ↔ K1853 ↔ K1866;K1601.04.01 ↔ K1601.04.01 ↔ K1601.04.01 ↔ K1601.04.02;Да;
WK-35;92;Прямая замена по строке;K1839 ↔ K1849 ↔ K1853 ↔ K1866;K1601.04.02 ↔ K1601.04.02 ↔ K1601.04.02 ↔ K1601.04.01;Да;
WK-35;93;Прямая замена по строке;K1839 ↔ K1849 ↔ K1853 ↔ K1866;K1802.04.00-01 ↔ K1845.04.00-01 ↔ K1845.04.00-01 ↔ GB8918;;Универсальный
WK-35;94;Прямая замена по строке;K1839 ↔ K1849 ↔ K1853 ↔ K1866;K1801.04.04.00 ↔ K1845.04.04.00 ↔ K1845.04.04.00 ↔ K1845.04.04.00;Идентичны;
WK-35;95;Прямая замена по строке;K1839 ↔ K1849 ↔ K1853 ↔ K1866;GB/T32.1 ↔ GB/T32.1 М24Х90 ↔ GB/T32.1 М24Х90 ↔ GB/T32.1 М24X90;;
WK-35;96;Прямая замена по строке;K1839 ↔ K1849 ↔ K1853 ↔ K1866;GB/T93 ↔ GB/T93 24 ↔ GB/T93 24 ↔ GB/T93 24;Идентичны;
WK-35;97;Прямая замена по строке;K1839 ↔ K1849 ↔ K1853 ↔ K1866;GB/T6170 ↔ GB/T6170  М24 ↔ GB/T6170  М24 ↔ GB/T6170  М24;Идентичны;
WK-35;98;Одинаковый номер;K1839 ↔ K1849 ↔ K1853 ↔ K1866;K1701.04.03.01 ↔ K1701.04.03.01 ↔ K1701.04.03.01 ↔ K1701.04.03.01;"Да; Идентичны";
WK-35;99;Прямая замена по строке;K1839 ↔ K1849 ↔ K1853 ↔ K1866;K1801.04.00-02 ↔ K1845.04.00-02 ↔ K1845.04.00-02 ↔ YB/T5294;;
WK-35;100;Прямая замена по строке;K1839 ↔ K1849 ↔ K1853 ↔ K1866;GB/T5782 ↔ GB/T5782  М24Х140 ↔ GB/T5782  М24Х140 ↔ GB/T5782  М24X140;;
WK-35;101;Прямая замена по строке;K1839 ↔ K1849 ↔ K1853 ↔ K1866;GB/T6170 ↔ GB/T6170  М24 ↔ GB/T6170  М24 ↔ GB/T6170  М24;Идентичны;
WK-35;102;Прямая замена по строке;K1839 ↔ K1849 ↔ K1853 ↔ K1866;K1801.04.00-03 ↔ K1845.04.00-03 ↔ K1845.04.00-03 ↔ NL24;;
WK-35;103;Прямая замена по строке;K1839 ↔ K1849 ↔ K1853 ↔ K1866;GB/T882 ↔ GB/T882  30X75 ↔ GB/T882  30X75 ↔ GB/T882  30X75;Идентичны;
WK-35;104;Прямая замена по строке;K1839 ↔ K1849 ↔ K1853 ↔ K1866;GB/T91 ↔ GB/T91  6.3X45 ↔ GB/T91  6.3X45 ↔ GB/T91  6.3X45;Идентичны;
WK-35;105;Прямая замена по строке;K1839 ↔ K1849 ↔ K1853 ↔ K1866;K1837.05.00 ↔ K1846.05.00 ↔ K1853.05.00 ↔ K1856.05.00;;Не Универсальный
WK-35;106;Прямая замена по строке;K1839 ↔ K1849 ↔ K1853 ↔ K1866;K1801.05.01.00 ↔ K1801.05.01.00 ↔ K1853.05.01.00 ↔ K1856.05.01.00;;
WK-35;107;Прямая замена по строке;K1839 ↔ K1849 ↔ K1853 ↔ K1866;K1801.05.02.00 ↔ K1846.05.02.00 ↔ CK1846.05.02.00 ↔ CK1846.05.02.00;Идентичны;Не Универсальный, 1846 – усиленная версия
WK-35;108;Прямая замена по строке;K1839 ↔ K1849 ↔ K1853 ↔ K1866;K1801.05.03.00 ↔ K1801.05.03.00A ↔ CK1801.05.03.00 ↔ CK1801.05.03.00;Идентичны;Универсальный, требования к технологии изготовления
WK-35;109;Прямая замена по строке;K1839 ↔ K1849 ↔ K1853 ↔ K1866;K1801.05.04.00 ↔ K1842.05.04.00 ↔ CK1846.05.04.00 ↔ CK1846.05.04.00;Идентичны;"Не Универсальный: у редуктора 1842 соединение с платформой осуществляется через зажимную втулку; 1846 Универсальный с 1842, является усиленной версией 1842"
WK-35;110;Прямая замена по строке;K1839 ↔ K1849 ↔ K1853 ↔ K1866;K1830.05.05.00 ↔ K1830.05.05.00 ↔ K1830.05.05.00 ↔ K1856.05.05.00;Да;
WK-35;111;Одинаковый номер;K1839 ↔ K1849 ↔ K1853 ↔ K1866;K1801.05.06.00 ↔ K1801.05.06.00 ↔ K1801.05.06.00 ↔ K1801.05.06.00;"Да; Идентичны";
WK-35;112;Прямая замена по строке;K1839 ↔ K1849 ↔ K1853 ↔ K1866;K1801.05.07.00 ↔ MB132 ↔ K1842.05.07.00 ↔ K1842.05.07.00;Идентичны;Универсальный, требования к закупке
WK-35;113;Прямая замена по строке;K1839 ↔ K1849 ↔ K1853 ↔ K1866;K1801.05.08.00 ↔ K1846.05.08.00 ↔ K1846.05.08.00 ↔ K1846.05.08.00;Идентичны;Не Универсальный, 1846 – усиленная версия, совместима с усиленным первичным валом подъема
WK-35;114;Прямая замена по строке;K1839 ↔ K1849 ↔ K1853 ↔ K1866;K1818.03.07.00 ↔ K1818.03.07.00 ↔ K1636.05.11.00 ↔ K1636.05.11.00;Идентичны;
WK-35;115;Одинаковый номер;K1839 ↔ K1849 ↔ K1853 ↔ K1866;K1801.05.10.00 ↔ K1801.05.10.00 ↔ K1801.05.10.00 ↔ K1801.05.10.00;"Да; Идентичны";
WK-35;116;Прямая замена по строке;K1839 ↔ K1849 ↔ K1853 ↔ K1866;K1801.05.11.00 ↔ K1842.05.11.00 ↔ K1853.05.11.00 ↔ K1853.05.11.00;Идентичны;
WK-35;117;Прямая замена по строке;K1839 ↔ K1849 ↔ K1853 ↔ K1866;K1801.05.12.00 ↔ K1841.05.12.00 ↔ K1841.05.12.00 ↔ K1841.05.12.00;Идентичны;Не Универсальный, K1841 имеет конструкцию с зажимной втулкой
WK-35;118;Прямая замена по строке;K1839 ↔ K1849 ↔ K1853 ↔ K1866;K1801.05.01 ↔ K1841.05.15.00 ↔ K1841.05.15.00 ↔ K1841.05.15.00;Идентичны;
WK-35;119;Прямая замена по строке;K1839 ↔ K1849 ↔ K1853 ↔ K1866;K1801.05.02 ↔ JB/ZQ4770 M27X2 ↔ JB/ZQ4770 M27X2 ↔ JB/ZQ4770 M27X2;Идентичны;
WK-35;120;Прямая замена по строке;K1839 ↔ K1849 ↔ K1853 ↔ K1866;K1818.05.13.00 ↔ K1818.05.13.00 ↔ K1853.05.13.00 ↔ K1853.05.13.00;Идентичны;Универсальный, требования к технологии изготовления
WK-35;121;Прямая замена по строке;K1839 ↔ K1849 ↔ K1853 ↔ K1866;TZQ7310.02.00 ↔ K1805.05.03 ↔ K1805.05.03 ↔ K1856.05.00-19;;
WK-35;122;Прямая замена по строке;K1839 ↔ K1849 ↔ K1853 ↔ K1866;JB/ZQ4770 ↔ K1846.05.00-01 ↔ GB/T5783 M8X20 ↔ GB/T5783 M8X20;Идентичны;
WK-35;123;Прямая замена по строке;K1839 ↔ K1849 ↔ K1853 ↔ K1866;K1805.05.03 ↔ GB/T5783 M8X20 ↔ GB/T93 8 ↔ GB/T93 8;Идентичны;
WK-35;124;Прямая замена по строке;K1839 ↔ K1849 ↔ K1853 ↔ K1866;K1837.05.00-01 ↔ GB/T93 8 ↔ K1853.05.14.00 ↔ K1853.05.14.00;Идентичны;
WK-35;125;Прямая замена по строке;K1839 ↔ K1849;GB/T5783 ↔ K1842.05.14.00;;
WK-35;128;Прямая замена по строке;K1839 ↔ K1849 ↔ K1853 ↔ K1866;K1839.06.00 ↔ K1844.06.00 ↔ K1853.06.00 ↔ K1862.06.00;;
WK-35;129;Прямая замена по строке;K1839 ↔ K1849 ↔ K1853 ↔ K1866;K1812.06.01.00 ↔ K1812.06.01.00 ↔ K1853.06.01.00 ↔ K1859.06.01.00;;
WK-35;130;Прямая замена по строке;K1839 ↔ K1849 ↔ K1853 ↔ K1866;K1825.06.02.00 ↔ K1825.06.02.00 ↔ K1853.06.02.00 ↔ K1859.06.02.00;;
WK-35;131;Прямая замена по строке;K1839 ↔ K1849 ↔ K1853 ↔ K1866;K1803.06.03.00 ↔ K1803.06.03.00 ↔ K1853.06.04.00 ↔ K1859.06.03.00;;
WK-35;132;Прямая замена по строке;K1839 ↔ K1849 ↔ K1853 ↔ K1866;K1812.06.04.00 ↔ K1812.06.04.00 ↔ K1803.06.03.00 ↔ K1859.06.04.00;;
WK-35;133;Прямая замена по строке;K1839 ↔ K1849 ↔ K1853 ↔ K1866;K1825.06.05.00 ↔ K1825.06.05.00 ↔ K1853.06.05.00 ↔ K1859.06.05.00;;
WK-35;134;Прямая замена по строке;K1839 ↔ K1849 ↔ K1853 ↔ K1866;K1825.06.06.00 ↔ K1825.06.06.00 ↔ K1853.06.06.00 ↔ K1859.06.06.00;;
WK-35;135;Прямая замена по строке;K1839 ↔ K1849 ↔ K1853 ↔ K1866;K1812.06.07.00 ↔ K1812.06.07.00 ↔ K1853.06.07.00 ↔ K1856.06.07.00;;
WK-35;136;Прямая замена по строке;K1839 ↔ K1849 ↔ K1853 ↔ K1866;K1825.06.08.00 ↔ K1825.06.08.00 ↔ K1853.06.08.00 ↔ K1859.06.08.00;;
WK-35;137;Прямая замена по строке;K1839 ↔ K1849 ↔ K1853 ↔ K1866;K1825.06.09.00 ↔ K1825.06.09.00 ↔ K1853.06.09.00 ↔ K1862.06.09.00;;
WK-35;138;Прямая замена по строке;K1839 ↔ K1849 ↔ K1853 ↔ K1866;K1812.06.10.00 ↔ K1812.06.10.00 ↔ K1853.06.10.00 ↔ K1859.06.10.00;;
WK-35;139;Прямая замена по строке;K1839 ↔ K1849 ↔ K1853 ↔ K1866;K1825.06.11.00 ↔ K1825.06.11.00 ↔ K1853.06.11.00 ↔ K1859.06.11.00;;
WK-35;140;Прямая замена по строке;K1839 ↔ K1849 ↔ K1853 ↔ K1866;K1825.06.12.00 ↔ K1825.06.12.00 ↔ K1825.06.12.00 ↔ K1859.06.12.00;Да;
WK-35;141;Прямая замена по строке;K1839 ↔ K1849 ↔ K1853 ↔ K1866;K1812.06.13.00 ↔ K1812.06.13.00 ↔ K1853.06.13.00 ↔ K1859.06.13.00;;
WK-35;142;Прямая замена по строке;K1839 ↔ K1849 ↔ K1853 ↔ K1866;K1803.06.14.00 ↔ K1803.06.14.00 ↔ K1803.06.14.00 ↔ K1859.06.14.00;Да;
WK-35;143;Прямая замена по строке;K1839 ↔ K1849 ↔ K1853 ↔ K1866;K1839.06.15.00 ↔ K1844.06.15.00 ↔ K1853.06.15.00 ↔ K1859.06.15.00;;
WK-35;144;Прямая замена по строке;K1839 ↔ K1849 ↔ K1853 ↔ K1866;K1803.06.16.00 ↔ K1803.06.16.00 ↔ K1803.06.16.00 ↔ K1859.06.16.00;Да;
WK-35;145;Прямая замена по строке;K1839 ↔ K1849 ↔ K1853 ↔ K1866;K1803.06.18.00 ↔ K1803.06.18.00 ↔ K1803.06.18.00 ↔ K1859.06.18.00;Да;
WK-35;146;Прямая замена по строке;K1839 ↔ K1849 ↔ K1853 ↔ K1866;K1839.06.19.00 ↔ K1839.06.19.00 ↔ K1839.06.19.00 ↔ K1859.06.19.00;Да;
WK-35;147;Прямая замена по строке;K1839 ↔ K1849 ↔ K1853 ↔ K1866;K1839.06.00-01 ↔ K1844.06.00-01 ↔ K1818.06.20.00 ↔ K1859.06.20.00;;
WK-35;148;Прямая замена по строке;K1839 ↔ K1849 ↔ K1853 ↔ K1866;K1818.06.20.00 ↔ K1818.06.20.00 ↔ K1853.06.21.00 ↔ K1853.06.21.00;Идентичны;
WK-35;149;Одинаковый номер;K1839 ↔ K1849;K1839.06.21.00 ↔ K1839.06.21.00;Идентичны;
WK-35;150;Прямая замена по строке;K1839 ↔ K1849 ↔ K1853 ↔ K1866;K1802.07.00 ↔ K1842.07.00 ↔ K1843.07.00 ↔ K1895.07.00;;Полностью Универсальный, усовершенствование нижестоящих компонентов
WK-35;151;Прямая замена по строке;K1839 ↔ K1849 ↔ K1853 ↔ K1866;K1801.07.01.00 ↔ K1801.07.01.00 ↔ K1843.07.01.00 ↔ K1843.07.01.00;Идентичны;Полностью Универсальный, 1843 модернизирована
WK-35;152;Прямая замена по строке;K1839 ↔ K1849 ↔ K1853 ↔ K1866;K1803.07.02.00 ↔ K1803.07.02.00 ↔ K1803.07.02.00 ↔ CK1858.07.02.00;Да;
WK-35;153;Прямая замена по строке;K1839 ↔ K1849 ↔ K1853 ↔ K1866;K1801.07.03.00 ↔ K1842.07.03.00 ↔ K1842.07.03.00 ↔ K1842.07.03.00;Идентичны;Полностью Универсальный, на 1842 добавлен защитный кожух муфты
WK-35;154;Одинаковый номер;K1839 ↔ K1849 ↔ K1853 ↔ K1866;K1801.07.04.00 ↔ K1801.07.04.00 ↔ K1801.07.04.00 ↔ K1801.07.04.00;"Да; Идентичны";
WK-35;155;Одинаковый номер;K1839 ↔ K1849 ↔ K1853 ↔ K1866;K1801.07.05.00 ↔ K1801.07.05.00 ↔ K1801.07.05.00 ↔ K1801.07.05.00;"Да; Идентичны";
WK-35;156;Прямая замена по строке;K1839 ↔ K1849 ↔ K1853;GB/T5786 ↔ GB/T5786 М30X2X180 ↔ GB/T5786 М30X2X180;;
WK-35;157;Одинаковый номер;K1839 ↔ K1849 ↔ K1853;NL30 ↔ NL30 ↔ NL30;Да;
WK-35;158;Одинаковый номер;K1839 ↔ K1849 ↔ K1853;K1802.07.01 ↔ K1802.07.01 ↔ K1802.07.01;Да;
WK-35;159;Прямая замена по строке;K1839 ↔ K1849 ↔ K1853;GB/T5783 ↔ GB/T5783 М14X30 ↔ GB/T5783 М14X30;;
WK-35;160;Прямая замена по строке;K1839 ↔ K1849 ↔ K1853;GB/T93 ↔ GB/T93 14 ↔ GB/T93 14;;
WK-35;161;Прямая замена по строке;K1839 ↔ K1849 ↔ K1853;GB/T95 ↔ GB/T95 14 ↔ GB/T95 14;;
WK-35;162;Прямая замена по строке;K1839 ↔ K1849 ↔ K1853 ↔ K1866;K1839.09.00 ↔ K1849.09.00 ↔ K1853.09.00 ↔ K1856.09.00;;Полностью Универсальный, усовершенствование нижестоящих компонентов
WK-35;163;Прямая замена по строке;K1839 ↔ K1849 ↔ K1853 ↔ K1866;K1812.09.01.00 ↔ K1842.09.01.00 ↔ K1853.09.01.00 ↔ K1856.09.01.00;;Универсальный, улучшение деталей, требования к технологии изготовления
WK-35;164;Прямая замена по строке;K1839 ↔ K1849 ↔ K1853 ↔ K1866;K1839.09.02.00 ↔ K1845.09.02.00 ↔ K1853.09.02.00 ↔ K1854.09.02.00;;
WK-35;165;Прямая замена по строке;K1839 ↔ K1849 ↔ K1853 ↔ K1866;K1830.09.03.00 ↔ K1849.09.03.00 ↔ K1853.09.03.00 ↔ K1854.09.03.00;;
WK-35;166;Прямая замена по строке;K1839 ↔ K1849 ↔ K1853 ↔ K1866;K1835.09.04.00 ↔ K1841.09.04.00 ↔ K1841.09.04.00 ↔ K1854.09.04.00;;Универсальный, улучшение деталей
WK-35;167;Прямая замена по строке;K1839 ↔ K1849 ↔ K1853 ↔ K1866;K1812.09.05.00 ↔ K1842.09.05.00 ↔ K1853.09.05.00 ↔ K1854.09.05.00;;
WK-35;168;Прямая замена по строке;K1839 ↔ K1849 ↔ K1853 ↔ K1866;K1839.09.06.00 ↔ K1845.09.06.00 ↔ K1853.09.06.00 ↔ K1854.09.06.00;;
WK-35;169;Прямая замена по строке;K1839 ↔ K1849 ↔ K1853 ↔ K1866;K1830.09.07.00 ↔ K1830.09.07.00 ↔ K1853.09.07.00 ↔ K1854.09.07.00;;
WK-35;170;Прямая замена по строке;K1839 ↔ K1849 ↔ K1853 ↔ K1866;K1830.09.08.00 ↔ K1841.09.08.00 ↔ K1853.09.08.00 ↔ K1854.09.08.00;;Полностью Универсальный, улучшение деталей и требования к технологии изготовления
WK-35;171;Прямая замена по строке;K1839 ↔ K1849 ↔ K1853 ↔ K1866;K1830.09.09.00 ↔ K1830.09.09.00 ↔ K1830.09.09.00 ↔ K1854.09.09.00;Да;
WK-35;172;Одинаковый номер;K1839 ↔ K1849 ↔ K1853 ↔ K1866;K1801.09.10.00 ↔ K1801.09.10.00 ↔ K1801.09.10.00 ↔ K1801.09.10.00;"Да; Идентичны";
WK-35;173;Прямая замена по строке;K1839 ↔ K1849 ↔ K1853 ↔ K1866;K1803.09.11.00 ↔ K1841.09.11.00 ↔ K1853.09.11.00 ↔ K1856.09.11.00;;
WK-35;174;Прямая замена по строке;K1839 ↔ K1849 ↔ K1853 ↔ K1866;K1812.09.12.00 ↔ K1812.09.12.00 ↔ K1853.09.12.00 ↔ K1854.09.13.00;;
WK-35;175;Прямая замена по строке;K1839 ↔ K1849 ↔ K1853 ↔ K1866;K1830.09.13.00 ↔ K1830.09.13.00 ↔ K1830.09.13.00 ↔ GB/T5783 M10X20;Да;
WK-35;176;Прямая замена по строке;K1839 ↔ K1849 ↔ K1853 ↔ K1866;K1830.09.21.00 ↔ K1844.09.21.00 ↔ K1812.09.02 ↔ K1812.09.01;;
WK-35;177;Прямая замена по строке;K1839 ↔ K1849 ↔ K1853 ↔ K1866;K1812.09.01 ↔ K1812.09.01 ↔ K1812.09.01 ↔ K1812.09.02;Да;
WK-35;178;Прямая замена по строке;K1839 ↔ K1849 ↔ K1853 ↔ K1866;K1812.09.02 ↔ K1812.09.02 ↔ K1812.09.03 ↔ K1812.09.03;Идентичны;
WK-35;179;Прямая замена по строке;K1839 ↔ K1849 ↔ K1853 ↔ K1866;K1812.09.03 ↔ K1812.09.03 ↔ GB/T5786 M42X3X160 ↔ GB/T5786 M42X3X160;Идентичны;
WK-35;180;Прямая замена по строке;K1839 ↔ K1849 ↔ K1853 ↔ K1866;GB/T5786 ↔ GB/T5786 M42X3X160 ↔ GB/T6171 M42X3 ↔ GB/T6171 M42X3;Идентичны;
WK-35;181;Прямая замена по строке;K1839 ↔ K1849 ↔ K1853 ↔ K1866;GB/T6171 ↔ GB/T6171 M42X3 ↔ NL42 ↔ NL42;Идентичны;
WK-35;182;Прямая замена по строке;K1839 ↔ K1849 ↔ K1853 ↔ K1866;NL42 ↔ NL42 ↔ K1801.09.04 ↔ K1801.09.04;Идентичны;
WK-35;183;Прямая замена по строке;K1839 ↔ K1849 ↔ K1853 ↔ K1866;K1801.09.04 ↔ K1801.09.04 ↔ K1801.09.05 ↔ K1856.09.00-22;;
WK-35;184;Прямая замена по строке;K1839 ↔ K1849 ↔ K1853 ↔ K1866;K1839.09.00-01 ↔ K1839.09.00-01 ↔ K1802.09.11 ↔ K1801.09.05;;
WK-35;185;Прямая замена по строке;K1839 ↔ K1849 ↔ K1853 ↔ K1866;K1801.09.05 ↔ K1801.09.05 ↔ GB/T93 10 ↔ K1802.09.11;;
WK-35;186;Прямая замена по строке;K1839 ↔ K1849 ↔ K1853 ↔ K1866;GB/T5783 ↔ GB/T5783 M10X20 ↔ K1801.09.09 ↔ GB/T93 10;;
WK-35;187;Прямая замена по строке;K1839 ↔ K1849 ↔ K1853 ↔ K1866;GB/T93 ↔ GB/T93 10 ↔ GB/T5783  M10X30 ↔ K1801.09.09;;
WK-35;188;Прямая замена по строке;K1839 ↔ K1849 ↔ K1853 ↔ K1866;K1801.09.09 ↔ K1801.09.09 ↔ GB/T5783 M20X55 ↔ GB/T5783  M10X30;;
WK-35;189;Прямая замена по строке;K1839 ↔ K1849 ↔ K1853 ↔ K1866;GB/T5783 ↔ GB/T5783  M10X30 ↔ GB/T6170 M20 ↔ GB/T5783 M20X55;;
WK-35;190;Прямая замена по строке;K1839 ↔ K1849 ↔ K1853 ↔ K1866;GB/T5783 ↔ GB/T5783 M20X55 ↔ GB/T93 20 ↔ GB/T6170 M20;;
WK-35;191;Прямая замена по строке;K1839 ↔ K1849 ↔ K1853 ↔ K1866;GB/T6170 ↔ GB/T6170 M20 ↔ GB/T97.1 20 ↔ GB/T93 20;;
WK-35;192;Прямая замена по строке;K1839 ↔ K1849 ↔ K1853 ↔ K1866;GB/T93 ↔ GB/T93 20 ↔ GB/T5783 M24X55 ↔ GB/T97.1 20;;
WK-35;193;Прямая замена по строке;K1839 ↔ K1849 ↔ K1853 ↔ K1866;GB/T97.1 ↔ GB/T97.1 20 ↔ GB/T6170 M24 ↔ K1844.09.21.00;;
WK-35;194;Прямая замена по строке;K1839 ↔ K1849 ↔ K1853 ↔ K1866;GB/T5783 ↔ GB/T5783 M24X55 ↔ K1844.09.21.00 ↔ GB/T97.1 30;;
WK-35;195;Прямая замена по строке;K1839 ↔ K1849 ↔ K1853 ↔ K1866;GB/T6170 ↔ GB/T6170 M24 ↔ GB/T97.1 24 ↔ GB/T32.3 M30X2X240;;
WK-35;196;Прямая замена по строке;K1839 ↔ K1849 ↔ K1853 ↔ K1866;GB/T93 ↔ GB/T93 24 ↔ GB/T97.1 30 ↔ GB/T93 24;;
WK-35;197;Прямая замена по строке;K1839 ↔ K1849 ↔ K1853 ↔ K1866;GB/T97.1 ↔ GB/T97.1 24 ↔ GB/T32.3 M24X2X110 ↔ GB/T97.1 24;;
WK-35;198;Прямая замена по строке;K1839 ↔ K1849 ↔ K1853 ↔ K1866;K1802.09.11 ↔ K1802.09.11 ↔ GB/T93 24 ↔ YB/T5294;;
WK-35;199;Прямая замена по строке;K1839 ↔ K1849 ↔ K1853 ↔ K1866;GB/T32.3 ↔ GB/T32.3 M24X2X110 ↔ GB/T97.1 24 ↔ GB/T32.3 M24X2X110;;
WK-35;200;Прямая замена по строке;K1839 ↔ K1849 ↔ K1853 ↔ K1866;GB/T93 ↔ GB/T93 24 ↔ K1849.09.00-02 ↔ JB/ZQ4351 M30X2;;
WK-35;201;Прямая замена по строке;K1839 ↔ K1849 ↔ K1853 ↔ K1866;GB/T97.1 ↔ GB/T97.1 24 ↔ GB/T32.3 M24X2X110 ↔ K1812.09.12;;
WK-35;202;Прямая замена по строке;K1839 ↔ K1849 ↔ K1853 ↔ K1866;K1839.09.00-02 ↔ K1849.09.00-02 ↔ JB/ZQ4351 M30X2 ↔ K1812.09.13;;
WK-35;203;Прямая замена по строке;K1839 ↔ K1849 ↔ K1853 ↔ K1866;GB/T32.3 ↔ GB/T32.3 M30X2X240 ↔ K1812.09.12 ↔ K1812.09.14;;
WK-35;204;Прямая замена по строке;K1839 ↔ K1849 ↔ K1853 ↔ K1866;JB/ZQ4351 ↔ JB/ZQ4351 M30X2 ↔ K1812.09.13 ↔ K1830.09.22.00;;
WK-35;205;Прямая замена по строке;K1839 ↔ K1849 ↔ K1853;GB/T97.1 ↔ GB/T97.1 30 ↔ K1812.09.14;;
WK-35;206;Прямая замена по строке;K1839 ↔ K1849 ↔ K1853;K1812.09.12 ↔ K1812.09.12 ↔ K1830.09.22.00;;
WK-35;207;Одинаковый номер;K1839 ↔ K1849;K1812.09.13 ↔ K1812.09.13;Идентичны;
WK-35;208;Одинаковый номер;K1839 ↔ K1849;K1812.09.14 ↔ K1812.09.14;Идентичны;
WK-35;209;Одинаковый номер;K1839 ↔ K1849;K1830.09.22.00 ↔ K1830.09.22.00;Идентичны;
WK-35;210;Прямая замена по строке;K1839 ↔ K1849 ↔ K1853 ↔ K1866;K1834.10.00 ↔ K1844.10.00 ↔ K1853.10.00 ↔ K1854.10.00;;Универсальный, модификация нижестоящих компонентов
WK-35;211;Прямая замена по строке;K1839 ↔ K1849 ↔ K1853 ↔ K1866;K1805.10.01.00 ↔ K1842.10.01.00 ↔ K1853.10.01.00 ↔ K1854.10.01.00;;Универсальный, требования к технологии изготовления
WK-35;212;Одинаковый номер;K1839 ↔ K1849 ↔ K1853 ↔ K1866;K1801.10.02.00 ↔ K1801.10.02.00 ↔ K1801.10.02.00 ↔ K1801.10.02.00;"Да; Идентичны";
WK-35;213;Одинаковый номер;K1839 ↔ K1849 ↔ K1853 ↔ K1866;K1801.10.01 ↔ K1801.10.01 ↔ K1801.10.01 ↔ K1801.10.01;"Да; Идентичны";
WK-35;214;Одинаковый номер;K1839 ↔ K1849 ↔ K1853 ↔ K1866;K1801.10.02 ↔ K1801.10.02 ↔ K1801.10.02 ↔ K1801.10.02;"Да; Идентичны";
WK-35;215;Одинаковый номер;K1839 ↔ K1849 ↔ K1853 ↔ K1866;K1801.10.03 ↔ K1801.10.03 ↔ K1801.10.03 ↔ K1801.10.03;"Да; Идентичны";
WK-35;216;Прямая замена по строке;K1839 ↔ K1849 ↔ K1853 ↔ K1866;GB/T91 ↔ GB/T91 8Х50 ↔ GB/T91 8Х50 ↔ GB/T91 8Х50;Идентичны;
WK-35;217;Прямая замена по строке;K1839 ↔ K1849 ↔ K1853 ↔ K1866;K1801.10.03.00 ↔ K1801.10.03.00 ↔ K1853.10.03.00 ↔ K1853.10.03.00;Идентичны;Универсальный, требования к технологии изготовления
WK-35;218;Одинаковый номер;K1839 ↔ K1849 ↔ K1853 ↔ K1866;K1801.10.04.00 ↔ K1801.10.04.00 ↔ K1801.10.04.00 ↔ K1801.10.04.00;"Да; Идентичны";
WK-35;219;Одинаковый номер;K1839 ↔ K1849 ↔ K1853 ↔ K1866;K1833.10.05.00 ↔ K1833.10.05.00 ↔ K1833.10.05.00 ↔ K1833.10.05.00;"Да; Идентичны";
WK-35;220;Прямая замена по строке;K1839 ↔ K1849 ↔ K1853 ↔ K1866;K1834.10.06.00 ↔ K1844.10.06.00 ↔ K1844.10.06.00 ↔ K1854.10.06.00;;Универсальный, требования к технологии изготовления
WK-35;221;Прямая замена по строке;K1839 ↔ K1849 ↔ K1853 ↔ K1866;K1839.11.00 ↔ K1849.11.00 ↔ K1853.11.00 ↔ K1856.11.00;;
WK-35;222;Прямая замена по строке;K1839 ↔ K1849 ↔ K1853 ↔ K1866;K1801.11.24.00 ↔ K1845.11.01.00 ↔ K1853.11.01.00 ↔ K1856.11.01.00;;
WK-35;223;Прямая замена по строке;K1839 ↔ K1849 ↔ K1853 ↔ K1866;K1838.11.23.00 ↔ K1845.11.02.00 ↔ K1853.11.02.00 ↔ K1856.11.02.00;;
WK-35;224;Прямая замена по строке;K1839 ↔ K1849 ↔ K1853 ↔ K1866;K1812.11.22.00 ↔ K1845.11.03.00 ↔ K1853.11.03.00 ↔ K1856.11.03.00;;
WK-35;225;Прямая замена по строке;K1839 ↔ K1849 ↔ K1853 ↔ K1866;K1838.11.21.00 ↔ K1845.11.04.00 ↔ K1845.11.04.00 ↔ K1856.11.04.00;;
WK-35;226;Прямая замена по строке;K1839 ↔ K1849 ↔ K1853 ↔ K1866;K1812.11.20.00 ↔ K1845.11.05.00 ↔ K1845.11.05.00 ↔ K1856.11.05.00;;
WK-35;227;Прямая замена по строке;K1839 ↔ K1849 ↔ K1853 ↔ K1866;K1812.11.19.00 ↔ K1845.11.06.00 ↔ K1845.11.06.00 ↔ K1856.11.06.00;;
WK-35;228;Прямая замена по строке;K1839 ↔ K1849 ↔ K1853 ↔ K1866;K1801.11.18.00 ↔ K1845.11.07.00 ↔ K1853.11.07.00 ↔ K1853.11.07.00;Идентичны;
WK-35;229;Прямая замена по строке;K1839 ↔ K1849 ↔ K1853 ↔ K1866;K1812.11.17.00 ↔ K1845.11.08.00 ↔ K1845.11.08.00 ↔ K1856.11.08.00;;
WK-35;230;Прямая замена по строке;K1839 ↔ K1849 ↔ K1853 ↔ K1866;K1812.11.16.00 ↔ K1605.09.06.05.00 ↔ K1605.09.06.05.00 ↔ K1605.09.06.05.00;Идентичны;
WK-35;231;Прямая замена по строке;K1839 ↔ K1849 ↔ K1853 ↔ K1866;K1801.11.15.00 ↔ K1845.11.10.00 ↔ K1845.11.10.00 ↔ K1856.11.10.00;;
WK-35;232;Прямая замена по строке;K1839 ↔ K1849 ↔ K1853 ↔ K1866;K1812.11.14.00 ↔ K1845.11.11.00 ↔ K1845.11.11.00 ↔ K1856.11.11.00;;
WK-35;233;Прямая замена по строке;K1839 ↔ K1849 ↔ K1853 ↔ K1866;K1801.11.13.00 ↔ K1845.11.12.00 ↔ K1845.11.12.00 ↔ K1856.11.12.00;;
WK-35;234;Прямая замена по строке;K1839 ↔ K1849 ↔ K1853 ↔ K1866;K1834.11.12.00 ↔ K1845.11.13.00 ↔ K1845.11.13.00 ↔ K1845.11.13.00;Идентичны;
WK-35;235;Прямая замена по строке;K1839 ↔ K1849 ↔ K1853 ↔ K1866;K1812.11.11.00 ↔ K1845.11.14.00 ↔ K1845.11.14.00 ↔ K1845.11.14.00;Идентичны;
WK-35;236;Прямая замена по строке;K1839 ↔ K1849 ↔ K1853 ↔ K1866;K1812.11.10.00 ↔ K1845.11.15.00 ↔ K1845.11.15.00 ↔ K1845.11.15.00;Идентичны;
WK-35;237;Прямая замена по строке;K1839 ↔ K1849 ↔ K1853 ↔ K1866;K1605.09.06.05.00 ↔ K1845.11.16.00 ↔ K1845.11.16.00 ↔ K1845.11.16.00;Идентичны;
WK-35;238;Прямая замена по строке;K1839 ↔ K1849 ↔ K1853 ↔ K1866;K1812.11.08.00 ↔ K1845.11.17.00 ↔ K1845.11.17.00 ↔ K1845.11.17.00;Идентичны;
WK-35;239;Прямая замена по строке;K1839 ↔ K1849 ↔ K1853 ↔ K1866;K1838.11.07.00 ↔ K1845.11.18.00 ↔ K1845.11.18.00 ↔ K1856.11.18.00;;
WK-35;240;Прямая замена по строке;K1839 ↔ K1849 ↔ K1853 ↔ K1866;K1812.11.06.00 ↔ K1845.11.19.00 ↔ K1845.11.19.00 ↔ K1856.11.19.00;;
WK-35;241;Прямая замена по строке;K1839 ↔ K1849 ↔ K1853 ↔ K1866;K1812.11.05.00 ↔ K1845.11.20.00 ↔ K1845.11.20.00 ↔ K1845.11.20.00;Идентичны;
WK-35;242;Прямая замена по строке;K1839 ↔ K1849 ↔ K1853 ↔ K1866;K1801.11.04.00 ↔ K1845.11.21.00 ↔ K1845.11.21.00 ↔ K1895.11.21.00;;
WK-35;243;Прямая замена по строке;K1839 ↔ K1849 ↔ K1853 ↔ K1866;K1801.11.03.00 ↔ K1845.11.22.00 ↔ K1845.11.22.00 ↔ K1856.11.22.00;;
WK-35;244;Прямая замена по строке;K1839 ↔ K1849 ↔ K1853 ↔ K1866;K1839.11.02.00 ↔ K1845.11.23.00 ↔ K1845.11.23.00 ↔ K1895.11.23.00;;
WK-35;245;Прямая замена по строке;K1839 ↔ K1849 ↔ K1853 ↔ K1866;K1801.11.01.00 ↔ K1845.11.24.00 ↔ K1853.11.24.00 ↔ K1856.11.24.00;;
WK-35;246;Прямая замена по строке;K1839 ↔ K1849 ↔ K1853 ↔ K1866;K1802.11.25.00 ↔ K1802.11.25.00 ↔ K1802.11.25.00 ↔ K1856.11.25.00;Да;
WK-35;247;Прямая замена по строке;K1839 ↔ K1849 ↔ K1853 ↔ K1866;K1839.11.26.00 ↔ K1842.11.26.00 ↔ K1842.11.26.00 ↔ K1856.11.26.00;;
WK-35;248;Прямая замена по строке;K1839 ↔ K1849 ↔ K1853 ↔ K1866;K1812.11.32.00 ↔ K1842.11.27.00 ↔ K1842.11.27.00 ↔ K1842.11.27.00;Идентичны;
WK-35;249;Прямая замена по строке;K1839 ↔ K1849 ↔ K1853 ↔ K1866;K1812.11.31.00 ↔ K1801.11.28.00 ↔ K1801.11.28.00 ↔ K1801.11.28.00;Идентичны;
WK-35;250;Прямая замена по строке;K1839 ↔ K1849 ↔ K1853 ↔ K1866;K1801.11.30.00 ↔ K1801.11.29.00 ↔ K1801.11.29.00 ↔ K1801.11.29.00;Идентичны;
WK-35;251;Прямая замена по строке;K1839 ↔ K1849 ↔ K1853 ↔ K1866;K1801.11.29.00 ↔ K1801.11.30.00 ↔ K1801.11.30.00 ↔ K1801.11.30.00;Идентичны;
WK-35;252;Прямая замена по строке;K1839 ↔ K1849 ↔ K1853 ↔ K1866;K1801.11.28.00 ↔ K1845.11.31.00 ↔ K1845.11.31.00 ↔ K1845.11.31.00;Идентичны;
WK-35;253;Прямая замена по строке;K1839 ↔ K1849 ↔ K1853 ↔ K1866;K1801.11.27.00 ↔ K1845.11.32.00 ↔ K1845.11.32.00 ↔ K1856.11.32.00;;
WK-35;254;Прямая замена по строке;K1839 ↔ K1849 ↔ K1853 ↔ K1866;K1839.11.33.00 ↔ K1844.11.33.00 ↔ K1853.11.33.00 ↔ K1856.11.33.00;;
WK-35;255;Прямая замена по строке;K1839 ↔ K1849 ↔ K1853 ↔ K1866;K1812.11.34.00 ↔ K1840.11.34.00 ↔ K1840.11.34.00 ↔ K1854.11.34.00;;
WK-35;256;Прямая замена по строке;K1839 ↔ K1849 ↔ K1853 ↔ K1866;K1812.11.35.00 ↔ K1842.11.35.00 ↔ K1842.11.35.00 ↔ K1856.11.35.00;;
WK-35;257;Прямая замена по строке;K1839 ↔ K1849 ↔ K1853 ↔ K1866;K1824.11.36.00 ↔ K1845.11.36.00 ↔ K1853.11.36.00 ↔ K1853.11.36.00;Идентичны;
WK-35;258;Прямая замена по строке;K1839 ↔ K1849 ↔ K1853 ↔ K1866;K1824.11.37.00 ↔ K1845.11.37.00 ↔ K1845.11.38.00 ↔ K1853.11.37.00;;
WK-35;259;Прямая замена по строке;K1839 ↔ K1849 ↔ K1853 ↔ K1866;K1812.11.38.00 ↔ K1845.11.38.00 ↔ K1853.11.37.00 ↔ K1856.11.41.00;;
WK-35;260;Прямая замена по строке;K1839 ↔ K1849 ↔ K1853 ↔ K1866;K1812.11.39.00 ↔ K1845.11.39.00 ↔ K1845.11.39.00 ↔ K1856.11.42.00;;
WK-35;261;Прямая замена по строке;K1839 ↔ K1849 ↔ K1853 ↔ K1866;K1803.11.41.00 ↔ K1803.11.41.00 ↔ K1803.11.41.00 ↔ K1856.11.43.00;Да;
WK-35;262;Прямая замена по строке;K1839 ↔ K1849 ↔ K1853 ↔ K1866;K1812.11.42.00 ↔ K1812.11.42.00 ↔ K1853.11.42.00 ↔ K1839.11.46.00;;
WK-35;263;Прямая замена по строке;K1839 ↔ K1849 ↔ K1853 ↔ K1866;K1839.11.43.00 ↔ K1849.11.43.00 ↔ K1849.11.43.00 ↔ K1812.11.01;;
WK-35;264;Прямая замена по строке;K1839 ↔ K1849 ↔ K1853 ↔ K1866;K1812.11.45.00 ↔ K1839.11.46.00 ↔ K1839.11.46.00 ↔ K1812.11.02;;
WK-35;265;Прямая замена по строке;K1839 ↔ K1849 ↔ K1853 ↔ K1866;K1812.11.01 ↔ K1812.11.01 ↔ K1812.11.01 ↔ K1856.11.00-46;Да;
WK-35;266;Прямая замена по строке;K1839 ↔ K1849 ↔ K1853 ↔ K1866;K1812.11.02 ↔ K1812.11.02 ↔ K1812.11.02 ↔ K1856.11.00-47;Да;
WK-35;267;Прямая замена по строке;K1839 ↔ K1849 ↔ K1853 ↔ K1866;K1839.11.00-01 ↔ K1849.11.00-01 ↔ K1894.11.47.00 ↔ K1856.11.00-48;;
WK-35;268;Прямая замена по строке;K1839 ↔ K1849 ↔ K1853 ↔ K1866;K1839.11.00-02 ↔ K1849.11.00-02 ↔ K1894.11.48.00 ↔ K1894.11.47.00;;
WK-35;269;Прямая замена по строке;K1839 ↔ K1849 ↔ K1853 ↔ K1866;K1839.11.00-03 ↔ K1849.11.00-03 ↔ K1801.11.07 ↔ K1894.11.48.00;;
WK-35;270;Прямая замена по строке;K1839 ↔ K1849 ↔ K1853 ↔ K1866;K1801.11.05 ↔ K1801.11.05 ↔ K1801.11.09 ↔ K1801.11.07;;
WK-35;271;Прямая замена по строке;K1839 ↔ K1849 ↔ K1853 ↔ K1866;K1801.11.06 ↔ K1801.11.06 ↔ K1801.11.08 ↔ K1801.11.08;Идентичны;
WK-35;272;Прямая замена по строке;K1839 ↔ K1849 ↔ K1853 ↔ K1866;K1801.11.07 ↔ K1801.11.07 ↔ K1801.11.11 ↔ K1801.11.09;;
WK-35;273;Прямая замена по строке;K1839 ↔ K1849 ↔ K1853 ↔ K1866;K1801.11.08 ↔ K1801.11.08 ↔ K1801.11.12 ↔ K1801.11.11;;
WK-35;274;Прямая замена по строке;K1839 ↔ K1849 ↔ K1853 ↔ K1866;K1801.11.09 ↔ K1801.11.09 ↔ K1801.11.13 ↔ K1801.11.12;;
WK-35;275;Прямая замена по строке;K1839 ↔ K1849 ↔ K1853 ↔ K1866;K1801.11.11 ↔ K1801.11.11 ↔ K1801.11.14 ↔ K1801.11.13;;
WK-35;276;Прямая замена по строке;K1839 ↔ K1849 ↔ K1853 ↔ K1866;K1801.11.12 ↔ K1801.11.12 ↔ K1801.11.15 ↔ K1856.11.14;;
WK-35;277;Прямая замена по строке;K1839 ↔ K1849 ↔ K1853 ↔ K1866;K1801.11.13 ↔ K1801.11.13 ↔ K1801.11.16 ↔ K1801.11.15;;
WK-35;278;Прямая замена по строке;K1839 ↔ K1849 ↔ K1853 ↔ K1866;K1801.11.14 ↔ K1801.11.14 ↔ K1801.11.17 ↔ K1801.11.16;;
WK-35;279;Прямая замена по строке;K1839 ↔ K1849 ↔ K1853 ↔ K1866;K1801.11.15 ↔ K1801.11.15 ↔ K1801.11.18 ↔ K1801.11.17;;
WK-35;280;Прямая замена по строке;K1839 ↔ K1849 ↔ K1853 ↔ K1866;K1801.11.16 ↔ K1801.11.16 ↔ K1801.11.19 ↔ K1801.11.18;;
WK-35;281;Прямая замена по строке;K1839 ↔ K1849 ↔ K1853 ↔ K1866;K1801.11.17 ↔ K1801.11.17 ↔ K1801.11.21 ↔ K1801.11.19;;
WK-35;282;Прямая замена по строке;K1839 ↔ K1849 ↔ K1853 ↔ K1866;K1801.11.18 ↔ K1801.11.18 ↔ K1801.11.22 ↔ K1801.11.21;;
WK-35;283;Прямая замена по строке;K1839 ↔ K1849 ↔ K1853 ↔ K1866;K1801.11.19 ↔ K1801.11.19 ↔ K1801.11.23 ↔ K1801.11.22;;
WK-35;284;Прямая замена по строке;K1839 ↔ K1849 ↔ K1853 ↔ K1866;K1801.11.21 ↔ K1801.11.21 ↔ K1812.11.24 ↔ K1801.11.23;;
WK-35;285;Прямая замена по строке;K1839 ↔ K1849 ↔ K1853 ↔ K1866;K1801.11.22 ↔ K1801.11.22 ↔ K1801.11.25 ↔ K1812.11.24;;
WK-35;286;Прямая замена по строке;K1839 ↔ K1849 ↔ K1853 ↔ K1866;K1801.11.23 ↔ K1801.11.23 ↔ K1812.11.26 ↔ K1801.11.25;;
WK-35;287;Прямая замена по строке;K1839 ↔ K1849 ↔ K1853 ↔ K1866;K1812.11.24 ↔ K1812.11.24 ↔ GB/T5783 М8X16 ↔ K1812.11.26;;
WK-35;288;Прямая замена по строке;K1839 ↔ K1849 ↔ K1853 ↔ K1866;K1801.11.25 ↔ K1801.11.25 ↔ GB/T93 8 ↔ GB/T5783 М8X16;;
WK-35;289;Прямая замена по строке;K1839 ↔ K1849 ↔ K1853 ↔ K1866;K1812.11.26 ↔ K1812.11.26 ↔ GB/T5782 М12X60 ↔ GB/T93 8;;
WK-35;290;Прямая замена по строке;K1839 ↔ K1849 ↔ K1853 ↔ K1866;GB/T5783 ↔ GB/T5783 М8X16 ↔ GB/T93 12 ↔ GB/T5782 М12X60;;
WK-35;291;Прямая замена по строке;K1839 ↔ K1849 ↔ K1853 ↔ K1866;GB/T93 ↔ GB/T93 8 ↔ GB/T95 12 ↔ GB/T93 12;;
WK-35;292;Прямая замена по строке;K1839 ↔ K1849 ↔ K1853 ↔ K1866;GB/T5782 ↔ GB/T5782 М12X60 ↔ GB/T889.1 М12 ↔ GB/T95 12;;
WK-35;293;Прямая замена по строке;K1839 ↔ K1849 ↔ K1853 ↔ K1866;GB/T93 ↔ GB/T93 12 ↔ GB/T5783 М16X45 ↔ GB/T889.1 М12;;
WK-35;294;Прямая замена по строке;K1839 ↔ K1849 ↔ K1853 ↔ K1866;GB/T95 ↔ GB/T95 12 ↔ GB/T93 16 ↔ GB/T5783 М16X45;;
WK-35;295;Прямая замена по строке;K1839 ↔ K1849 ↔ K1853 ↔ K1866;GB/T889.1 ↔ GB/T889.1 М12 ↔ GB/T95 16 ↔ GB/T93 16;;
WK-35;296;Прямая замена по строке;K1839 ↔ K1849 ↔ K1853 ↔ K1866;GB/T5783 ↔ GB/T5783 М16X45 ↔ GB/T889.1 М16 ↔ GB/T95 16;;
WK-35;297;Прямая замена по строке;K1839 ↔ K1849 ↔ K1853 ↔ K1866;GB/T93 ↔ GB/T93 16 ↔ GB/T5782 М16X60 ↔ GB/T889.1 М16;;
WK-35;298;Прямая замена по строке;K1839 ↔ K1849 ↔ K1853 ↔ K1866;GB/T95 ↔ GB/T95 16 ↔ GB/T1228 М16X45 ↔ GB/T5782 М16X60;;
WK-35;299;Прямая замена по строке;K1839 ↔ K1849 ↔ K1853 ↔ K1866;GB/T889.1 ↔ GB/T889.1 М16 ↔ K1845.11.27 ↔ GB/T1228 М16X45;;
WK-35;300;Прямая замена по строке;K1839 ↔ K1849 ↔ K1853 ↔ K1866;GB/T5782 ↔ GB/T5782 М16X60 ↔ GB/T1229 М16 ↔ K1845.11.27;;
WK-35;301;Прямая замена по строке;K1839 ↔ K1849 ↔ K1853 ↔ K1866;GB/T1228 ↔ GB/T1228 М16X45 ↔ GB/T1228 М16X60 ↔ K1856.11.00-82;;
WK-35;302;Прямая замена по строке;K1839 ↔ K1849 ↔ K1853 ↔ K1866;GB/T93 ↔ K1845.11.27 ↔ GB/T1228 М20X60 ↔ GB/T1229 М16;;
WK-35;303;Прямая замена по строке;K1839 ↔ K1849 ↔ K1853 ↔ K1866;GB/T95 ↔ K1849.11.00-04 ↔ GB/T93 20 ↔ GB/T1228 М16X60;;
WK-35;304;Прямая замена по строке;K1839 ↔ K1849 ↔ K1853 ↔ K1866;GB/T1229 ↔ GB/T1229 М16 ↔ GB/T95 20 ↔ GB/T1228 М20X60;;
WK-35;305;Прямая замена по строке;K1839 ↔ K1849 ↔ K1853 ↔ K1866;GB/T1228 ↔ GB/T1228 М16X60 ↔ GB/T1229 М20 ↔ GB/T93 20;;
WK-35;306;Прямая замена по строке;K1839 ↔ K1849 ↔ K1853 ↔ K1866;GB/T1228 ↔ GB/T1228 М20X60 ↔ GB/T1228 М20X80 ↔ GB/T95 20;;
WK-35;307;Прямая замена по строке;K1839 ↔ K1849 ↔ K1853 ↔ K1866;GB/T93 ↔ GB/T93 20 ↔ GB/T1228 М20X90 ↔ GB/T1229 М20;;
WK-35;308;Прямая замена по строке;K1839 ↔ K1849 ↔ K1853 ↔ K1866;GB/T95 ↔ GB/T95 20 ↔ GB/T1228 М24X65 ↔ GB/T1228 М20X80;;
WK-35;309;Прямая замена по строке;K1839 ↔ K1849 ↔ K1853 ↔ K1866;GB/T1229 ↔ GB/T1229 М20 ↔ GB/T93 24 ↔ GB/T1228 М20X90;;
WK-35;310;Прямая замена по строке;K1839 ↔ K1849 ↔ K1853 ↔ K1866;GB/T1228 ↔ GB/T1228 М20X80 ↔ GB/T95 24 ↔ GB/T1228 М24X65;;
WK-35;311;Прямая замена по строке;K1839 ↔ K1849 ↔ K1853 ↔ K1866;GB/T1228 ↔ GB/T1228 М20X90 ↔ GB/T1229 М24 ↔ GB/T93 24;;
WK-35;312;Прямая замена по строке;K1839 ↔ K1849 ↔ K1853 ↔ K1866;GB/T1228 ↔ GB/T1228 М24X65 ↔ GB/T1228 М24X90 ↔ GB/T95 24;;
WK-35;313;Прямая замена по строке;K1839 ↔ K1849 ↔ K1853 ↔ K1866;GB/T93 ↔ GB/T93 24 ↔ GB/T5783 М6X12 ↔ GB/T1229 М24;;
WK-35;314;Прямая замена по строке;K1839 ↔ K1849 ↔ K1853 ↔ K1866;GB/T95 ↔ GB/T95 24 ↔ GB/T93 6 ↔ GB/T1228 М24X90;;
WK-35;315;Прямая замена по строке;K1839 ↔ K1849 ↔ K1853 ↔ K1866;GB/T1229 ↔ GB/T1229 М24 ↔ GB/T95 6 ↔ GB/T5783 М6X12;;
WK-35;316;Прямая замена по строке;K1839 ↔ K1849 ↔ K1866;GB/T1228 ↔ GB/T1228 М24X90 ↔ GB/T93 6;;
WK-35;317;Прямая замена по строке;K1839 ↔ K1849 ↔ K1866;GB/T5783 ↔ GB/T5783 М6X12 ↔ GB/T95 6;;
WK-35;318;Прямая замена по строке;K1839 ↔ K1849 ↔ K1866;GB/T93 ↔ GB/T93 6 ↔ K1856.11.49.00;;
WK-35;319;Прямая замена по строке;K1839 ↔ K1849 ↔ K1866;GB/T95 ↔ GB/T95 6 ↔ K1856.11.51.00;;
WK-35;320;Прямая замена по строке;K1839 ↔ K1866;K1839.11.00-04 ↔ K1856.11.28;;
WK-35;325;Одинаковый номер;K1839 ↔ K1849 ↔ K1853 ↔ K1866;K1822.12.00 ↔ K1822.12.00 ↔ K1822.12.00 ↔ K1822.12.00;"Да; Идентичны";
WK-35;326;Одинаковый номер;K1839 ↔ K1849 ↔ K1853 ↔ K1866;K1801.12.01 ↔ K1801.12.01 ↔ K1801.12.01 ↔ K1801.12.01;"Да; Идентичны";
WK-35;327;Одинаковый номер;K1839 ↔ K1849 ↔ K1853 ↔ K1866;K1822.12.01 ↔ K1822.12.01 ↔ K1822.12.01 ↔ K1822.12.01;"Да; Идентичны";
WK-35;328;Одинаковый номер;K1839 ↔ K1849 ↔ K1853 ↔ K1866;K1801.12.03 ↔ K1801.12.03 ↔ K1801.12.03 ↔ K1801.12.03;"Да; Идентичны";
WK-35;329;Одинаковый номер;K1839 ↔ K1849 ↔ K1853 ↔ K1866;K1801.12.04 ↔ K1801.12.04 ↔ K1801.12.04 ↔ K1801.12.04;"Да; Идентичны";
WK-35;330;Одинаковый номер;K1839 ↔ K1849 ↔ K1853 ↔ K1866;K1801.12.05 ↔ K1801.12.05 ↔ K1801.12.05 ↔ K1801.12.05;"Да; Идентичны";
WK-35;331;Одинаковый номер;K1839 ↔ K1849 ↔ K1853 ↔ K1866;K1822.12.02 ↔ K1822.12.02 ↔ K1822.12.02 ↔ K1822.12.02;"Да; Идентичны";
WK-35;332;Одинаковый номер;K1839 ↔ K1849 ↔ K1853 ↔ K1866;K1902.12.08 ↔ K1902.12.08 ↔ K1902.12.08 ↔ K1902.12.08;"Да; Идентичны";
WK-35;333;Одинаковый номер;K1839 ↔ K1849 ↔ K1853 ↔ K1866;K1801.12.01.00 ↔ K1801.12.01.00 ↔ K1801.12.01.00 ↔ K1801.12.01.00;"Да; Идентичны";
WK-35;334;Одинаковый номер;K1839 ↔ K1849 ↔ K1853 ↔ K1866;K1822.12.03 ↔ K1822.12.03 ↔ K1822.12.03 ↔ K1822.12.03;"Да; Идентичны";
WK-35;335;Прямая замена по строке;K1839 ↔ K1849 ↔ K1853 ↔ K1866;GB/T32.1 ↔ GB/T32.1  М20X100 ↔ GB/T32.1  М20X100 ↔ GB/T32.1  М20X100;Идентичны;
WK-35;336;Прямая замена по строке;K1839 ↔ K1849 ↔ K1853 ↔ K1866;D3X520 ↔ K1822.12.00-01 ↔ K1822.12.00-01 ↔ K1822.12.00-01;Идентичны;
WK-35;337;Одинаковый номер;K1839 ↔ K1849 ↔ K1853 ↔ K1866;K1801.12.03.00 ↔ K1801.12.03.00 ↔ K1801.12.03.00 ↔ K1801.12.03.00;"Да; Идентичны";
WK-35;338;Одинаковый номер;K1839 ↔ K1849 ↔ K1853 ↔ K1866;K1801.12.07 ↔ K1801.12.07 ↔ K1801.12.07 ↔ K1801.12.07;"Да; Идентичны";
WK-35;339;Прямая замена по строке;K1839 ↔ K1849 ↔ K1853 ↔ K1866;GB/T5783 ↔ GB/T5783  М8X30 ↔ GB/T5783  М8X30 ↔ GB/T5783  М8X30;Идентичны;
WK-35;340;Прямая замена по строке;K1839 ↔ K1849 ↔ K1853 ↔ K1866;GB/T93 ↔ GB/T93 8 ↔ GB/T93 8 ↔ GB/T93 8;Идентичны;
WK-35;341;Одинаковый номер;K1839 ↔ K1849 ↔ K1853 ↔ K1866;K1812.12.04.00 ↔ K1812.12.04.00 ↔ K1812.12.04.00 ↔ K1812.12.04.00;"Да; Идентичны";
WK-35;342;Прямая замена по строке;K1839 ↔ K1849 ↔ K1853 ↔ K1866;GB/T5783 ↔ GB/T5783  М12X30 ↔ GB/T5783  М12X30 ↔ GB/T5783  М12X30;Идентичны;
WK-35;343;Прямая замена по строке;K1839 ↔ K1849 ↔ K1853 ↔ K1866;GB/T97.1 ↔ GB/T97.1 12 ↔ GB/T97.1 12 ↔ GB/T97.1 12;Идентичны;
WK-35;344;Одинаковый номер;K1839 ↔ K1849 ↔ K1853 ↔ K1866;K1812.12.05.00 ↔ K1812.12.05.00 ↔ K1812.12.05.00 ↔ K1812.12.05.00;"Да; Идентичны";
WK-35;345;Прямая замена по строке;K1839 ↔ K1849 ↔ K1853 ↔ K1866;GB/T5783 ↔ GB/T5783 М12X40 ↔ GB/T5783 М12X40 ↔ GB/T5783 М12X40;Идентичны;
WK-35;346;Прямая замена по строке;K1839 ↔ K1849 ↔ K1853 ↔ K1866;GB/T93 ↔ GB/T93 12 ↔ GB/T93 12 ↔ GB/T93 12;Идентичны;
WK-35;349;Одинаковый номер;K1839 ↔ K1849 ↔ K1853 ↔ K1866;K1812.13.00 ↔ K1812.13.00 ↔ K1812.13.00 ↔ K1812.13.00;"Да; Идентичны";
WK-35;350;Одинаковый номер;K1839 ↔ K1849 ↔ K1853 ↔ K1866;K1812.13.01 ↔ K1812.13.01 ↔ K1812.13.01 ↔ K1812.13.01;"Да; Идентичны";
WK-35;351;Одинаковый номер;K1839 ↔ K1849 ↔ K1853 ↔ K1866;K1812.13.02 ↔ K1812.13.02 ↔ K1812.13.02 ↔ K1812.13.02;"Да; Идентичны";
WK-35;352;Одинаковый номер;K1839 ↔ K1849 ↔ K1853 ↔ K1866;K1812.13.03 ↔ K1812.13.03 ↔ K1812.13.03 ↔ K1812.13.03;"Да; Идентичны";
WK-35;353;Одинаковый номер;K1839 ↔ K1849 ↔ K1853 ↔ K1866;K1812.13.04 ↔ K1812.13.04 ↔ K1812.13.04 ↔ K1812.13.04;"Да; Идентичны";
WK-35;354;Одинаковый номер;K1839 ↔ K1849 ↔ K1853 ↔ K1866;K1812.13.05 ↔ K1812.13.05 ↔ K1812.13.05 ↔ K1812.13.05;"Да; Идентичны";
WK-35;355;Прямая замена по строке;K1839 ↔ K1849 ↔ K1853 ↔ K1866;GB882 ↔ GB/T882 25X140 ↔ GB/T882 25X140 ↔ GB/T882 25X140;Идентичны;
WK-35;356;Прямая замена по строке;K1839 ↔ K1849 ↔ K1853 ↔ K1866;GB/T91 ↔ GB/T91 6.3X50 ↔ GB/T91 6.3X50 ↔ GB/T91 6.3X50;Идентичны;
WK-35;357;Прямая замена по строке;K1839 ↔ K1849 ↔ K1853 ↔ K1866;K1812.15.00 ↔ K1842.15.00 ↔ K1853.15.00 ↔ K1854.15.00;;Полностью Универсальный, усовершенствование нижестоящих компонентов
WK-35;358;Прямая замена по строке;K1839 ↔ K1849 ↔ K1853 ↔ K1866;K1812.15.01.00 ↔ K1842.15.01.00 ↔ K1842.15.01.00 ↔ K1842.15.01.00;Идентичны;Универсальный, требования к технологии изготовления
WK-35;359;Прямая замена по строке;K1839 ↔ K1849 ↔ K1853 ↔ K1866;K1801.15.02.00 ↔ K1801.15.02.00 ↔ K1853.15.02.00 ↔ K1853.15.02.00;Идентичны;
WK-35;360;Прямая замена по строке;K1839 ↔ K1849 ↔ K1853 ↔ K1866;K1801.15.03.00 ↔ K1840.15.01 ↔ K1840.15.01 ↔ K1840.15.01;Идентичны;Универсальный: первая – литье, вторая модернизирована до поковки
WK-35;361;Одинаковый номер;K1839 ↔ K1849 ↔ K1853 ↔ K1866;K1812.15.18 ↔ K1812.15.18 ↔ K1812.15.18 ↔ K1812.15.18;"Да; Идентичны";
WK-35;362;Прямая замена по строке;K1839 ↔ K1849 ↔ K1853 ↔ K1866;JB/ZQ4080 ↔ JB/ZQ4080 42 ↔ JB/ZQ4080 42 ↔ JB/ZQ4080 42;Идентичны;
WK-35;363;Одинаковый номер;K1839 ↔ K1849 ↔ K1853 ↔ K1866;K1812.15.01 ↔ K1812.15.01 ↔ K1812.15.01 ↔ K1812.15.01;"Да; Идентичны";
WK-35;364;Одинаковый номер;K1839 ↔ K1849 ↔ K1853 ↔ K1866;K1812.15.02 ↔ K1812.15.02 ↔ K1812.15.02 ↔ K1812.15.02;"Да; Идентичны";
WK-35;365;Прямая замена по строке;K1839 ↔ K1849 ↔ K1853 ↔ K1866;GB/T93 ↔ GB/T93 42 ↔ GB/T93 42 ↔ GB/T93 42;Идентичны;
WK-35;366;Прямая замена по строке;K1839 ↔ K1849 ↔ K1853 ↔ K1866;GB/T6171 ↔ GB/T6171 М42X3 ↔ GB/T6171 М42X3 ↔ GB/T6171 M42X3;;
WK-35;367;Прямая замена по строке;K1839 ↔ K1849 ↔ K1853 ↔ K1866;K1801.15.04.00 ↔ K1842.15.04.00 ↔ K1853.15.04.00 ↔ K1854.15.04.00;;
WK-35;368;Одинаковый номер;K1839 ↔ K1849 ↔ K1853 ↔ K1866;K1812.15.04 ↔ K1812.15.04 ↔ K1812.15.04 ↔ K1812.15.04;"Да; Идентичны";
WK-35;369;Одинаковый номер;K1839 ↔ K1849 ↔ K1853 ↔ K1866;K1812.15.05 ↔ K1812.15.05 ↔ K1812.15.05 ↔ K1812.15.05;"Да; Идентичны";
WK-35;370;Прямая замена по строке;K1839 ↔ K1849 ↔ K1853 ↔ K1866;GB/T70.1 ↔ GB/T70.1  М16X50 ↔ GB/T70.1  М16X50 ↔ GB/T70.1 M16X50;;
WK-35;371;Прямая замена по строке;K1839 ↔ K1849 ↔ K1853 ↔ K1866;GB/T93 ↔ GB/T93 16 ↔ GB/T93 16 ↔ GB/T93 16;Идентичны;
WK-35;372;Прямая замена по строке;K1839 ↔ K1849 ↔ K1853 ↔ K1866;K1801.15.06 ↔ K1801.15.06 ↔ K1842.15.05.00 ↔ K1842.15.05.00;Идентичны;
WK-35;373;Прямая замена по строке;K1839 ↔ K1849 ↔ K1853 ↔ K1866;K1812.15.00-01 ↔ K1842.15.00-01 ↔ K1801.15.08 ↔ K1854.15.00-16;;
WK-35;374;Прямая замена по строке;K1839 ↔ K1849 ↔ K1853 ↔ K1866;K1801.15.08 ↔ K1801.15.08 ↔ K1801.15.09 ↔ K1801.15.08;;
WK-35;375;Прямая замена по строке;K1839 ↔ K1849 ↔ K1853 ↔ K1866;K1801.15.09 ↔ K1801.15.09 ↔ K1801.15.11 ↔ K1801.15.09;;
WK-35;376;Прямая замена по строке;K1839 ↔ K1849 ↔ K1853 ↔ K1866;K1801.15.11 ↔ K1801.15.11 ↔ K1801.15.12 ↔ K1801.15.11;;
WK-35;377;Прямая замена по строке;K1839 ↔ K1849 ↔ K1853 ↔ K1866;K1801.15.12 ↔ K1801.15.12 ↔ K1801.15.13 ↔ K1801.15.12;;
WK-35;378;Прямая замена по строке;K1839 ↔ K1849 ↔ K1853 ↔ K1866;K1801.15.13 ↔ K1801.15.13 ↔ GB/T5785 М56X4X200 ↔ K1801.15.13;;
WK-35;379;Прямая замена по строке;K1839 ↔ K1849 ↔ K1853 ↔ K1866;GB/T5785 ↔ GB/T5785 М56X4X200 ↔ NL 56 ↔ GB/T5785 M56X4X200;;
WK-35;380;Прямая замена по строке;K1839 ↔ K1849 ↔ K1853 ↔ K1866;NL 56 ↔ NL 56 ↔ GB/T6171 М56X4 ↔ NL56;;
WK-35;381;Прямая замена по строке;K1839 ↔ K1849 ↔ K1853 ↔ K1866;GB/T6171 ↔ GB/T6171 М56X4 ↔ K1812.15.19 ↔ GB/T6171 M56X4;;
WK-35;382;Одинаковый номер;K1839 ↔ K1849 ↔ K1866;K1812.15.19 ↔ K1812.15.19 ↔ K1812.15.19;;
WK-35;383;Прямая замена по строке;K1839 ↔ K1849 ↔ K1853 ↔ K1866;CY-M72X4-4/W ↔ K1840.15.02 ↔ K1840.15.02 ↔ K1840.15.02;Идентичны;Универсальный, завод-изготовитель исключен из чертежей
WK-35;384;Прямая замена по строке;K1849 ↔ K1853 ↔ K1866;GB/T5783 М10X20 ↔ GB/T5783 М10X20 ↔ GB/T5783 M10X20;;
WK-35;385;Одинаковый номер;K1849 ↔ K1853 ↔ K1866;GB/T93 10 ↔ GB/T93 10 ↔ GB/T93 10;Идентичны;
WK-35;386;Одинаковый номер;K1849 ↔ K1853 ↔ K1866;K1842.15.21 ↔ K1842.15.21 ↔ K1842.15.21;Идентичны;
WK-35;387;Прямая замена по строке;K1839 ↔ K1849 ↔ K1853 ↔ K1866;K1802.16.00 ↔ K1844.16.00 ↔ K1853.16.00 ↔ K1853.16.00;;Полностью Универсальный, усовершенствование нижестоящих компонентов
WK-35;388;Прямая замена по строке;K1839 ↔ K1849 ↔ K1853 ↔ K1866;K1803.16.01.00 ↔ K1844.16.01.00 ↔ CK1844.16.01.00 ↔ CK1846.16.01.00;;Полностью Универсальный, улучшение деталей
WK-35;389;Одинаковый номер;K1839 ↔ K1849 ↔ K1853 ↔ K1866;K1802.16.02.00 ↔ K1802.16.02.00 ↔ K1802.16.02.00 ↔ K1802.16.02.00;"Да; Идентичны";
WK-35;390;Одинаковый номер;K1839 ↔ K1849 ↔ K1853 ↔ K1866;K1801.16.03.00 ↔ K1801.16.03.00 ↔ K1801.16.03.00 ↔ K1801.16.03.00;"Да; Идентичны";
WK-35;391;Прямая замена по строке;K1839 ↔ K1849 ↔ K1853 ↔ K1866;K1802.16.04.00 ↔ K1840.16.04.00 ↔ K1840.16.04.00 ↔ K1853.16.04.00;;
WK-35;392;Прямая замена по строке;K1839 ↔ K1849 ↔ K1853 ↔ K1866;K1801.16.05.00 ↔ MB266 ↔ MB266 ↔ K1842.16.05.00;;Универсальный
WK-35;393;Одинаковый номер;K1839 ↔ K1849 ↔ K1853 ↔ K1866;K1802.16.01 ↔ K1802.16.01 ↔ K1802.16.01 ↔ K1802.16.01;"Да; Идентичны";
WK-35;394;Одинаковый номер;K1839 ↔ K1849 ↔ K1853 ↔ K1866;NL42 ↔ NL42 ↔ NL42 ↔ NL42;"Да; Идентичны";
WK-35;395;Прямая замена по строке;K1839 ↔ K1849 ↔ K1853 ↔ K1866;GB/T825 ↔ GB/T825  М36 ↔ GB/T825  М36 ↔ GB/T825  М36;Идентичны;
WK-35;396;Прямая замена по строке;K1839 ↔ K1849 ↔ K1853 ↔ K1866;K1801.16.02 ↔ K1840.16.02 ↔ K1840.16.02 ↔ K1840.16.02;Идентичны;
WK-35;397;Прямая замена по строке;K1839 ↔ K1849 ↔ K1853 ↔ K1866;K1802.16.03 ↔ K1840.16.03 ↔ K1840.16.03 ↔ K1840.16.03;Идентичны;
WK-35;398;Прямая замена по строке;K1839 ↔ K1849 ↔ K1853 ↔ K1866;K1812.18.00 ↔ K1842.18.00 ↔ K1894.18.00 ↔ K1895.18.00;;Полностью Универсальный, усовершенствование нижестоящих компонентов
WK-35;399;Одинаковый номер;K1839 ↔ K1849 ↔ K1853 ↔ K1866;K1812.18.01.00 ↔ K1812.18.01.00 ↔ K1812.18.01.00 ↔ K1812.18.01.00;"Да; Идентичны";
WK-35;400;Прямая замена по строке;K1839 ↔ K1849 ↔ K1853 ↔ K1866;K1812.18.02.00 ↔ K1842.18.02.00 ↔ K1842.18.02.00 ↔ K1842.18.02.00;Идентичны;Полностью Универсальный, улучшение деталей
WK-35;401;Одинаковый номер;K1839 ↔ K1849 ↔ K1853 ↔ K1866;K1801.18.03.00 ↔ K1801.18.03.00 ↔ K1801.18.03.00 ↔ K1801.18.03.00;"Да; Идентичны";
WK-35;402;Одинаковый номер;K1839 ↔ K1849 ↔ K1853 ↔ K1866;K1812.18.04.00 ↔ K1812.18.04.00 ↔ K1812.18.04.00 ↔ K1812.18.04.00;"Да; Идентичны";
WK-35;403;Прямая замена по строке;K1839 ↔ K1849 ↔ K1853 ↔ K1866;K1801.18.05.00 ↔ K1842.18.05.00 ↔ K1801.18.05.00 ↔ K1801.18.05.00;Идентичны;1801 и 1842 не унифицированы, конструкция различается
WK-35;404;Одинаковый номер;K1839 ↔ K1849 ↔ K1853 ↔ K1866;K1801.18.06.00 ↔ K1801.18.06.00 ↔ K1801.18.06.00 ↔ K1801.18.06.00;"Да; Идентичны";
WK-35;405;Прямая замена по строке;K1839 ↔ K1849 ↔ K1853 ↔ K1866;K1812.18.07.00 ↔ K1812.18.07.00 ↔ K1812.18.07.00 ↔ K1856.18.07.00;Да;Полностью Универсальный, улучшение деталей
WK-35;406;Прямая замена по строке;K1839 ↔ K1849 ↔ K1853 ↔ K1866;K1812.18.08.00 ↔ K1812.18.08.00 ↔ K1812.18.08.00 ↔ K1856.18.08.00;Да;Полностью Универсальный, улучшение деталей
WK-35;407;Одинаковый номер;K1839 ↔ K1849 ↔ K1853 ↔ K1866;K1801.18.09.00 ↔ K1801.18.09.00 ↔ K1801.18.09.00 ↔ K1801.18.09.00;"Да; Идентичны";
WK-35;408;Прямая замена по строке;K1839 ↔ K1849 ↔ K1853 ↔ K1866;CY-M95X4/W ↔ K1840.18.01 ↔ K1840.18.01 ↔ K1840.18.01;Идентичны;Универсальный, требования к закупке
WK-35;409;Одинаковый номер;K1839 ↔ K1849 ↔ K1853 ↔ K1866;K1801.18.01 ↔ K1801.18.01 ↔ K1801.18.01 ↔ K1801.18.01;"Да; Идентичны";
WK-35;410;Одинаковый номер;K1839 ↔ K1849 ↔ K1853 ↔ K1866;K1812.18.07 ↔ K1812.18.07 ↔ K1812.18.07 ↔ K1812.18.07;"Да; Идентичны";
WK-35;411;Одинаковый номер;K1839 ↔ K1849 ↔ K1853 ↔ K1866;K1812.18.12 ↔ K1812.18.12 ↔ K1812.18.12 ↔ K1812.18.12;"Да; Идентичны";
WK-35;412;Одинаковый номер;K1839 ↔ K1849 ↔ K1853 ↔ K1866;K1801.18.13 ↔ K1801.18.13 ↔ K1801.18.13 ↔ K1801.18.13;"Да; Идентичны";
WK-35;413;Одинаковый номер;K1839 ↔ K1849 ↔ K1853 ↔ K1866;K1801.18.14 ↔ K1801.18.14 ↔ K1801.18.14 ↔ K1801.18.14;"Да; Идентичны";
WK-35;414;Прямая замена по строке;K1839 ↔ K1849 ↔ K1853 ↔ K1866;GB/T91 ↔ GB/T91 10X125 ↔ GB/T91 10X125 ↔ GB/T91 10X125;Идентичны;
WK-35;415;Одинаковый номер;K1839 ↔ K1849 ↔ K1853 ↔ K1866;K1801.18.15 ↔ K1801.18.15 ↔ K1801.18.15 ↔ K1801.18.15;"Да; Идентичны";
WK-35;416;Одинаковый номер;K1839 ↔ K1849 ↔ K1853 ↔ K1866;K1801.18.16 ↔ K1801.18.16 ↔ K1801.18.16 ↔ K1801.18.16;"Да; Идентичны";
WK-35;417;Одинаковый номер;K1839 ↔ K1849 ↔ K1853 ↔ K1866;K1812.18.17 ↔ K1812.18.17 ↔ K1812.18.17 ↔ K1812.18.17;"Да; Идентичны";
WK-35;418;Одинаковый номер;K1839 ↔ K1849 ↔ K1853 ↔ K1866;K1812.18.18 ↔ K1812.18.18 ↔ K1812.18.18 ↔ K1812.18.18;"Да; Идентичны";
WK-35;419;Прямая замена по строке;K1839 ↔ K1849 ↔ K1853 ↔ K1866;GB/T5783 ↔ GB/T5783 M20X70 ↔ GB/T5783 M20X70 ↔ GB/T5783 M20X70;Идентичны;
WK-35;420;Прямая замена по строке;K1839 ↔ K1849 ↔ K1853 ↔ K1866;GB/T93 ↔ GB/T93 20 ↔ GB/T93 20 ↔ GB/T93 20;Идентичны;
WK-35;421;Одинаковый номер;K1849 ↔ K1853 ↔ K1866;K1840.18.03.00 ↔ K1840.18.03.00 ↔ K1840.18.03.00;Идентичны;
WK-35;422;Одинаковый номер;K1853 ↔ K1866;K1801.18.07.53 ↔ K1801.18.07.53;Идентичны;
WK-35;423;Прямая замена по строке;K1839 ↔ K1849 ↔ K1853 ↔ K1866;K1839.21.00 ↔ K1849.21.00 ↔ K1853.21.00 ↔ K1862.21.00;Да;В кабине водителя выполнены значительные модернизации.
WK-35;424;Прямая замена по строке;K1839 ↔ K1849 ↔ K1853 ↔ K1866;K1902.21.01.00 ↔ K1842.21.01.00 ↔ K1853.21.01.00 ↔ K1861.21.10.00;;
WK-35;425;Прямая замена по строке;K1839 ↔ K1849 ↔ K1853 ↔ K1866;K1902.21.02.00 ↔ K1842.21.02.00 ↔ K1853.21.02.00 ↔ K1862.21.01.00;;
WK-35;426;Прямая замена по строке;K1839 ↔ K1849 ↔ K1853 ↔ K1866;K1902.21.03.00 ↔ K1841.21.03.00 ↔ K1841.21.03.00 ↔ K1856.21.02.00;;
WK-35;427;Прямая замена по строке;K1839 ↔ K1849 ↔ K1853 ↔ K1866;K1839.21.04.00 ↔ K1849.21.04.00 ↔ K1849.21.04.00 ↔ K1856.21.03.00;;
WK-35;428;Прямая замена по строке;K1839 ↔ K1849 ↔ K1853 ↔ K1866;K1902.21.01 ↔ K1902.21.01 ↔ K1902.21.01 ↔ K1856.21.04.00;Да;
WK-35;429;Прямая замена по строке;K1839 ↔ K1849 ↔ K1853 ↔ K1866;K1838.21.03 ↔ K1892.21.03 ↔ K1892.21.03 ↔ K1856.21.05.00;;Номера чертежей и размеры стекла не совпадают
WK-35;430;Прямая замена по строке;K1839 ↔ K1849 ↔ K1853 ↔ K1866;K1839.21.00-01 ↔ K1849.21.00-1 ↔ K1853.21.14.00 ↔ K1856.21.06.00;;
WK-35;431;Прямая замена по строке;K1839 ↔ K1849 ↔ K1853 ↔ K1866;K1838.21.02 ↔ K1892.21.02 ↔ K1892.21.02 ↔ K1862.21.07.00;;Номера чертежей и размеры стекла не совпадают
WK-35;432;Прямая замена по строке;K1839 ↔ K1849 ↔ K1853 ↔ K1866;K1902.21.05.00 ↔ K1842.21.05.00 ↔ K1853.21.05.00 ↔ K1862.21.08.00;;
WK-35;433;Прямая замена по строке;K1839 ↔ K1849 ↔ K1853 ↔ K1866;K1838.21.01 ↔ K1892.21.01 ↔ K1892.21.01 ↔ K1856.21.09.00;;Номера чертежей и размеры стекла не совпадают
WK-35;434;Прямая замена по строке;K1839 ↔ K1849 ↔ K1853 ↔ K1866;K1825.21.06.00 ↔ K1842.21.06.00 ↔ K1853.21.06.00 ↔ K1861.21.01;;
WK-35;435;Прямая замена по строке;K1839 ↔ K1849 ↔ K1853 ↔ K1866;K1838.21.05 ↔ K1842.21.05 ↔ K1842.21.05 ↔ K1861.21.02;;Номера чертежей и размеры стекла не совпадают
WK-35;436;Прямая замена по строке;K1839 ↔ K1849 ↔ K1853 ↔ K1866;K1838.21.07 ↔ K1892.21.07 ↔ K1892.21.07 ↔ K1861.21.03;;Номера чертежей и размеры стекла не совпадают
WK-35;437;Прямая замена по строке;K1839 ↔ K1849 ↔ K1853 ↔ K1866;GB/T5781 ↔ GB/T5781 ↔ GB/T5781 ↔ K1861.21.04;Да;
WK-35;438;Прямая замена по строке;K1839 ↔ K1849 ↔ K1853 ↔ K1866;GB/T62.1 ↔ GB/T62.1 ↔ GB/T62.1 ↔ K1861.21.05;Да;
WK-35;439;Прямая замена по строке;K1839 ↔ K1849 ↔ K1853 ↔ K1866;K1903.21.09.00 ↔ K1601.22.01.05 ↔ K1601.22.01.05 ↔ K1862.21.06;;
WK-35;440;Прямая замена по строке;K1839 ↔ K1849 ↔ K1853 ↔ K1866;K1902.21.07.00 ↔ K1849.21.00-3 ↔ K1845.21.09.00 ↔ K1861.21.07;;
WK-35;441;Прямая замена по строке;K1839 ↔ K1849 ↔ K1853 ↔ K1866;K1838.21.08 ↔ K1892.21.08 ↔ K1892.21.08 ↔ K1862.21.00-17;;Номера чертежей и размеры стекла не совпадают
WK-35;442;Прямая замена по строке;K1839 ↔ K1849 ↔ K1853 ↔ K1866;K1839.21.00-02 ↔ K1849.21.00-2 ↔ K1853.21.13.00 ↔ JHQ-C-1;;
WK-35;443;Прямая замена по строке;K1839 ↔ K1849 ↔ K1853 ↔ K1866;K1902.21.08.00 ↔ K1842.21.09 ↔ K1842.21.09 ↔ GB/T95 10;;Номера чертежей и размеры стекла не совпадают
WK-35;444;Прямая замена по строке;K1839 ↔ K1849 ↔ K1853 ↔ K1866;K1839.21.00-03 ↔ K1980.21.09.00 ↔ K1980.21.09.00 ↔ GB/T93 10;;
WK-35;445;Прямая замена по строке;K1839 ↔ K1849 ↔ K1853 ↔ K1866;K1836.21.10.00 ↔ K1849.21.15.00 ↔ K1849.21.15.00 ↔ GB/T5783;;Полностью Универсальный
WK-35;446;Прямая замена по строке;K1839 ↔ K1849 ↔ K1853 ↔ K1866;K1838.21.11.00 ↔ K1849.21.16.00 ↔ K1849.21.16.00 ↔ K1856.21.08;;Полностью Универсальный
WK-35;447;Прямая замена по строке;K1839 ↔ K1849 ↔ K1853 ↔ K1866;K1839.21.09.00 ↔ K1849.21.12.00 ↔ K1849.21.12.00 ↔ K1902.09.10.10.03.00;;
WK-35;448;Прямая замена по строке;K1839 ↔ K1849 ↔ K1853;K1839.21.00-06 ↔ K1845.21.09.00 ↔ JHQ-C-1;;
WK-35;449;Прямая замена по строке;K1839 ↔ K1849 ↔ K1853;K1839.21.00-07 ↔ K1842.21.13.00 ↔ GB/T95;;
WK-35;450;Прямая замена по строке;K1839 ↔ K1849 ↔ K1853;K1839.21.00-08 ↔ K1849.21.14.00 ↔ GB/T93;;
WK-35;451;Прямая замена по строке;K1839 ↔ K1853;K1839.21.00-09 ↔ GB/T5783;;
WK-35;452;Прямая замена по строке;K1839 ↔ K1853;K1839.21.00-10 ↔ K1853.21.11;;
WK-35;458;Прямая замена по строке;K1839 ↔ K1849 ↔ K1853 ↔ K1866;K1839.22.00 ↔ K1849.22.00 ↔ K1853.22.00 ↔ K1861.22.00;;Универсальный, улучшение деталей, требования к технологии изготовления
WK-35;459;Прямая замена по строке;K1839 ↔ K1849 ↔ K1853 ↔ K1866;K1838.22.01.00 ↔ K1849.22.01.00 ↔ K1849.22.01.00 ↔ K1857.22.01.00;;
WK-35;460;Прямая замена по строке;K1839 ↔ K1849 ↔ K1853 ↔ K1866;K1838.22.02.00 ↔ K1840.22.02.00 ↔ K1853.22.02.00 ↔ K1861.22.02.00;;Универсальный, улучшение деталей, требования к технологии изготовления
WK-35;461;Прямая замена по строке;K1839 ↔ K1849 ↔ K1853 ↔ K1866;K1838.22.03.00 ↔ K1840.22.03.00 ↔ K1840.22.03.00 ↔ K1857.22.03.00;;
WK-35;462;Одинаковый номер;K1839 ↔ K1849 ↔ K1853 ↔ K1866;K1831.22.04.00 ↔ K1831.22.04.00 ↔ K1831.22.04.00 ↔ K1831.22.04.00;"Да; Идентичны";
WK-35;463;Прямая замена по строке;K1839 ↔ K1849 ↔ K1853 ↔ K1866;K1831.22.05.00 ↔ K1831.22.05.00 ↔ K1831.22.05.00 ↔ K1854.22.05.00;Да;
WK-35;464;Одинаковый номер;K1839 ↔ K1849 ↔ K1853 ↔ K1866;K1838.22.06.00 ↔ K1838.22.06.00 ↔ K1838.22.06.00 ↔ K1838.22.06.00;"Да; Идентичны";
WK-35;465;Прямая замена по строке;K1839 ↔ K1849 ↔ K1853 ↔ K1866;K1838.22.07.00 ↔ K1849.22.07.00 ↔ K1853.22.07.00 ↔ K1857.22.07.00;;Универсальный, требования к технологии изготовления
WK-35;466;Одинаковый номер;K1839 ↔ K1849 ↔ K1853 ↔ K1866;K1831.22.08.00 ↔ K1831.22.08.00 ↔ K1831.22.08.00 ↔ K1831.22.08.00;"Да; Идентичны";
WK-35;467;Одинаковый номер;K1839 ↔ K1849 ↔ K1853 ↔ K1866;K1831.22.09.00 ↔ K1831.22.09.00 ↔ K1831.22.09.00 ↔ K1831.22.09.00;"Да; Идентичны";
WK-35;468;Прямая замена по строке;K1839 ↔ K1849 ↔ K1853 ↔ K1866;K1831.22.10.00 ↔ K1840.22.10.00 ↔ K1853.22.10.00 ↔ K1853.22.10.00;Идентичны;
WK-35;469;Одинаковый номер;K1839 ↔ K1849 ↔ K1853 ↔ K1866;K1838.22.11.00 ↔ K1838.22.11.00 ↔ K1838.22.11.00 ↔ K1838.22.11.00;"Да; Идентичны";
WK-35;470;Одинаковый номер;K1839 ↔ K1849 ↔ K1853 ↔ K1866;K1831.22.12.00 ↔ K1831.22.12.00 ↔ K1831.22.12.00 ↔ K1831.22.12.00;"Да; Идентичны";
WK-35;471;Одинаковый номер;K1839 ↔ K1849 ↔ K1853 ↔ K1866;K1831.22.01 ↔ K1831.22.01 ↔ K1831.22.01 ↔ K1831.22.01;"Да; Идентичны";
WK-35;472;Прямая замена по строке;K1839 ↔ K1849 ↔ K1853 ↔ K1866;GB/T882 ↔ GB/T882  B30X75 ↔ GB/T882  B30X75 ↔ GB/T882  B30X75;Идентичны;
WK-35;473;Прямая замена по строке;K1839 ↔ K1849 ↔ K1853 ↔ K1866;GB/T91 ↔ GB/T91 6.3X45 ↔ GB/T91 6.3X45 ↔ GB/T91 6.3X45;Идентичны;
WK-35;474;Прямая замена по строке;K1839 ↔ K1849 ↔ K1853 ↔ K1866;K1839.22.00-01 ↔ K1849.22.00-01 ↔ K1853.22.19.00 ↔ K1861.22.00-16;;
WK-35;475;Прямая замена по строке;K1839 ↔ K1849 ↔ K1853 ↔ K1866;K1831.22.02 ↔ K1831.22.02 ↔ K1849.22.02 ↔ K1849.22.20.00;;
WK-35;476;Прямая замена по строке;K1839 ↔ K1849 ↔ K1853 ↔ K1866;GB/T97.1 ↔ GB/T97.1 30 ↔ GB/T97.1 30 ↔ GB/T97.1 30;Идентичны;
WK-35;477;Прямая замена по строке;K1839 ↔ K1849 ↔ K1853 ↔ K1866;GB/T882 ↔ GB/T5783 M30X70 ↔ GB/T5783 M30X70 ↔ GB/T5783 M30X70;Идентичны;
WK-35;478;Прямая замена по строке;K1839 ↔ K1849 ↔ K1853 ↔ K1866;GB/T5783 ↔ GB/T5783 M20X40 ↔ GB/T5783 M20X40 ↔ GB/T5783 M20X40;Идентичны;
WK-35;479;Прямая замена по строке;K1839 ↔ K1849 ↔ K1853 ↔ K1866;GB/T93 ↔ GB/T93 20 ↔ GB/T93 20 ↔ GB/T93 20;Идентичны;
WK-35;480;Прямая замена по строке;K1839 ↔ K1849 ↔ K1853 ↔ K1866;GB/T97.1 ↔ GB/T97.1 20 ↔ GB/T97.1 20 ↔ GB/T97.1 20;Идентичны;
WK-35;481;Одинаковый номер;K1839 ↔ K1849 ↔ K1853 ↔ K1866;K1838.22.05 ↔ K1838.22.05 ↔ K1838.22.05 ↔ K1838.22.05;"Да; Идентичны";
WK-35;482;Одинаковый номер;K1839 ↔ K1849 ↔ K1853 ↔ K1866;K1838.22.06 ↔ K1838.22.06 ↔ K1838.22.06 ↔ K1838.22.06;"Да; Идентичны";
WK-35;483;Одинаковый номер;K1839 ↔ K1849 ↔ K1853 ↔ K1866;K1838.22.07 ↔ K1838.22.07 ↔ K1838.22.07 ↔ K1838.22.07;"Да; Идентичны";
WK-35;484;Одинаковый номер;K1839 ↔ K1849 ↔ K1853 ↔ K1866;K1838.22.08 ↔ K1838.22.08 ↔ K1838.22.08 ↔ K1838.22.08;"Да; Идентичны";
WK-35;485;Прямая замена по строке;K1839 ↔ K1849 ↔ K1853 ↔ K1866;K1839.22.00-01 ↔ GB/T6170 M20 ↔ GB/T6170 M20 ↔ K1861.22.00-28;;
WK-35;486;Прямая замена по строке;K1839 ↔ K1849 ↔ K1853 ↔ K1866;GB/T6170 ↔ GB/T5783  M10X60 ↔ GB/T5783  M10X60 ↔ GB/T6170 M20;;
WK-35;487;Прямая замена по строке;K1839 ↔ K1849 ↔ K1853 ↔ K1866;GB/T5783 ↔ GB/T97.1 10 ↔ GB/T97.1 10 ↔ GB/T5783  M10X60;;
WK-35;488;Прямая замена по строке;K1839 ↔ K1849 ↔ K1853 ↔ K1866;GB/T97.1 ↔ GB/T5783  M12X60 ↔ GB/T5783  M12X60 ↔ GB/T97.1 10;;
WK-35;489;Прямая замена по строке;K1839 ↔ K1849 ↔ K1853 ↔ K1866;GB/T5783 ↔ GB/T6170  M10 ↔ GB/T6170  M10 ↔ GB/T5783  M12X60;;
WK-35;490;Прямая замена по строке;K1839 ↔ K1849 ↔ K1853 ↔ K1866;GB/T6170 ↔ K1839.22.18.00 ↔ K1839.22.18.00 ↔ GB/T6170  M10;;
WK-35;491;Прямая замена по строке;K1839 ↔ K1866;K1839.22.05.00 ↔ K1861.22.18.00;;
WK-35;492;Прямая замена по строке;K1839 ↔ K1849 ↔ K1853 ↔ K1866;K1838.22.01 ↔ K1838.22.01 ↔ K1627.22.01 ↔ K1627.22.11;;Универсальный
WK-35;493;Одинаковый номер;K1839 ↔ K1849 ↔ K1853 ↔ K1866;K1838.22.02 ↔ K1838.22.02 ↔ K1838.22.02 ↔ K1838.22.02;"Да; Идентичны";
WK-35;494;Прямая замена по строке;K1839 ↔ K1849 ↔ K1853 ↔ K1866;K1838.22.13.00 ↔ K1838.22.14.00 ↔ K1838.22.14.00 ↔ K1838.22.14.00;Идентичны;
WK-35;495;Прямая замена по строке;K1839 ↔ K1849 ↔ K1853 ↔ K1866;K1838.22.14.00 ↔ K1839.22.03 ↔ K1839.22.03 ↔ K1839.22.03;Идентичны;
WK-35;496;Прямая замена по строке;K1839 ↔ K1849 ↔ K1853 ↔ K1866;K1839.22.03 ↔ K1838.22.04 ↔ K1838.22.04 ↔ K1838.22.04;Идентичны;
WK-35;497;Прямая замена по строке;K1839 ↔ K1849 ↔ K1853 ↔ K1866;K1838.22.04 ↔ GB/T6170 M12 ↔ GB/T6170 M12 ↔ GB/T6170 M12;Идентичны;
WK-35;498;Прямая замена по строке;K1839 ↔ K1849 ↔ K1853 ↔ K1866;GB/T6170 ↔ GB/T97.1 12 ↔ GB/T97.1 12 ↔ GB/T97.1 12;Идентичны;
WK-35;499;Прямая замена по строке;K1839 ↔ K1849 ↔ K1853 ↔ K1866;GB/T97.1 ↔ K1838.22.16.00 ↔ K1838.22.16.00 ↔ K1838.22.16.00;Идентичны;
WK-35;500;Прямая замена по строке;K1839 ↔ K1849 ↔ K1853 ↔ K1866;K1838.22.15.00 ↔ GB/T5783  M20X60 ↔ GB/T5783  M20X60 ↔ GB/T5783  M20X60;Идентичны;
WK-35;501;Прямая замена по строке;K1839 ↔ K1849 ↔ K1853 ↔ K1866;K1838.22.16.00 ↔ K1838.22.17.00 ↔ K1838.22.17.00 ↔ K1838.22.17.00;Идентичны;
WK-35;502;Прямая замена по строке;K1839 ↔ K1849 ↔ K1853 ↔ K1866;GB/T5783 ↔ GB/T5783  M12X30 ↔ GB/T5783  M12X30 ↔ GB/T5783  M12X30;Идентичны;
WK-35;503;Прямая замена по строке;K1839 ↔ K1849 ↔ K1853 ↔ K1866;K1838.22.17.00 ↔ GB/T6170  M30 ↔ GB/T6170  M30 ↔ GB/T6170  M30;Идентичны;
WK-35;504;Прямая замена по строке;K1839 ↔ K1866;GB/T5783 ↔ K1853.22.19.00;;
WK-35;506;Прямая замена по строке;K1839 ↔ K1849 ↔ K1853 ↔ K1866;K1839.23.00 ↔ K1849.23.00 ↔ K1853.23.00 ↔ K1862.23.00;"Да; Идентичны";
WK-35;507;Прямая замена по строке;K1839 ↔ K1849 ↔ K1853 ↔ K1866;K1839.23.01.00 ↔ K1839.23.01.00 ↔ K1853.23.01.00 ↔ K1856.23.01.00;;
WK-35;508;Прямая замена по строке;K1839 ↔ K1849 ↔ K1853 ↔ K1866;K1839.23.02.00 ↔ K1844.23.02.00 ↔ K1844.23.02.00 ↔ K1844.23.02.00;Идентичны;
WK-35;509;Одинаковый номер;K1839 ↔ K1849 ↔ K1853 ↔ K1866;K1839.23.03.00 ↔ K1839.23.03.00 ↔ K1839.23.03.00 ↔ K1839.23.03.00;"Да; Идентичны";
WK-35;510;Прямая замена по строке;K1839 ↔ K1849 ↔ K1853 ↔ K1866;K1833.23.05.00 ↔ K1842.23.05.00 ↔ K1842.23.05.00 ↔ K1862.23.05.00;;
WK-35;511;Одинаковый номер;K1839 ↔ K1849 ↔ K1853 ↔ K1866;K1833.23.07.00 ↔ K1833.23.07.00 ↔ K1833.23.07.00 ↔ K1833.23.07.00;"Да; Идентичны";
WK-35;512;Прямая замена по строке;K1839 ↔ K1849 ↔ K1853 ↔ K1866;K1812.23.08.00 ↔ K1812.23.08.00 ↔ K1812.23.09.00 ↔ K1812.23.08.00;;
WK-35;513;Прямая замена по строке;K1839 ↔ K1849 ↔ K1853 ↔ K1866;K1812.23.09.00 ↔ K1812.23.09.00 ↔ K1812.23.08.00 ↔ K1812.23.09.00;;
WK-35;514;Одинаковый номер;K1839 ↔ K1849 ↔ K1853 ↔ K1866;K1812.23.11.00 ↔ K1812.23.11.00 ↔ K1812.23.11.00 ↔ K1812.23.11.00;"Да; Идентичны";
WK-35;515;Прямая замена по строке;K1839 ↔ K1849 ↔ K1853 ↔ K1866;K1837.23.12.00 ↔ K1837.23.12.00 ↔ K1894.23.12.00 ↔ K1894.23.12.00;Идентичны;
WK-35;516;Прямая замена по строке;K1839 ↔ K1849 ↔ K1853 ↔ K1866;K1837.23.13.00 ↔ K1837.23.13.00 ↔ K1894.23.13.00 ↔ K1837.23.14.00;;
WK-35;517;Прямая замена по строке;K1839 ↔ K1849 ↔ K1853 ↔ K1866;K1837.23.14.00 ↔ K1837.23.14.00 ↔ K1837.23.14.00 ↔ K1894.23.13.00;Да;
WK-35;518;Прямая замена по строке;K1839 ↔ K1849 ↔ K1853 ↔ K1866;K1837.23.15.00 ↔ K1839.23.18.00 ↔ K1839.23.18.00 ↔ K1839.23.18.00;Идентичны;
WK-35;519;Прямая замена по строке;K1839 ↔ K1849 ↔ K1853 ↔ K1866;K1837.23.16.00 ↔ K1839.23.19.00 ↔ K1840.23.20.00 ↔ K1839.23.19.00;;
WK-35;520;Прямая замена по строке;K1839 ↔ K1849 ↔ K1853 ↔ K1866;K1837.23.17.00 ↔ K1840.23.20.00 ↔ K1839.23.19.00 ↔ K1840.23.21.00;;
WK-35;521;Прямая замена по строке;K1839 ↔ K1849 ↔ K1853 ↔ K1866;K1839.23.18.00 ↔ K1840.23.21.00 ↔ K1840.23.21.00 ↔ K1840.23.20.00;;
WK-35;522;Прямая замена по строке;K1839 ↔ K1849 ↔ K1853 ↔ K1866;K1839.23.19.00 ↔ K1842.23.22.00 ↔ K1842.23.22.00 ↔ K1842.23.22.00;Идентичны;
WK-35;523;Прямая замена по строке;K1839 ↔ K1849 ↔ K1853 ↔ K1866;K1833.23.02.09.00 ↔ K1842.23.23.00 ↔ K1894.23.23.00 ↔ K1894.23.23.00;Идентичны;
WK-35;524;Прямая замена по строке;K1849 ↔ K1853 ↔ K1866;K1849.23.24.00 ↔ K1849.23.24.00 ↔ TZQ7310.02.00;;
WK-35;525;Прямая замена по строке;K1853 ↔ K1866;TZQ7310.02.00 ↔ K1849.23.24.00;;
WK-35;526;Прямая замена по строке;K1839 ↔ K1849 ↔ K1853 ↔ K1866;K1838.24.00 ↔ K1849.24.00 ↔ K1849.24.00 ↔ K1862.24.00;Да;Полностью Универсальный
WK-35;527;Одинаковый номер;K1839 ↔ K1849 ↔ K1853 ↔ K1866;HHTGYDQG-DLJT68-6000A ↔ HHTGYDQG-DLJT68-6000A ↔ HHTGYDQG-DLJT68-6000A ↔ HHTGYDQG-DLJT68-6000A;"Да; Идентичны";
WK-35;528;Прямая замена по строке;K1839 ↔ K1849 ↔ K1853 ↔ K1866;HHTGYDQG-DLJT68-1000A ↔ HHTGYDQG-DLJT83-1000A ↔ HHTGYDQG-DLJT83-1000A ↔ HHTGYDQG-DLJT83-1000A;Идентичны;Универсальный, последующая конструкция с облегченными деталями
WK-35;529;Одинаковый номер;K1839 ↔ K1849 ↔ K1853 ↔ K1866;HHTGYDQG-DLJT68-1010B04 ↔ HHTGYDQG-DLJT68-1010B04 ↔ HHTGYDQG-DLJT68-1010B04 ↔ HHTGYDQG-DLJT68-1010B04;"Да; Идентичны";
WK-35;530;Одинаковый номер;K1839 ↔ K1849 ↔ K1853 ↔ K1866;HHTGYDQG-DLJT68-1009 ↔ HHTGYDQG-DLJT68-1009 ↔ HHTGYDQG-DLJT68-1009 ↔ HHTGYDQG-DLJT68-1009;"Да; Идентичны";
WK-35;531;Одинаковый номер;K1839 ↔ K1849 ↔ K1853 ↔ K1866;HHTGYDQG-DLJT68-1021 ↔ HHTGYDQG-DLJT68-1021 ↔ HHTGYDQG-DLJT68-1021 ↔ HHTGYDQG-DLJT68-1021;"Да; Идентичны";
WK-35;532;Одинаковый номер;K1839 ↔ K1849 ↔ K1853 ↔ K1866;HHTGYDQG-DLJT68-5000A ↔ HHTGYDQG-DLJT68-5000A ↔ HHTGYDQG-DLJT68-5000A ↔ HHTGYDQG-DLJT68-5000A;"Да; Идентичны";
WK-35;533;Одинаковый номер;K1839 ↔ K1849 ↔ K1853 ↔ K1866;HHTGYDQG-DLJT68-3001 ↔ HHTGYDQG-DLJT68-3001 ↔ HHTGYDQG-DLJT68-3001 ↔ HHTGYDQG-DLJT68-3001;"Да; Идентичны";
WK-35;534;Одинаковый номер;K1839 ↔ K1849 ↔ K1853 ↔ K1866;HHTGYDQG-DLJT68-5003B01C ↔ HHTGYDQG-DLJT68-5003B01C ↔ HHTGYDQG-DLJT68-5003B01C ↔ HHTGYDQG-DLJT68-5003B01C;"Да; Идентичны";
WK-35;535;Одинаковый номер;K1839 ↔ K1849 ↔ K1853 ↔ K1866;HHTGYDQG-DLJT68-3002 ↔ HHTGYDQG-DLJT68-3002 ↔ HHTGYDQG-DLJT68-3002 ↔ HHTGYDQG-DLJT68-3002;"Да; Идентичны";
WK-35;536;Одинаковый номер;K1839 ↔ K1849 ↔ K1853 ↔ K1866;HHTGYDQG-DLJT43-1019 ↔ HHTGYDQG-DLJT43-1019 ↔ HHTGYDQG-DLJT43-1019 ↔ HHTGYDQG-DLJT43-1019;"Да; Идентичны";
WK-35;537;Прямая замена по строке;K1839 ↔ K1849 ↔ K1853 ↔ K1866;12A ↔ 12A双排 ↔ 12A双排 ↔ 12A;;
WK-35;538;Одинаковый номер;K1839 ↔ K1849 ↔ K1853 ↔ K1866;10A ↔ 10A ↔ 10A ↔ 10A;"Да; Идентичны";
WK-35;539;Одинаковый номер;K1839 ↔ K1849 ↔ K1853 ↔ K1866;HHTGYDQG-DLJT43-5024 ↔ HHTGYDQG-DLJT43-5024 ↔ HHTGYDQG-DLJT43-5024 ↔ HHTGYDQG-DLJT43-5024;"Да; Идентичны";
WK-35;540;Одинаковый номер;K1839 ↔ K1849 ↔ K1853 ↔ K1866;HHTGYDQG-DLJT68-5020B ↔ HHTGYDQG-DLJT68-5020B ↔ HHTGYDQG-DLJT68-5020B ↔ HHTGYDQG-DLJT68-5020B;"Да; Идентичны";
WK-35;541;Одинаковый номер;K1839 ↔ K1849 ↔ K1853 ↔ K1866;HHTGYDQG-DLJT68-3003 ↔ HHTGYDQG-DLJT68-3003 ↔ HHTGYDQG-DLJT68-3003 ↔ HHTGYDQG-DLJT68-3003;"Да; Идентичны";
WK-35;542;Одинаковый номер;K1839 ↔ K1849 ↔ K1853 ↔ K1866;HHTGYDQG-DLJT56-1023 ↔ HHTGYDQG-DLJT56-1023 ↔ HHTGYDQG-DLJT56-1023 ↔ HHTGYDQG-DLJT56-1023;"Да; Идентичны";
WK-35;543;Прямая замена по строке;K1839 ↔ K1849 ↔ K1853 ↔ K1866;HHTGYDQG-DLJT68-1022 ↔ HHC150-1022 ↔ HHC150-1022 ↔ HHC150-1022;Идентичны;Не Универсальный, изменен шаг канатоукладчика
WK-35;544;Одинаковый номер;K1839 ↔ K1849 ↔ K1853 ↔ K1866;16A ↔ 16A ↔ 16A ↔ 16A;"Да; Идентичны";
WK-35;545;Одинаковый номер;K1839 ↔ K1849 ↔ K1853 ↔ K1866;HHTGYDQG-DLJT68-4000A ↔ HHTGYDQG-DLJT68-4000A ↔ HHTGYDQG-DLJT68-4000A ↔ HHTGYDQG-DLJT68-4000A;"Да; Идентичны";
WK-35;546;Одинаковый номер;K1839 ↔ K1849 ↔ K1853 ↔ K1866;HHTGYDQG-DLJT68-5006B ↔ HHTGYDQG-DLJT68-5006B ↔ HHTGYDQG-DLJT68-5006B ↔ HHTGYDQG-DLJT68-5006B;"Да; Идентичны";
WK-35;547;Одинаковый номер;K1839 ↔ K1849 ↔ K1853 ↔ K1866;HHTGYDQG-DLJT43-5019 ↔ HHTGYDQG-DLJT43-5019 ↔ HHTGYDQG-DLJT43-5019 ↔ HHTGYDQG-DLJT43-5019;"Да; Идентичны";
WK-35;548;Одинаковый номер;K1839 ↔ K1849 ↔ K1853 ↔ K1866;HHTGYDQG-DLJT68-4017 ↔ HHTGYDQG-DLJT68-4017 ↔ HHTGYDQG-DLJT68-4017 ↔ HHTGYDQG-DLJT68-4017;"Да; Идентичны";
WK-35;549;Одинаковый номер;K1839 ↔ K1849 ↔ K1853 ↔ K1866;HHTGYDQG-DLJT68-2000A ↔ HHTGYDQG-DLJT68-2000A ↔ HHTGYDQG-DLJT68-2000A ↔ HHTGYDQG-DLJT68-2000A;"Да; Идентичны";
WK-35;550;Одинаковый номер;K1839 ↔ K1849 ↔ K1853 ↔ K1866;HHTGYDQG-DLJT68-1010B05 ↔ HHTGYDQG-DLJT68-1010B05 ↔ HHTGYDQG-DLJT68-1010B05 ↔ HHTGYDQG-DLJT68-1010B05;"Да; Идентичны";
WK-35;551;Прямая замена по строке;K1839 ↔ K1849 ↔ K1853 ↔ K1866;K1802.25.00 ↔ K1841.25.00 ↔ K1841.25.00 ↔ K1857.25.00;;Не Универсальный, конструкция различается
WK-35;552;Одинаковый номер;K1839 ↔ K1849 ↔ K1853 ↔ K1866;K1802.25.01.00 ↔ K1802.25.01.00 ↔ K1802.25.01.00 ↔ K1802.25.01.00;"Да; Идентичны";
WK-35;553;Одинаковый номер;K1839 ↔ K1849 ↔ K1853 ↔ K1866;K1802.25.02.00 ↔ K1802.25.02.00 ↔ K1802.25.02.00 ↔ K1802.25.02.00;"Да; Идентичны";
WK-35;554;Прямая замена по строке;K1839 ↔ K1849 ↔ K1853 ↔ K1866;K1802.25.03.00 ↔ K1841.25.01 ↔ K1841.25.01 ↔ K1857.25.01;;
WK-35;555;Прямая замена по строке;K1839 ↔ K1849 ↔ K1853 ↔ K1866;GB/T882 ↔ GB/T882  50X140 ↔ GB/T882  50X140 ↔ GB/T882  50X140;Идентичны;
WK-35;556;Прямая замена по строке;K1839 ↔ K1849 ↔ K1853 ↔ K1866;GB/T91 ↔ GB/T91  10X100 ↔ GB/T91  10X100 ↔ GB/T91  10X100;Идентичны;
WK-35;557;Прямая замена по строке;K1839 ↔ K1849 ↔ K1853 ↔ K1866;GB/T882 ↔ JB/ZQ4359  50X240 ↔ JB/ZQ4359  50X240 ↔ JB/ZQ4359  50X240;Идентичны;
WK-35;558;Прямая замена по строке;K1839 ↔ K1849 ↔ K1853 ↔ K1866;K1838.29.00 ↔ K1844.26.00 ↔ K1844.26.00 ↔ K1844.26.00;Да;
WK-35;559;Прямая замена по строке;K1839 ↔ K1849 ↔ K1853 ↔ K1866;BK2100-2 X ↔ K1844.26.00-1 ↔ K1844.26.00-1 ↔ K1844.26.00-1;Идентичны;
WK-35;560;Прямая замена по строке;K1839 ↔ K1849 ↔ K1853 ↔ K1866;BK2100-2 D ↔ K1844.26.01.00 ↔ K1844.26.01.00 ↔ K1844.26.01.00;Идентичны;
WK-35;561;Прямая замена по строке;K1839 ↔ K1849 ↔ K1853 ↔ K1866;BK2100-2 24V ↔ K1844.26.02.00 ↔ K1844.26.02.00 ↔ K1844.26.02.00;Идентичны;
WK-35;569;Прямая замена по строке;K1839 ↔ K1866;JB-BK8019 ↔ K1849.35.00;;
WK-35;570;Прямая замена по строке;K1839 ↔ K1866;DQ-27.8A ↔ QB/T1558.2;;
WK-35;571;Прямая замена по строке;K1839 ↔ K1866;HFC-227EA ↔ K1853.82.00;;
WK-35;572;Прямая замена по строке;K1839 ↔ K1849 ↔ K1853 ↔ K1866;K1839.90.00 ↔ K1849.90.00 ↔ K1849.90.00 ↔ K1857.90.00;;
WK-35;573;Прямая замена по строке;K1839 ↔ K1849 ↔ K1853 ↔ K1866;K1839.90.01.00 ↔ K1849.90.01.00 ↔ K1849.90.01.00 ↔ K1857.90.01.00;;Элементы унифицированы
WK-35;574;Прямая замена по строке;K1839 ↔ K1849 ↔ K1853 ↔ K1866;K1839.90.02.00 ↔ K1849.90.02.00 ↔ K1849.90.02.00 ↔ K1857.90.02.00;;K1849, изменен способ монтажа форсуночного узла
WK-35;575;Прямая замена по строке;K1839 ↔ K1849 ↔ K1853 ↔ K1866;K1838.90.03.00 ↔ K1849.90.03.00 ↔ K1849.90.03.00 ↔ K1857.90.03.00;;Элементы унифицированы
WK-35;576;Прямая замена по строке;K1839 ↔ K1849 ↔ K1853 ↔ K1866;K1838.90.04.00 ↔ K1849.90.04.00 ↔ K1849.90.04.00 ↔ K1857.90.04.00;;K1849, изменен способ монтажа форсуночного узла
WK-35;577;Одинаковый номер;K1839 ↔ K1849 ↔ K1853 ↔ K1866;K1838.90.05.00 ↔ K1838.90.05.00 ↔ K1838.90.05.00 ↔ K1838.90.05.00;"Да; Идентичны";Элементы унифицированы
WK-35;578;Прямая замена по строке;K1839 ↔ K1849 ↔ K1853 ↔ K1866;K1839.90.06.00 ↔ K1849.90.06.00 ↔ K1849.90.06.00 ↔ K1857.90.06.00;;K1849, добавлен выход распределителя
WK-35;579;Прямая замена по строке;K1839 ↔ K1849 ↔ K1853 ↔ K1866;K1838.91.00 ↔ K1849.91.00 ↔ K1849.91.00 ↔ K1857.91.00;Да;
WK-35;580;Прямая замена по строке;K1839 ↔ K1849 ↔ K1853 ↔ K1866;K1838.91.01.00 ↔ K1838.91.01.00 ↔ K1838.91.01.00 ↔ K1842.91.01.00;Да;
WK-35;581;Прямая замена по строке;K1839 ↔ K1849 ↔ K1853 ↔ K1866;GB/T3287 ↔ GB/T3287 N4-3X2-ZN-C ↔ GB/T3287 N4-3X2-ZN-C ↔ K1857.91.02.00;;
WK-35;582;Прямая замена по строке;K1839 ↔ K1849 ↔ K1853 ↔ K1866;GB/T3287 ↔ GB/T3287 N8-2-ZN-A ↔ GB/T3287 N8-2-ZN-A ↔ K1857.91.03.00;;
WK-35;583;Прямая замена по строке;K1839 ↔ K1849 ↔ K1853 ↔ K1866;"Q11F-16P-2"" ↔ Q11F-16P-2"" ↔ Q11F-16P-2"" ↔ 8MJ-6MT";Да;
WK-35;584;Прямая замена по строке;K1839 ↔ K1849 ↔ K1853 ↔ K1866;GB/T3287 ↔ GB/T3287 B1-2-ZN-C ↔ GB/T3287 B1-2-ZN-C ↔ 8MJ-12MT;;
WK-35;585;Прямая замена по строке;K1839 ↔ K1849 ↔ K1853 ↔ K1866;GB/T3287 ↔ GB/T3287  U1-2-ZN-C ↔ GB/T3287  U1-2-ZN-C ↔ GB/T3287 N4-1-1/2X3/4-ZN-C;;
WK-35;586;Прямая замена по строке;K1839 ↔ K1849 ↔ K1853 ↔ K1866;GB/T3287 ↔ GB/T3287 M2-1X3/4-ZN-C ↔ GB/T3287 M2-1X3/4-ZN-C ↔ 1-13-14/8-8FJX/8-8FJX9/1100;;
WK-35;587;Прямая замена по строке;K1839 ↔ K1849 ↔ K1853 ↔ K1866;F-1020-IIRN-012带磁棒 ↔ F-1020-IIRN-012 ↔ F-1020-IIRN-012 ↔ 1-13-14/8-8FJX/8-8FJX9/1650;;
WK-35;588;Прямая замена по строке;K1839 ↔ K1849 ↔ K1853 ↔ K1866;GB/T3287 ↔ GB/T3287 A1-1-ZN-C ↔ GB/T3287 A1-1-ZN-C ↔ 1-13-14/8-8FJX/8-8FJX/2500;;
WK-35;589;Прямая замена по строке;K1839 ↔ K1849 ↔ K1853 ↔ K1866;GB/T3287 ↔ GB/T3287 M2-1.1/2X1-ZN-C ↔ GB/T3287 M2-1.1/2X1-ZN-C ↔ 20MJ-16MT;;
WK-35;590;Прямая замена по строке;K1839 ↔ K1849 ↔ K1853 ↔ K1866;GB/T3287 ↔ GB/T3287 N8-1-ZN-A ↔ GB/T3287 N8-1-ZN-A ↔ K1842.91.03.00;;
WK-35;591;Прямая замена по строке;K1839 ↔ K1849 ↔ K1853 ↔ K1866;GB/T3287 ↔ GB/T3287  B1-1-ZN-A ↔ GB/T3287  B1-1-ZN-A ↔ 20MJ-24MT;;
WK-35;592;Прямая замена по строке;K1839 ↔ K1849 ↔ K1853 ↔ K1866;GB/T3287 ↔ GB/T3287 N4-1X1/2-ZN-C ↔ GB/T3287 N4-1X1/2-ZN-C ↔ 1-32-6/20-20FJX4/20-20FJX9/V270/3450;;
WK-35;593;Прямая замена по строке;K1839 ↔ K1849 ↔ K1853 ↔ K1866;GB/T3287 ↔ GB/T3287 N4-2X1-ZN-C ↔ GB/T3287 N4-2X1-ZN-C ↔ TA3020/C-50-120/242G12MH050D6;;
WK-35;594;Прямая замена по строке;K1839 ↔ K1849 ↔ K1853 ↔ K1866;DWE-FGR200G34A3TS75L ↔ DWE-FGR200G34A3TS75L ↔ DWE-FGR200G34A3TS75L ↔ K1623.91.04;Да;
WK-35;595;Прямая замена по строке;K1839 ↔ K1849 ↔ K1853 ↔ K1866;8MJ-12MT ↔ 8MJ-12MT ↔ 8MJ-12MT ↔ JB/ZQ4492 24;Да;
WK-35;596;Прямая замена по строке;K1839 ↔ K1849 ↔ K1853 ↔ K1866;8MJ-6MT ↔ 8MJ-6MT ↔ 8MJ-6MT ↔ JB/ZQ4499 A24;Да;
WK-35;597;Прямая замена по строке;K1839 ↔ K1849 ↔ K1853 ↔ K1866;8MJ-8MT ↔ 8MJ-8MT ↔ 8MJ-8MT ↔ GB/T5781 M6X16;Да;
WK-35;598;Прямая замена по строке;K1839 ↔ K1849 ↔ K1853 ↔ K1866;24MJ-24MT9 ↔ 24MJ-24MT9 ↔ 24MJ-24MT9 ↔ GB/T93 6;Да;
WK-35;599;Прямая замена по строке;K1839 ↔ K1849 ↔ K1853 ↔ K1866;32MJ-32MT ↔ 32MJ-32MT ↔ 32MJ-32MT ↔ JB/ZQ4492 42;Да;
WK-35;600;Прямая замена по строке;K1839 ↔ K1849 ↔ K1853 ↔ K1866;32MJ-32MP ↔ 32MJ-32MP ↔ 32MJ-32MP ↔ JB/ZQ4499 A42;Да;
WK-35;601;Прямая замена по строке;K1839 ↔ K1849 ↔ K1853 ↔ K1866;K1838.91.01 ↔ K1838.91.01 ↔ K1838.91.01 ↔ GB/T70.1 M8X16;Да;
WK-35;602;Прямая замена по строке;K1839 ↔ K1849 ↔ K1853 ↔ K1866;K1892.91.02.00 ↔ K1892.91.02.00 ↔ K1892.91.02.00 ↔ GB/T93 8;Да;
WK-35;603;Прямая замена по строке;K1839 ↔ K1849 ↔ K1853 ↔ K1866;K1892.91.03.00 ↔ K1892.91.03.00 ↔ K1892.91.03.00 ↔ 1-13-14/8-8FJX/8-8FJX9/750;Да;
WK-35;604;Одинаковый номер;K1839 ↔ K1849 ↔ K1853;K1892.91.04.00 ↔ K1892.91.04.00 ↔ K1892.91.04.00;Да;
WK-35;605;Прямая замена по строке;K1839 ↔ K1849 ↔ K1853;JB/ZQ4321 ↔ JB/ZQ4519 38 ↔ JB/ZQ4519 38;;
WK-35;606;Прямая замена по строке;K1839 ↔ K1849 ↔ K1853;1SN52-2100/32-32FJX/32-32FJX ↔ H01058051-2100/32-32FJX/32-32FJX ↔ H01058051-2100/32-32FJX/32-32FJX;;
WK-35;607;Прямая замена по строке;K1839 ↔ K1849 ↔ K1853;1SN38-1200/24-24FJX/24-24FJX9 ↔ H01058038-1200/24-24FJX/24-24FJX9 ↔ H01058038-1200/24-24FJX/24-24FJX9;;
WK-35;608;Прямая замена по строке;K1839 ↔ K1849 ↔ K1853;1SN12-650/8-8FJX9/8-8FJX ↔ H01058012-750/8-8FJX9/8-8FJX ↔ H01058012-750/8-8FJX9/8-8FJX;;
WK-35;609;Прямая замена по строке;K1839 ↔ K1849 ↔ K1853;1SN12-2350/8-8FJX/8-8FJX9 ↔ H01058012-2350/8-8FJX/8-8FJX9 ↔ H01058012-2350/8-8FJX/8-8FJX9;;
WK-35;610;Прямая замена по строке;K1839 ↔ K1849 ↔ K1853;1SN12-1000/8-8FJX/8-8FJX9 ↔ H01058012-1100/8-8FJX/8-8FJX9 ↔ H01058012-1100/8-8FJX/8-8FJX9;;
WK-35;611;Прямая замена по строке;K1839 ↔ K1849 ↔ K1853;1SN12-700/8-8FJX/8-8FJX9 ↔ H01058012-850/8-8FJX/8-8FJX9 ↔ H01058012-850/8-8FJX/8-8FJX9;;
WK-35;612;Прямая замена по строке;K1839 ↔ K1849 ↔ K1853;1SN12-1500/8-8FJX/8-8FJX9 ↔ H01058012-1500/8-8FJX/8-8FJX9 ↔ H01058012-1500/8-8FJX/8-8FJX9;;
WK-35;613;Прямая замена по строке;K1839 ↔ K1849 ↔ K1853;K1838.91.00-01 ↔ K1849.91.00-01 ↔ K1849.91.00-01;;
WK-35;614;Прямая замена по строке;K1839 ↔ K1849 ↔ K1853;GB/T3287 ↔ GB/T3287  N8-1/2-FE-A ↔ GB/T3287  N8-1/2-FE-A;;
WK-35;615;Одинаковый номер;K1839 ↔ K1849 ↔ K1853;DV12-1-10/ ↔ DV12-1-10/ ↔ DV12-1-10/;Да;
WK-35;616;Прямая замена по строке;K1839 ↔ K1849 ↔ K1853;GB/T3287 ↔ 24MJ-32MP ↔ 24MJ-32MP;;
WK-35;617;Одинаковый номер;K1839 ↔ K1849 ↔ K1853;K1838.91.02 ↔ K1838.91.02 ↔ K1838.91.02;Да;
WK-35;618;Одинаковый номер;K1839 ↔ K1849 ↔ K1853;TA3020/C-50-120/242G12MH050D6 ↔ TA3020/C-50-120/242G12MH050D6 ↔ TA3020/C-50-120/242G12MH050D6;Да;
WK-35;619;Одинаковый номер;K1839 ↔ K1849 ↔ K1853;S10-A-BBS-GD-EGA4ZBG ↔ S10-A-BBS-GD-EGA4ZBG ↔ S10-A-BBS-GD-EGA4ZBG;Да;
WK-35;620;Одинаковый номер;K1839 ↔ K1849 ↔ K1853;K1623.91.07.00 ↔ K1623.91.07.00 ↔ K1623.91.07.00;Да;
WK-35;621;Прямая замена по строке;K1839 ↔ K1849 ↔ K1853;K1838.91.00-02 ↔ K1849.91.00-02 ↔ K1849.91.00-02;;
WK-35;622;Одинаковый номер;K1839 ↔ K1849 ↔ K1853;K1623.91.04 ↔ K1623.91.04 ↔ K1623.91.04;Да;
WK-35;623;Прямая замена по строке;K1839 ↔ K1849 ↔ K1853;K1838.91.00-03 ↔ N4-2X1.1/2-ZN-C ↔ N4-2X1.1/2-ZN-C;;
WK-35;624;Прямая замена по строке;K1839 ↔ K1849 ↔ K1853;S20 ↔ 8MJ-12MT9 ↔ 8MJ-12MT9;;
WK-35;625;Одинаковый номер;K1849 ↔ K1853;8MJ-6FJX ↔ 8MJ-6FJX;;
WK-35;626;Одинаковый номер;K1849 ↔ K1853;6MJ-4MT ↔ 6MJ-4MT;;
WK-35;627;Одинаковый номер;K1849 ↔ K1853;JB/ZQ4446  R1/2 ↔ JB/ZQ4446  R1/2;;
WK-35;628;Одинаковый номер;K1849 ↔ K1853;JB/ZQ4492 28 ↔ JB/ZQ4492 28;;
WK-35;629;Одинаковый номер;K1849 ↔ K1853;JB/ZQ4499 A28 ↔ JB/ZQ4499 A28;;
WK-35;630;Прямая замена по строке;K1849 ↔ K1853 ↔ K1866;GB/T70.1 M6X10 ↔ GB/T70.1 M6X10 ↔ K1857.92.00;;
WK-35;631;Прямая замена по строке;K1839 ↔ K1849 ↔ K1853 ↔ K1866;K1839.92.00 ↔ K1849.92.00 ↔ K1849.92.00 ↔ K1857.92.01.00;;
WK-35;632;Прямая замена по строке;K1839 ↔ K1849 ↔ K1853 ↔ K1866;K1839.92.01.00 ↔ K1849.92.01.00 ↔ K1849.92.01.00 ↔ K1857.92.02.00;;Элементы унифицированы
WK-35;633;Прямая замена по строке;K1839 ↔ K1849 ↔ K1853 ↔ K1866;K1839.92.02.00 ↔ K1849.92.02.00 ↔ K1849.92.02.00 ↔ K1857.92.03.00;;K1849, модернизация нового блока управления тормозами
WK-35;634;Прямая замена по строке;K1839 ↔ K1849 ↔ K1853 ↔ K1866;K1839.92.03.00 ↔ K1849.92.03.00 ↔ K1849.92.03.00 ↔ K1838.92.04.00;;K1849, модернизация нового блока управления тормозами
WK-35;635;Прямая замена по строке;K1839 ↔ K1849 ↔ K1853 ↔ K1866;K1838.92.04.00 ↔ K1838.92.04.00 ↔ K1838.92.04.00 ↔ K1849.92.05.00;Да;Идентичны
WK-35;636;Прямая замена по строке;K1839 ↔ K1849 ↔ K1853;K1839.92.05.00 ↔ K1849.92.05.00 ↔ K1849.92.05.00;;Элементы унифицированы
WK-35;637;Прямая замена по строке;K1839 ↔ K1849 ↔ K1853 ↔ K1866;K1838.93.00 ↔ K1849.93.00 ↔ K1849.93.00 ↔ K1857.93.00;;
WK-35;638;Прямая замена по строке;K1839 ↔ K1849 ↔ K1853 ↔ K1866;K1838.93.01.00 ↔ K1838.93.01.00 ↔ K1838.93.01.00 ↔ K1857.93.01.00;Да;Идентичны
WK-35;639;Прямая замена по строке;K1839 ↔ K1849 ↔ K1853 ↔ K1866;K1838.93.01 ↔ K1838.93.01 ↔ K1838.93.01 ↔ K1857.93.02.00;Да;
WK-35;640;Прямая замена по строке;K1839 ↔ K1849 ↔ K1853 ↔ K1866;K1838.93.02 ↔ K1838.93.02 ↔ K1838.93.02 ↔ K1857.93.03.00;Да;
WK-35;641;Прямая замена по строке;K1839 ↔ K1849 ↔ K1853 ↔ K1866;K1838.93.03 ↔ K1838.93.03 ↔ K1838.93.03 ↔ 16MJ-20MT9;Да;
WK-35;642;Прямая замена по строке;K1839 ↔ K1849 ↔ K1853 ↔ K1866;K1838.93.04 ↔ K1838.93.04 ↔ K1838.93.04 ↔ 16MJ-16FT;Да;
WK-35;643;Прямая замена по строке;K1839 ↔ K1849 ↔ K1853 ↔ K1866;K1838.93.05 ↔ K1838.93.05 ↔ K1838.93.05 ↔ K1842.93.03.01;Да;
WK-35;644;Прямая замена по строке;K1839 ↔ K1849 ↔ K1853 ↔ K1866;K1892.93.01 ↔ K1892.93.01 ↔ K1892.93.01 ↔ 16MJ-6MP;Да;
WK-35;645;Прямая замена по строке;K1839 ↔ K1849 ↔ K1853 ↔ K1866;K1892.93.02 ↔ K1892.93.02 ↔ K1892.93.02 ↔ H01058025-2000/16-16FJX/16-16FJX9;Да;
WK-35;646;Прямая замена по строке;K1839 ↔ K1849 ↔ K1853 ↔ K1866;K1892.91.02.00 ↔ K1892.91.02.00 ↔ K1892.91.02.00 ↔ H01058025-1500/16-16FJX/16-16FJX9;Да;
WK-35;647;Прямая замена по строке;K1839 ↔ K1849 ↔ K1853 ↔ K1866;F-1015-IIRN-013 ↔ F-1015-IIRN-013 ↔ F-1015-IIRN-013 ↔ H01058025-1000/16-16FJX/16-16FJX9;Да;
WK-35;648;Прямая замена по строке;K1839 ↔ K1849 ↔ K1853 ↔ K1866;F-1010-IIRN-016 ↔ F-1010-IIRN-016 ↔ F-1010-IIRN-016 ↔ JB/ZQ4492;Да;
WK-35;649;Прямая замена по строке;K1839 ↔ K1849 ↔ K1853 ↔ K1866;GB/T3287 ↔ GB/T3287 N8-1-ZN-A ↔ GB/T3287 N8-1-ZN-A ↔ JB/ZQ4499;;
WK-35;650;Прямая замена по строке;K1839 ↔ K1849 ↔ K1853 ↔ K1866;20MJ-16MP ↔ 20MJ-16MP ↔ 20MJ-16MP ↔ GB/T70.1;Да;
WK-35;651;Прямая замена по строке;K1839 ↔ K1849 ↔ K1853 ↔ K1866;20MJ-24MT ↔ 20MJ-24MT ↔ 20MJ-24MT ↔ H01058025-800/16-16FJX/16-16FJX9;Да;
WK-35;652;Прямая замена по строке;K1839 ↔ K1849 ↔ K1853 ↔ K1866;1SN25-2500/16-16FJX/16-16FJX ↔ H01058025-2500/16-16FJX/16-16FJX ↔ H01058025-2500/16-16FJX/16-16FJX ↔ 16MJ-24MP9;;
WK-35;653;Одинаковый номер;K1839 ↔ K1849 ↔ K1853;16MJ-16MT9 ↔ 16MJ-16MT9 ↔ 16MJ-16MT9;Да;
WK-35;654;Прямая замена по строке;K1839 ↔ K1849 ↔ K1853;1SN25-1600/16-16FJX/16-16FJX ↔ H01058025-1600/16-16FJX/16-16FJX ↔ H01058025-1600/16-16FJX/16-16FJX;;
WK-35;655;Прямая замена по строке;K1839 ↔ K1849 ↔ K1853;1SN32-1250/20-20FJX/20-20FJX9 ↔ H01058032-1250/20-20FJX/20-20FJX9 ↔ H01058032-1250/20-20FJX/20-20FJX9;;
WK-35;656;Одинаковый номер;K1839 ↔ K1849 ↔ K1853;16MJ-20MT9 ↔ 16MJ-20MT9 ↔ 16MJ-20MT9;Да;
WK-35;657;Одинаковый номер;K1839 ↔ K1849 ↔ K1853;Q11F-16P-1.1/2″ ↔ Q11F-16P-1.1/2″ ↔ Q11F-16P-1.1/2″;Да;
WK-35;658;Прямая замена по строке;K1839 ↔ K1849 ↔ K1853;GB/T3287 ↔ GB/T3287  A1-1.1/2-ZN-C ↔ GB/T3287  A1-1.1/2-ZN-C;;
WK-35;659;Прямая замена по строке;K1839 ↔ K1849 ↔ K1853;GB/T3287 ↔ GB/T3287  U1-1.1/2-ZN-C ↔ GB/T3287  U1-1.1/2-ZN-C;;
WK-35;660;Одинаковый номер;K1839 ↔ K1849 ↔ K1853;N8-1.1/2-ZN-A ↔ N8-1.1/2-ZN-A ↔ N8-1.1/2-ZN-A;Да;
WK-35;661;Прямая замена по строке;K1839 ↔ K1849 ↔ K1853;GB/T3287 ↔ GB/T3287 A1-1-ZN-A ↔ GB/T3287 A1-1-ZN-A;;
WK-35;662;Прямая замена по строке;K1839 ↔ K1849 ↔ K1853;GB/T3287 ↔ GB/T3287 U1-3/4-ZN-D ↔ GB/T3287 U1-3/4-ZN-D;;
WK-35;663;Прямая замена по строке;K1839 ↔ K1849 ↔ K1853;GB/T3287 ↔ GB/T3287 N8-3/4-ZN-A ↔ GB/T3287 N8-3/4-ZN-A;;
WK-35;664;Прямая замена по строке;K1839 ↔ K1849 ↔ K1853;GB/T3287 ↔ GB/T3287  N4-2X-ZN-B ↔ GB/T3287  N4-2X-ZN-B;;
WK-35;665;Одинаковый номер;K1839 ↔ K1849 ↔ K1853;DWE-FGR200G34A3TS75L ↔ DWE-FGR200G34A3TS75L ↔ DWE-FGR200G34A3TS75L;Да;
WK-35;666;Одинаковый номер;K1849 ↔ K1853;16MJ-12MT9 ↔ 16MJ-12MT9;;
WK-35;667;Одинаковый номер;K1849 ↔ K1853;JB/ZQ4519 38 ↔ JB/ZQ4519 38;;
WK-35;668;Одинаковый номер;K1849 ↔ K1853;JB/ZQ4519 30 ↔ JB/ZQ4519 30;;
WK-35;669;Одинаковый номер;K1849 ↔ K1853;JB/ZQ4519 52 ↔ JB/ZQ4519 52;;
WK-35;670;Прямая замена по строке;K1839 ↔ K1849 ↔ K1853 ↔ K1866;DK1839.00 ↔ DK1849.00 ↔ DK1853.00 ↔ DK1866.00;"Да; Идентичны";Электросистема управления: без значительных изменений, большинство узлов унифицированы.
WK-35;671;Прямая замена по строке;K1839 ↔ K1849 ↔ K1853 ↔ K1866;DK1839.01.00 ↔ DK1849.01.00 ↔ DK1853.01.00 ↔ DK1866.01.00;;
WK-35;672;Прямая замена по строке;K1839 ↔ K1849 ↔ K1853 ↔ K1866;DK1839.01.01 ↔ DK1849.01.01 ↔ DK1853.01.01 ↔ DK1866.01.01;;
WK-35;673;Прямая замена по строке;K1839 ↔ K1849 ↔ K1853 ↔ K1866;DK1839.01.02 ↔ DK1849.01.02 ↔ DK1853.01.02 ↔ DK1866.01.02;;
WK-35;674;Прямая замена по строке;K1839 ↔ K1849 ↔ K1853 ↔ K1866;DK1839.01.03 ↔ DK1849.01.03 ↔ DK1853.01.03 ↔ DK1866.01.03;;
WK-35;675;Прямая замена по строке;K1853 ↔ K1866;DK1853.01.04 ↔ DK1866.01.04;;
WK-35;676;Прямая замена по строке;K1839 ↔ K1849 ↔ K1853 ↔ K1866;DK1839.01.05 ↔ DK1849.01.05 ↔ DK1853.01.05 ↔ DK1866.01.05;;
WK-35;677;Прямая замена по строке;K1839 ↔ K1849 ↔ K1853 ↔ K1866;DK1839.01.12 ↔ DK1849.01.12 ↔ DK1853.01.12 ↔ DK1866.01.06;;
WK-35;678;Прямая замена по строке;K1839 ↔ K1849 ↔ K1853 ↔ K1866;DK1839.01.14 ↔ DK1849.01.14 ↔ DK1853.01.14 ↔ DK1866.01.07;;
WK-35;679;Прямая замена по строке;K1839 ↔ K1849 ↔ K1853 ↔ K1866;DK1839.01.15 ↔ DK1849.01.15 ↔ DK1853.01.15 ↔ DK1866.01.08;;
WK-35;680;Прямая замена по строке;K1839 ↔ K1849 ↔ K1853 ↔ K1866;DK1839.01.18 ↔ DK1849.01.18 ↔ DK1853.01.18 ↔ DK1866.01.09;;
WK-35;681;Прямая замена по строке;K1839 ↔ K1849 ↔ K1853 ↔ K1866;DK1839.01.24 ↔ DK1849.01.24 ↔ DK1853.01.24 ↔ DK1866.01.11;;
WK-35;682;Прямая замена по строке;K1839 ↔ K1849 ↔ K1853 ↔ K1866;DK1839.01.27 ↔ DK1849.01.27 ↔ DK1853.01.27 ↔ DK1866.01.11_03;;
WK-35;683;Прямая замена по строке;K1839 ↔ K1849 ↔ K1853 ↔ K1866;DK1839.01.28 ↔ DK1849.01.28 ↔ DK1853.01.28 ↔ DK1866.01.11_04;;
WK-35;684;Прямая замена по строке;K1839 ↔ K1849 ↔ K1853 ↔ K1866;DK1839.01.32 ↔ DK1849.01.32 ↔ DK1853.01.32 ↔ DK1866.01.11_06;;
WK-35;685;Прямая замена по строке;K1839 ↔ K1849 ↔ K1853 ↔ K1866;DK1839.01.36 ↔ DK1849.01.36 ↔ DK1853.01.36 ↔ DK1866.01.11_07;;
WK-35;686;Прямая замена по строке;K1839 ↔ K1849 ↔ K1853 ↔ K1866;DK1839.01.51 ↔ DK1849.01.51 ↔ DK1853.01.51 ↔ DK1866.01.11_09;;
WK-35;687;Прямая замена по строке;K1839 ↔ K1853 ↔ K1866;DK1839.01.25 ↔ DK1637.01.32 ↔ DK1866.01.11_11;;
WK-35;688;Прямая замена по строке;K1853 ↔ K1866;DK1637.01.36 ↔ DK1866.01.11_12;;
WK-35;689;Прямая замена по строке;K1853 ↔ K1866;DK1637.01.51 ↔ DK1866.01.11_14;;
WK-35;690;Прямая замена по строке;K1839 ↔ K1849 ↔ K1853 ↔ K1866;YJ13L2 ↔ YJ13L2 ↔ YJ13L6 ↔ DK1866.01.11_15;;Универсальный
WK-35;691;Прямая замена по строке;K1839 ↔ K1849 ↔ K1853 ↔ K1866;YJ102B1 ↔ YJ102B1 ↔ YJ13L7 ↔ DK1866.01.11_17;;Универсальный
WK-35;692;Прямая замена по строке;K1839 ↔ K1849 ↔ K1853 ↔ K1866;YJ108A ↔ YJ108A ↔ YJ108A1 ↔ DK1866.01.11_20;;Универсальный
WK-35;693;Прямая замена по строке;K1839 ↔ K1849 ↔ K1853 ↔ K1866;YJ109AX1 ↔ YJ109AX1 ↔ YJ109A2 ↔ DK1866.01.11_22;;Универсальный
